id,component,cluster_louvain,cluster_leiden,degree,closeness,eigen_centrality,Label
1,0,6,2,101,0.1559951677169796,0.0001217176656566398,https://openalex.org/W2546189960
105,0,6,2,1,0.13361789351038744,1.3531341390346514e-06,https://openalex.org/W120594219
106,0,6,2,1,0.13361789351038744,1.3531341390346514e-06,https://openalex.org/W1483220644
107,0,6,2,1,0.13361789351038744,1.3531341390346514e-06,https://openalex.org/W1540606636
108,0,6,2,1,0.13361789351038744,1.3531341390346514e-06,https://openalex.org/W1550621568
109,0,6,2,1,0.13361789351038744,1.3531341390346514e-06,https://openalex.org/W1574803128
110,0,6,2,1,0.13361789351038744,1.3531341390346514e-06,https://openalex.org/W1584932017
111,0,6,2,1,0.13361789351038744,1.3531341390346514e-06,https://openalex.org/W1589480494
112,0,6,2,1,0.13361789351038744,1.3531341390346514e-06,https://openalex.org/W1604841909
113,0,6,2,1,0.13361789351038744,1.3531341390346514e-06,https://openalex.org/W1660505426
114,0,6,2,1,0.13361789351038744,1.3531341390346514e-06,https://openalex.org/W1770203355
115,0,6,2,1,0.13361789351038744,1.3531341390346514e-06,https://openalex.org/W1922999250
116,0,6,2,1,0.13361789351038744,1.3531341390346514e-06,https://openalex.org/W1976353169
117,0,6,2,1,0.13361789351038744,1.3531341390346514e-06,https://openalex.org/W1983705375
118,0,6,2,1,0.13361789351038744,1.3531341390346514e-06,https://openalex.org/W1988874674
119,0,6,2,1,0.13361789351038744,1.3531341390346514e-06,https://openalex.org/W1993841658
120,0,6,2,1,0.13361789351038744,1.3531341390346514e-06,https://openalex.org/W1996927734
121,0,6,2,1,0.13361789351038744,1.3531341390346514e-06,https://openalex.org/W2003768123
122,0,6,2,1,0.13361789351038744,1.3531341390346514e-06,https://openalex.org/W2005320215
123,0,6,2,1,0.13361789351038744,1.3531341390346514e-06,https://openalex.org/W2009850892
124,0,6,2,1,0.13361789351038744,1.3531341390346514e-06,https://openalex.org/W2017461502
125,0,6,2,1,0.13361789351038744,1.3531341390346514e-06,https://openalex.org/W2025657099
126,0,6,2,1,0.13361789351038744,1.3531341390346514e-06,https://openalex.org/W2032087755
127,0,6,2,1,0.13361789351038744,1.3531341390346514e-06,https://openalex.org/W2044954060
128,0,6,2,1,0.13361789351038744,1.3531341390346514e-06,https://openalex.org/W2045445734
129,0,6,2,1,0.13361789351038744,1.3531341390346514e-06,https://openalex.org/W2046474513
130,0,6,2,1,0.13361789351038744,1.3531341390346514e-06,https://openalex.org/W2064457491
131,0,6,2,1,0.13361789351038744,1.3531341390346514e-06,https://openalex.org/W2065470838
132,0,6,2,1,0.13361789351038744,1.3531341390346514e-06,https://openalex.org/W2066246414
133,0,6,2,1,0.13361789351038744,1.3531341390346514e-06,https://openalex.org/W2075241875
134,0,6,2,1,0.13361789351038744,1.3531341390346514e-06,https://openalex.org/W2075609656
135,0,6,2,1,0.13361789351038744,1.3531341390346514e-06,https://openalex.org/W2085741700
136,0,6,2,1,0.13361789351038744,1.3531341390346514e-06,https://openalex.org/W2088954859
137,0,6,2,1,0.13361789351038744,1.3531341390346514e-06,https://openalex.org/W2101168279
138,0,6,2,1,0.13361789351038744,1.3531341390346514e-06,https://openalex.org/W2109237375
139,0,6,2,1,0.13361789351038744,1.3531341390346514e-06,https://openalex.org/W2121225721
140,0,6,2,1,0.13361789351038744,1.3531341390346514e-06,https://openalex.org/W2126417862
141,0,6,2,1,0.13361789351038744,1.3531341390346514e-06,https://openalex.org/W2130597043
142,0,6,2,1,0.13361789351038744,1.3531341390346514e-06,https://openalex.org/W2130819865
143,0,6,2,1,0.13361789351038744,1.3531341390346514e-06,https://openalex.org/W2133469585
144,0,6,2,1,0.13361789351038744,1.3531341390346514e-06,https://openalex.org/W2143069758
145,0,6,2,1,0.13361789351038744,1.3531341390346514e-06,https://openalex.org/W2147564395
146,0,6,2,1,0.13361789351038744,1.3531341390346514e-06,https://openalex.org/W2151870980
147,0,6,2,1,0.13361789351038744,1.3531341390346514e-06,https://openalex.org/W2158024270
148,0,6,2,1,0.13361789351038744,1.3531341390346514e-06,https://openalex.org/W2166940788
149,0,6,2,1,0.13361789351038744,1.3531341390346514e-06,https://openalex.org/W2167825607
150,0,6,2,1,0.13361789351038744,1.3531341390346514e-06,https://openalex.org/W2168485380
151,0,6,2,1,0.13361789351038744,1.3531341390346514e-06,https://openalex.org/W2188697633
152,0,6,2,1,0.13361789351038744,1.3531341390346514e-06,https://openalex.org/W2209011507
153,0,6,2,1,0.13361789351038744,1.3531341390346514e-06,https://openalex.org/W2240061113
154,0,6,2,1,0.13361789351038744,1.3531341390346514e-06,https://openalex.org/W22440634
155,0,6,2,1,0.13361789351038744,1.3531341390346514e-06,https://openalex.org/W2268277402
156,0,6,2,1,0.13361789351038744,1.3531341390346514e-06,https://openalex.org/W2312515356
157,0,6,2,1,0.13361789351038744,1.3531341390346514e-06,https://openalex.org/W2319271087
158,0,6,2,1,0.13361789351038744,1.3531341390346514e-06,https://openalex.org/W2323221925
159,0,6,2,1,0.13361789351038744,1.3531341390346514e-06,https://openalex.org/W2338852780
160,0,6,2,1,0.13361789351038744,1.3531341390346514e-06,https://openalex.org/W2340087897
161,0,6,2,1,0.13361789351038744,1.3531341390346514e-06,https://openalex.org/W2419456313
162,0,6,2,1,0.13361789351038744,1.3531341390346514e-06,https://openalex.org/W2474704289
163,0,6,2,1,0.13361789351038744,1.3531341390346514e-06,https://openalex.org/W2599868300
164,0,6,2,1,0.13361789351038744,1.3531341390346514e-06,https://openalex.org/W2606855838
165,0,6,2,1,0.13361789351038744,1.3531341390346514e-06,https://openalex.org/W2777511750
166,0,6,2,1,0.13361789351038744,1.3531341390346514e-06,https://openalex.org/W2782011318
167,0,6,2,1,0.13361789351038744,1.3531341390346514e-06,https://openalex.org/W2785433234
168,0,6,2,1,0.13361789351038744,1.3531341390346514e-06,https://openalex.org/W2891897418
169,0,6,2,1,0.13361789351038744,1.3531341390346514e-06,https://openalex.org/W2953530796
170,0,6,2,1,0.13361789351038744,1.3531341390346514e-06,https://openalex.org/W3011865677
171,0,6,2,1,0.13361789351038744,1.3531341390346514e-06,https://openalex.org/W3121854767
172,0,6,2,1,0.13361789351038744,1.3531341390346514e-06,https://openalex.org/W3121995747
173,0,6,2,1,0.13361789351038744,1.3531341390346514e-06,https://openalex.org/W3122047221
174,0,6,2,1,0.13361789351038744,1.3531341390346514e-06,https://openalex.org/W3122321297
175,0,6,2,1,0.13361789351038744,1.3531341390346514e-06,https://openalex.org/W3122933983
176,0,6,2,1,0.13361789351038744,1.3531341390346514e-06,https://openalex.org/W3123886011
177,0,6,2,1,0.13361789351038744,1.3531341390346514e-06,https://openalex.org/W3124294801
178,0,6,2,1,0.13361789351038744,1.3531341390346514e-06,https://openalex.org/W3124319319
179,0,6,2,1,0.13361789351038744,1.3531341390346514e-06,https://openalex.org/W3124526872
180,0,6,2,1,0.13361789351038744,1.3531341390346514e-06,https://openalex.org/W3124689133
181,0,6,2,1,0.13361789351038744,1.3531341390346514e-06,https://openalex.org/W3124704578
182,0,6,2,1,0.13361789351038744,1.3531341390346514e-06,https://openalex.org/W3124915837
183,0,6,2,1,0.13361789351038744,1.3531341390346514e-06,https://openalex.org/W3125242204
184,0,6,2,1,0.13361789351038744,1.3531341390346514e-06,https://openalex.org/W3125678016
185,0,6,2,1,0.13361789351038744,1.3531341390346514e-06,https://openalex.org/W3125685058
186,0,6,2,1,0.13361789351038744,1.3531341390346514e-06,https://openalex.org/W3126062738
187,0,6,2,1,0.13361789351038744,1.3531341390346514e-06,https://openalex.org/W3126071966
188,0,6,2,1,0.13361789351038744,1.3531341390346514e-06,https://openalex.org/W409377103
189,0,6,2,1,0.13361789351038744,1.3531341390346514e-06,https://openalex.org/W4230345302
190,0,6,2,1,0.13361789351038744,1.3531341390346514e-06,https://openalex.org/W4233414700
191,0,6,2,1,0.13361789351038744,1.3531341390346514e-06,https://openalex.org/W4235879598
192,0,6,2,1,0.13361789351038744,1.3531341390346514e-06,https://openalex.org/W4249013019
193,0,6,2,1,0.13361789351038744,1.3531341390346514e-06,https://openalex.org/W4253813278
194,0,6,2,11,0.1851814782206365,0.0012032249201867648,https://openalex.org/W4285719527
308,0,6,2,11,0.1851814782206365,0.0012032249201867648,https://openalex.org/W4285719527
479,0,6,2,11,0.1851814782206365,0.0012032249201867648,https://openalex.org/W4285719527
738,0,6,2,11,0.1851814782206365,0.0012032249201867648,https://openalex.org/W4285719527
826,0,6,2,11,0.1851814782206365,0.0012032249201867648,https://openalex.org/W4285719527
1316,0,6,2,11,0.1851814782206365,0.0012032249201867648,https://openalex.org/W4285719527
1692,0,6,2,11,0.1851814782206365,0.0012032249201867648,https://openalex.org/W4285719527
2059,0,6,2,11,0.1851814782206365,0.0012032249201867648,https://openalex.org/W4285719527
2537,0,6,2,11,0.1851814782206365,0.0012032249201867648,https://openalex.org/W4285719527
195,0,6,2,1,0.13361789351038744,1.3531341390346514e-06,https://openalex.org/W573540759
196,0,6,2,1,0.13361789351038744,1.3531341390346514e-06,https://openalex.org/W642841646
197,0,6,2,1,0.13361789351038744,1.3531341390346514e-06,https://openalex.org/W83581033
4,0,11,0,17,0.13192934941672904,3.8078739399053767e-07,https://openalex.org/W2118188388
198,0,11,0,1,0.11556168527252812,4.2360969489903195e-09,https://openalex.org/W1524256431
199,0,11,0,1,0.11556168527252812,4.2360969489903195e-09,https://openalex.org/W1532460262
200,0,11,0,1,0.11556168527252812,4.2360969489903195e-09,https://openalex.org/W154238464
201,0,11,0,1,0.11556168527252812,4.2360969489903195e-09,https://openalex.org/W2013649179
202,0,11,0,1,0.11556168527252812,4.2360969489903195e-09,https://openalex.org/W2050302634
203,0,11,0,1,0.11556168527252812,4.2360969489903195e-09,https://openalex.org/W2089031929
204,0,11,0,1,0.11556168527252812,4.2360969489903195e-09,https://openalex.org/W2091501695
205,0,11,0,1,0.11556168527252812,4.2360969489903195e-09,https://openalex.org/W2115323158
206,0,11,0,1,0.11556168527252812,4.2360969489903195e-09,https://openalex.org/W2132830447
207,0,11,0,1,0.11556168527252812,4.2360969489903195e-09,https://openalex.org/W2168274585
208,0,11,0,3,0.15345995298912882,1.7109276112536384e-05,https://openalex.org/W2172151487
2245,0,11,0,3,0.15345995298912882,1.7109276112536384e-05,https://openalex.org/W2172151487
209,0,11,0,1,0.11556168527252812,4.2360969489903195e-09,https://openalex.org/W2264875384
210,0,11,0,1,0.11556168527252812,4.2360969489903195e-09,https://openalex.org/W2891007566
211,0,11,0,1,0.11556168527252812,4.2360969489903195e-09,https://openalex.org/W2902662261
212,0,11,0,1,0.11556168527252812,4.2360969489903195e-09,https://openalex.org/W2976368678
213,0,11,0,1,0.11556168527252812,4.2360969489903195e-09,https://openalex.org/W2989330452
6,0,13,3,54,0.07406391971353109,1.591088663094003e-18,https://openalex.org/W2742808058
214,0,13,3,1,0.06860864119561255,1.5255086541316961e-19,https://openalex.org/W132342118
215,0,13,3,1,0.06860864119561255,1.5255086541316961e-19,https://openalex.org/W14129648
216,0,13,3,1,0.06860864119561255,1.5255086541316961e-19,https://openalex.org/W1490808151
217,0,13,3,1,0.06860864119561255,1.5255086541316961e-19,https://openalex.org/W1491061445
218,0,13,3,1,0.06860864119561255,1.5255086541316961e-19,https://openalex.org/W1516513156
219,0,13,3,1,0.06860864119561255,1.5255086541316961e-19,https://openalex.org/W1539265701
220,0,13,3,1,0.06860864119561255,1.5255086541316961e-19,https://openalex.org/W1546500700
221,0,13,3,1,0.06860864119561255,1.5255086541316961e-19,https://openalex.org/W1552063689
222,0,13,3,1,0.06860864119561255,1.5255086541316961e-19,https://openalex.org/W1579081857
223,0,13,3,1,0.06860864119561255,1.5255086541316961e-19,https://openalex.org/W1907855292
224,0,13,3,1,0.06860864119561255,1.5255086541316961e-19,https://openalex.org/W1919445689
225,0,13,3,2,0.07988055583244728,1.4480098940501e-18,https://openalex.org/W19449966
613,0,13,3,2,0.07988055583244728,1.4480098940501e-18,https://openalex.org/W19449966
226,0,13,3,1,0.06860864119561255,1.5255086541316961e-19,https://openalex.org/W1968381883
227,0,13,3,1,0.06860864119561255,1.5255086541316961e-19,https://openalex.org/W1969999249
228,0,13,3,1,0.06860864119561255,1.5255086541316961e-19,https://openalex.org/W1973689223
229,0,13,3,1,0.06860864119561255,1.5255086541316961e-19,https://openalex.org/W1976644211
230,0,13,3,1,0.06860864119561255,1.5255086541316961e-19,https://openalex.org/W1993830193
231,0,13,3,1,0.06860864119561255,1.5255086541316961e-19,https://openalex.org/W2007254456
232,0,13,3,1,0.06860864119561255,1.5255086541316961e-19,https://openalex.org/W2016753875
233,0,13,3,1,0.06860864119561255,1.5255086541316961e-19,https://openalex.org/W2030200233
234,0,13,3,2,0.0686473526685094,1.7087831935321468e-19,https://openalex.org/W2033282520
548,0,13,3,2,0.0686473526685094,1.7087831935321468e-19,https://openalex.org/W2033282520
235,0,13,3,1,0.06860864119561255,1.5255086541316961e-19,https://openalex.org/W2036602832
236,0,13,3,1,0.06860864119561255,1.5255086541316961e-19,https://openalex.org/W2050541054
237,0,13,3,2,0.06906099927877286,3.0840556303683536e-18,https://openalex.org/W2057691077
2564,0,13,3,2,0.06906099927877286,3.0840556303683536e-18,https://openalex.org/W2057691077
238,0,13,3,1,0.06860864119561255,1.5255086541316961e-19,https://openalex.org/W2074981533
239,0,13,3,1,0.06860864119561255,1.5255086541316961e-19,https://openalex.org/W2085567500
240,0,13,3,1,0.06860864119561255,1.5255086541316961e-19,https://openalex.org/W2093151073
241,0,13,3,1,0.06860864119561255,1.5255086541316961e-19,https://openalex.org/W2112162246
242,0,13,3,1,0.06860864119561255,1.5255086541316961e-19,https://openalex.org/W2131402323
243,0,13,3,1,0.06860864119561255,1.5255086541316961e-19,https://openalex.org/W2173653987
244,0,13,3,1,0.06860864119561255,1.5255086541316961e-19,https://openalex.org/W2186981574
245,0,13,3,1,0.06860864119561255,1.5255086541316961e-19,https://openalex.org/W23980768
246,0,13,3,1,0.06860864119561255,1.5255086541316961e-19,https://openalex.org/W2480918679
247,0,13,3,1,0.06860864119561255,1.5255086541316961e-19,https://openalex.org/W2481381000
248,0,13,3,1,0.06860864119561255,1.5255086541316961e-19,https://openalex.org/W2518292713
249,0,13,3,1,0.06860864119561255,1.5255086541316961e-19,https://openalex.org/W2524551678
250,0,13,3,1,0.06860864119561255,1.5255086541316961e-19,https://openalex.org/W255604591
251,0,13,3,1,0.06860864119561255,1.5255086541316961e-19,https://openalex.org/W2565605152
252,0,13,3,1,0.06860864119561255,1.5255086541316961e-19,https://openalex.org/W2604406046
253,0,13,3,1,0.06860864119561255,1.5255086541316961e-19,https://openalex.org/W2608291093
254,0,13,3,1,0.06860864119561255,1.5255086541316961e-19,https://openalex.org/W2617826829
255,0,13,3,1,0.06860864119561255,1.5255086541316961e-19,https://openalex.org/W2727755688
256,0,13,3,1,0.06860864119561255,1.5255086541316961e-19,https://openalex.org/W2992737798
257,0,13,3,1,0.06860864119561255,1.5255086541316961e-19,https://openalex.org/W419726280
258,0,13,3,1,0.06860864119561255,1.5255086541316961e-19,https://openalex.org/W4242675370
259,0,13,3,1,0.06860864119561255,1.5255086541316961e-19,https://openalex.org/W4251925831
260,0,13,3,2,0.07988055583244728,1.4480098940501e-18,https://openalex.org/W4366452411
663,0,13,3,2,0.07988055583244728,1.4480098940501e-18,https://openalex.org/W4366452411
261,0,13,3,1,0.06860864119561255,1.5255086541316961e-19,https://openalex.org/W4402110396
262,0,13,3,1,0.06860864119561255,1.5255086541316961e-19,https://openalex.org/W47750800
263,0,13,3,1,0.06860864119561255,1.5255086541316961e-19,https://openalex.org/W593950806
9,0,18,3,36,0.10353385955437805,1.3284413344251128e-13,https://openalex.org/W2523280788
264,0,18,7,2,0.11348053850995202,5.9714430721334185e-12,https://openalex.org/W1496437928
3067,0,18,7,2,0.11348053850995202,5.9714430721334185e-12,https://openalex.org/W1496437928
265,0,18,3,3,0.09326777954254371,1.532562060226666e-15,https://openalex.org/W1524453245
1732,0,18,3,3,0.09326777954254371,1.532562060226666e-15,https://openalex.org/W1524453245
266,0,18,3,1,0.09317711894208702,1.4876405058750879e-15,https://openalex.org/W1594907370
267,0,18,3,3,0.09326777954254371,1.532562060226666e-15,https://openalex.org/W159971562
1734,0,18,3,3,0.09326777954254371,1.532562060226666e-15,https://openalex.org/W159971562
268,0,18,3,3,0.09326777954254371,1.532562060226666e-15,https://openalex.org/W1711668075
1735,0,18,3,3,0.09326777954254371,1.532562060226666e-15,https://openalex.org/W1711668075
269,0,18,3,1,0.09317711894208702,1.4876405058750879e-15,https://openalex.org/W1906467711
270,0,18,3,3,0.09326777954254371,1.532562060226666e-15,https://openalex.org/W1988533717
1739,0,18,3,3,0.09326777954254371,1.532562060226666e-15,https://openalex.org/W1988533717
271,0,18,3,3,0.09326777954254371,1.532562060226666e-15,https://openalex.org/W2002407086
1741,0,18,3,3,0.09326777954254371,1.532562060226666e-15,https://openalex.org/W2002407086
272,0,18,3,1,0.09317711894208702,1.4876405058750879e-15,https://openalex.org/W2028534249
273,0,18,3,1,0.09317711894208702,1.4876405058750879e-15,https://openalex.org/W2037053096
274,0,18,3,3,0.09326777954254371,1.532562060226666e-15,https://openalex.org/W2053420201
1744,0,18,3,3,0.09326777954254371,1.532562060226666e-15,https://openalex.org/W2053420201
275,0,18,3,3,0.09326777954254371,1.532562060226666e-15,https://openalex.org/W2080707037
1747,0,18,3,3,0.09326777954254371,1.532562060226666e-15,https://openalex.org/W2080707037
276,0,18,3,1,0.09317711894208702,1.4876405058750879e-15,https://openalex.org/W20917856
277,0,18,3,1,0.09317711894208702,1.4876405058750879e-15,https://openalex.org/W2091981949
278,0,18,3,1,0.09317711894208702,1.4876405058750879e-15,https://openalex.org/W2097993933
279,0,18,3,1,0.09317711894208702,1.4876405058750879e-15,https://openalex.org/W2113436604
280,0,18,3,1,0.09317711894208702,1.4876405058750879e-15,https://openalex.org/W2122997249
281,0,18,3,1,0.09317711894208702,1.4876405058750879e-15,https://openalex.org/W2127159166
282,0,18,3,3,0.09326777954254371,1.532562060226666e-15,https://openalex.org/W2139866268
1754,0,18,3,3,0.09326777954254371,1.532562060226666e-15,https://openalex.org/W2139866268
59,0,18,3,50,0.0933972072090972,1.8296877530216536e-15,https://openalex.org/W2183435816
283,0,18,3,50,0.0933972072090972,1.8296877530216536e-15,https://openalex.org/W2183435816
284,0,18,3,3,0.09326777954254371,1.532562060226666e-15,https://openalex.org/W2566185324
1759,0,18,3,3,0.09326777954254371,1.532562060226666e-15,https://openalex.org/W2566185324
285,0,18,3,1,0.09317711894208702,1.4876405058750879e-15,https://openalex.org/W2888724355
286,0,13,3,4,0.09481371612159915,1.495549657337479e-15,https://openalex.org/W3216779397
654,0,13,3,4,0.09481371612159915,1.495549657337479e-15,https://openalex.org/W3216779397
800,0,13,3,4,0.09481371612159915,1.495549657337479e-15,https://openalex.org/W3216779397
11,0,6,2,58,0.15899024984745236,0.00012180913507478417,https://openalex.org/W2612367365
287,0,6,2,3,0.13776108400683357,2.7093144114823598e-06,https://openalex.org/W1502142963
486,0,6,2,3,0.13776108400683357,2.7093144114823598e-06,https://openalex.org/W1502142963
805,0,6,2,3,0.13776108400683357,2.7093144114823598e-06,https://openalex.org/W1502142963
32,0,6,2,58,0.15899024984745236,0.00012180913507478417,https://openalex.org/W2612367365
288,0,6,2,2,0.13582095366959693,2.708302881469664e-06,https://openalex.org/W1524144569
806,0,6,2,2,0.13582095366959693,2.708302881469664e-06,https://openalex.org/W1524144569
289,0,6,2,2,0.13582095366959693,2.708302881469664e-06,https://openalex.org/W1553879074
807,0,6,2,2,0.13582095366959693,2.708302881469664e-06,https://openalex.org/W1553879074
290,0,6,2,2,0.13582095366959693,2.708302881469664e-06,https://openalex.org/W1560831680
808,0,6,2,2,0.13582095366959693,2.708302881469664e-06,https://openalex.org/W1560831680
291,0,6,2,2,0.13582095366959693,2.708302881469664e-06,https://openalex.org/W1571111489
809,0,6,2,2,0.13582095366959693,2.708302881469664e-06,https://openalex.org/W1571111489
292,0,6,2,2,0.13582095366959693,2.708302881469664e-06,https://openalex.org/W1791470807
810,0,6,2,2,0.13582095366959693,2.708302881469664e-06,https://openalex.org/W1791470807
293,0,6,2,2,0.13582095366959693,2.708302881469664e-06,https://openalex.org/W2022468638
811,0,6,2,2,0.13582095366959693,2.708302881469664e-06,https://openalex.org/W2022468638
294,0,6,2,2,0.13582095366959693,2.708302881469664e-06,https://openalex.org/W2033739153
812,0,6,2,2,0.13582095366959693,2.708302881469664e-06,https://openalex.org/W2033739153
295,0,6,2,2,0.13582095366959693,2.708302881469664e-06,https://openalex.org/W2061631194
813,0,6,2,2,0.13582095366959693,2.708302881469664e-06,https://openalex.org/W2061631194
296,0,6,2,2,0.13582095366959693,2.708302881469664e-06,https://openalex.org/W2129688108
814,0,6,2,2,0.13582095366959693,2.708302881469664e-06,https://openalex.org/W2129688108
297,0,6,2,2,0.13582095366959693,2.708302881469664e-06,https://openalex.org/W2133907116
815,0,6,2,2,0.13582095366959693,2.708302881469664e-06,https://openalex.org/W2133907116
298,0,6,2,2,0.13582095366959693,2.708302881469664e-06,https://openalex.org/W2136107756
816,0,6,2,2,0.13582095366959693,2.708302881469664e-06,https://openalex.org/W2136107756
299,0,6,2,2,0.13582095366959693,2.708302881469664e-06,https://openalex.org/W2141441330
817,0,6,2,2,0.13582095366959693,2.708302881469664e-06,https://openalex.org/W2141441330
300,0,6,2,2,0.13582095366959693,2.708302881469664e-06,https://openalex.org/W2147463411
818,0,6,2,2,0.13582095366959693,2.708302881469664e-06,https://openalex.org/W2147463411
301,0,6,2,2,0.13582095366959693,2.708302881469664e-06,https://openalex.org/W2151301230
819,0,6,2,2,0.13582095366959693,2.708302881469664e-06,https://openalex.org/W2151301230
302,0,6,2,2,0.13582095366959693,2.708302881469664e-06,https://openalex.org/W2168461232
820,0,6,2,2,0.13582095366959693,2.708302881469664e-06,https://openalex.org/W2168461232
303,0,6,2,2,0.13582095366959693,2.708302881469664e-06,https://openalex.org/W2188166022
821,0,6,2,2,0.13582095366959693,2.708302881469664e-06,https://openalex.org/W2188166022
304,0,6,2,2,0.13582095366959693,2.708302881469664e-06,https://openalex.org/W2506436885
822,0,6,2,2,0.13582095366959693,2.708302881469664e-06,https://openalex.org/W2506436885
305,0,6,2,2,0.13582095366959693,2.708302881469664e-06,https://openalex.org/W2611582501
823,0,6,2,2,0.13582095366959693,2.708302881469664e-06,https://openalex.org/W2611582501
306,0,6,2,2,0.13582095366959693,2.708302881469664e-06,https://openalex.org/W4247152865
824,0,6,2,2,0.13582095366959693,2.708302881469664e-06,https://openalex.org/W4247152865
307,0,6,2,4,0.13919167521626827,2.711330935917269e-06,https://openalex.org/W4250445487
825,0,6,2,4,0.13919167521626827,2.711330935917269e-06,https://openalex.org/W4250445487
877,0,6,2,4,0.13919167521626827,2.711330935917269e-06,https://openalex.org/W4250445487
3503,0,6,2,4,0.13919167521626827,2.711330935917269e-06,https://openalex.org/W4250445487
309,0,6,2,2,0.13582095366959693,2.708302881469664e-06,https://openalex.org/W648965654
827,0,6,2,2,0.13582095366959693,2.708302881469664e-06,https://openalex.org/W648965654
310,0,6,2,2,0.13582095366959693,2.708302881469664e-06,https://openalex.org/W654657680
828,0,6,2,2,0.13582095366959693,2.708302881469664e-06,https://openalex.org/W654657680
14,0,0,5,59,0.14673299985921295,3.2778996702481204e-06,https://openalex.org/W4220958171
311,0,0,5,3,0.12689117136527386,5.854751878045397e-08,https://openalex.org/W1552089836
1974,0,0,5,3,0.12689117136527386,5.854751878045397e-08,https://openalex.org/W1552089836
312,0,0,5,3,0.12689117136527386,5.854751878045397e-08,https://openalex.org/W1893551219
1975,0,0,5,3,0.12689117136527386,5.854751878045397e-08,https://openalex.org/W1893551219
313,0,0,5,3,0.12689117136527386,5.854751878045397e-08,https://openalex.org/W1981722146
1978,0,0,5,3,0.12689117136527386,5.854751878045397e-08,https://openalex.org/W1981722146
314,0,0,5,3,0.12689117136527386,5.854751878045397e-08,https://openalex.org/W1982986492
1980,0,0,5,3,0.12689117136527386,5.854751878045397e-08,https://openalex.org/W1982986492
315,0,0,0,5,0.14181887518336303,2.1149435530024943e-06,https://openalex.org/W2017305439
1161,0,0,0,5,0.14181887518336303,2.1149435530024943e-06,https://openalex.org/W2017305439
1983,0,0,0,5,0.14181887518336303,2.1149435530024943e-06,https://openalex.org/W2017305439
316,0,0,5,1,0.12676404628375862,3.6432494192365666e-08,https://openalex.org/W2032039690
43,0,0,0,70,0.16619050178443376,9.248813342391126e-05,https://openalex.org/W2041761637
317,0,0,0,70,0.16619050178443376,9.248813342391126e-05,https://openalex.org/W2041761637
318,0,0,5,3,0.12689117136527386,5.854751878045397e-08,https://openalex.org/W2045333532
1985,0,0,5,3,0.12689117136527386,5.854751878045397e-08,https://openalex.org/W2045333532
319,0,0,5,4,0.12715640997567682,5.858578707333941e-08,https://openalex.org/W2048889445
755,0,0,5,4,0.12715640997567682,5.858578707333941e-08,https://openalex.org/W2048889445
1986,0,0,5,4,0.12715640997567682,5.858578707333941e-08,https://openalex.org/W2048889445
320,0,0,5,1,0.12676404628375862,3.6432494192365666e-08,https://openalex.org/W2055690472
321,0,0,5,3,0.12689117136527386,5.854751878045397e-08,https://openalex.org/W2064569513
1989,0,0,5,3,0.12689117136527386,5.854751878045397e-08,https://openalex.org/W2064569513
322,0,0,5,3,0.12689117136527386,5.854751878045397e-08,https://openalex.org/W2070195344
1990,0,0,5,3,0.12689117136527386,5.854751878045397e-08,https://openalex.org/W2070195344
323,0,0,5,3,0.12689117136527386,5.854751878045397e-08,https://openalex.org/W2107750653
1993,0,0,5,3,0.12689117136527386,5.854751878045397e-08,https://openalex.org/W2107750653
324,0,0,5,3,0.12689117136527386,5.854751878045397e-08,https://openalex.org/W2116594433
1996,0,0,5,3,0.12689117136527386,5.854751878045397e-08,https://openalex.org/W2116594433
325,0,0,5,3,0.12689117136527386,5.854751878045397e-08,https://openalex.org/W2117939261
1997,0,0,5,3,0.12689117136527386,5.854751878045397e-08,https://openalex.org/W2117939261
326,0,0,0,3,0.14167278802243427,2.092828528414406e-06,https://openalex.org/W2118826874
1172,0,0,0,3,0.14167278802243427,2.092828528414406e-06,https://openalex.org/W2118826874
327,0,0,5,3,0.12689117136527386,5.854751878045397e-08,https://openalex.org/W2142916408
1999,0,0,5,3,0.12689117136527386,5.854751878045397e-08,https://openalex.org/W2142916408
328,0,0,5,3,0.12689117136527386,5.854751878045397e-08,https://openalex.org/W2160237435
2002,0,0,5,3,0.12689117136527386,5.854751878045397e-08,https://openalex.org/W2160237435
329,0,0,5,1,0.12676404628375862,3.6432494192365666e-08,https://openalex.org/W2329373558
330,0,0,5,5,0.1449179957378098,7.3500663201448875e-06,https://openalex.org/W2333387201
1343,0,0,5,5,0.1449179957378098,7.3500663201448875e-06,https://openalex.org/W2333387201
2005,0,0,5,5,0.1449179957378098,7.3500663201448875e-06,https://openalex.org/W2333387201
2856,0,0,5,5,0.1449179957378098,7.3500663201448875e-06,https://openalex.org/W2333387201
331,0,0,5,1,0.12676404628375862,3.6432494192365666e-08,https://openalex.org/W2338782937
332,0,0,5,4,0.137181578167523,7.3382338617365555e-06,https://openalex.org/W2345211139
1344,0,0,5,4,0.137181578167523,7.3382338617365555e-06,https://openalex.org/W2345211139
2006,0,0,5,4,0.137181578167523,7.3382338617365555e-06,https://openalex.org/W2345211139
333,0,0,5,4,0.137181578167523,7.3382338617365555e-06,https://openalex.org/W2395166509
1345,0,0,5,4,0.137181578167523,7.3382338617365555e-06,https://openalex.org/W2395166509
2007,0,0,5,4,0.137181578167523,7.3382338617365555e-06,https://openalex.org/W2395166509
334,0,0,5,3,0.1447522084365951,7.3279512955568e-06,https://openalex.org/W2417351459
1346,0,0,5,3,0.1447522084365951,7.3279512955568e-06,https://openalex.org/W2417351459
2860,0,0,5,3,0.1447522084365951,7.3279512955568e-06,https://openalex.org/W2417351459
335,0,0,5,1,0.12676404628375862,3.6432494192365666e-08,https://openalex.org/W2793485675
66,0,0,5,68,0.13285468336685896,9.94042210405449e-07,https://openalex.org/W2890722669
336,0,0,5,68,0.13285468336685896,9.94042210405449e-07,https://openalex.org/W2890722669
337,0,0,5,3,0.12689117136527386,5.854751878045397e-08,https://openalex.org/W3123723057
2008,0,0,5,3,0.12689117136527386,5.854751878045397e-08,https://openalex.org/W3123723057
338,0,0,5,1,0.12676404628375862,3.6432494192365666e-08,https://openalex.org/W4231300084
339,0,0,5,3,0.12689117136527386,5.854751878045397e-08,https://openalex.org/W639695655
2011,0,0,5,3,0.12689117136527386,5.854751878045397e-08,https://openalex.org/W639695655
15,0,1,4,74,0.11219258772707616,1.0481657517395999e-07,https://openalex.org/W3094932340
340,0,1,4,2,0.12439616229363767,4.610324948254585e-06,https://openalex.org/W1237552737
407,0,1,4,2,0.12439616229363767,4.610324948254585e-06,https://openalex.org/W1237552737
341,0,1,4,1,0.10013199996723474,1.1658946533030284e-09,https://openalex.org/W129098367
342,0,1,4,1,0.10013199996723474,1.1658946533030284e-09,https://openalex.org/W1490170098
343,0,1,4,1,0.10013199996723474,1.1658946533030284e-09,https://openalex.org/W1500225740
344,0,1,4,1,0.10013199996723474,1.1658946533030284e-09,https://openalex.org/W1515849683
345,0,1,4,1,0.10013199996723474,1.1658946533030284e-09,https://openalex.org/W1526701384
346,0,1,4,1,0.10013199996723474,1.1658946533030284e-09,https://openalex.org/W1534459462
347,0,1,4,1,0.10013199996723474,1.1658946533030284e-09,https://openalex.org/W1596191359
348,0,1,4,1,0.10013199996723474,1.1658946533030284e-09,https://openalex.org/W1888961081
349,0,1,4,1,0.10013199996723474,1.1658946533030284e-09,https://openalex.org/W195340075
350,0,1,4,1,0.10013199996723474,1.1658946533030284e-09,https://openalex.org/W1982539745
351,0,1,4,1,0.10013199996723474,1.1658946533030284e-09,https://openalex.org/W1987552479
352,0,1,4,1,0.10013199996723474,1.1658946533030284e-09,https://openalex.org/W1994429357
353,0,1,4,1,0.10013199996723474,1.1658946533030284e-09,https://openalex.org/W2004179778
354,0,1,4,1,0.10013199996723474,1.1658946533030284e-09,https://openalex.org/W2014219648
355,0,1,4,1,0.10013199996723474,1.1658946533030284e-09,https://openalex.org/W2018516812
356,0,1,4,1,0.10013199996723474,1.1658946533030284e-09,https://openalex.org/W2021986561
357,0,1,4,1,0.10013199996723474,1.1658946533030284e-09,https://openalex.org/W2026352809
358,0,1,4,1,0.10013199996723474,1.1658946533030284e-09,https://openalex.org/W2039967438
359,0,1,4,1,0.10013199996723474,1.1658946533030284e-09,https://openalex.org/W2044603100
360,0,1,4,1,0.10013199996723474,1.1658946533030284e-09,https://openalex.org/W2050661045
361,0,1,4,1,0.10013199996723474,1.1658946533030284e-09,https://openalex.org/W2064958475
362,0,1,4,1,0.10013199996723474,1.1658946533030284e-09,https://openalex.org/W2074413334
363,0,1,4,2,0.11297392896303259,2.303255507653684e-08,https://openalex.org/W2075811243
2799,0,1,4,2,0.11297392896303259,2.303255507653684e-08,https://openalex.org/W2075811243
364,0,1,4,1,0.10013199996723474,1.1658946533030284e-09,https://openalex.org/W2080166282
365,0,1,4,1,0.10013199996723474,1.1658946533030284e-09,https://openalex.org/W2081235079
366,0,1,4,1,0.10013199996723474,1.1658946533030284e-09,https://openalex.org/W2081368728
367,0,1,4,1,0.10013199996723474,1.1658946533030284e-09,https://openalex.org/W2084989006
368,0,1,4,1,0.10013199996723474,1.1658946533030284e-09,https://openalex.org/W2139946543
369,0,1,4,1,0.10013199996723474,1.1658946533030284e-09,https://openalex.org/W2141757554
370,0,1,4,1,0.10013199996723474,1.1658946533030284e-09,https://openalex.org/W2147200107
371,0,1,4,1,0.10013199996723474,1.1658946533030284e-09,https://openalex.org/W2148237264
372,0,1,4,1,0.10013199996723474,1.1658946533030284e-09,https://openalex.org/W2163713416
373,0,1,4,1,0.10013199996723474,1.1658946533030284e-09,https://openalex.org/W2164649021
374,0,1,4,1,0.10013199996723474,1.1658946533030284e-09,https://openalex.org/W2166781449
375,0,1,4,1,0.10013199996723474,1.1658946533030284e-09,https://openalex.org/W2188535786
376,0,1,4,1,0.10013199996723474,1.1658946533030284e-09,https://openalex.org/W2204283557
377,0,1,4,1,0.10013199996723474,1.1658946533030284e-09,https://openalex.org/W2234911546
378,0,1,4,1,0.10013199996723474,1.1658946533030284e-09,https://openalex.org/W2255530287
379,0,1,4,1,0.10013199996723474,1.1658946533030284e-09,https://openalex.org/W2274395749
380,0,1,4,1,0.10013199996723474,1.1658946533030284e-09,https://openalex.org/W2283239735
381,0,1,4,1,0.10013199996723474,1.1658946533030284e-09,https://openalex.org/W2339357670
382,0,1,4,1,0.10013199996723474,1.1658946533030284e-09,https://openalex.org/W2397478716
383,0,1,4,1,0.10013199996723474,1.1658946533030284e-09,https://openalex.org/W2435173215
384,0,1,4,1,0.10013199996723474,1.1658946533030284e-09,https://openalex.org/W2466908408
385,0,1,4,1,0.10013199996723474,1.1658946533030284e-09,https://openalex.org/W2520114489
386,0,1,4,2,0.11297392896303259,2.303255507653684e-08,https://openalex.org/W2523553082
2810,0,1,4,2,0.11297392896303259,2.303255507653684e-08,https://openalex.org/W2523553082
387,0,1,4,1,0.10013199996723474,1.1658946533030284e-09,https://openalex.org/W264471868
388,0,1,4,1,0.10013199996723474,1.1658946533030284e-09,https://openalex.org/W2766215772
389,0,1,4,1,0.10013199996723474,1.1658946533030284e-09,https://openalex.org/W2770051917
390,0,1,4,1,0.10013199996723474,1.1658946533030284e-09,https://openalex.org/W2789220512
391,0,1,4,1,0.10013199996723474,1.1658946533030284e-09,https://openalex.org/W2885939083
392,0,1,4,1,0.10013199996723474,1.1658946533030284e-09,https://openalex.org/W2907372196
393,0,1,4,2,0.10027801588096093,1.166183767872404e-09,https://openalex.org/W2923653770
3247,0,1,4,2,0.10027801588096093,1.166183767872404e-09,https://openalex.org/W2923653770
394,0,1,4,1,0.10013199996723474,1.1658946533030284e-09,https://openalex.org/W2943617220
395,0,1,4,1,0.10013199996723474,1.1658946533030284e-09,https://openalex.org/W2954738844
396,0,1,4,1,0.10013199996723474,1.1658946533030284e-09,https://openalex.org/W2957004659
397,0,1,4,1,0.10013199996723474,1.1658946533030284e-09,https://openalex.org/W3122635821
398,0,1,4,1,0.10013199996723474,1.1658946533030284e-09,https://openalex.org/W3125864288
399,0,1,4,1,0.10013199996723474,1.1658946533030284e-09,https://openalex.org/W4206788541
400,0,1,4,3,0.10347966930435776,1.1835011385360316e-09,https://openalex.org/W4231978264
677,0,1,4,3,0.10347966930435776,1.1835011385360316e-09,https://openalex.org/W4231978264
2335,0,1,4,3,0.10347966930435776,1.1835011385360316e-09,https://openalex.org/W4231978264
401,0,1,4,1,0.10013199996723474,1.1658946533030284e-09,https://openalex.org/W4246043765
402,0,1,4,1,0.10013199996723474,1.1658946533030284e-09,https://openalex.org/W4250143350
403,0,1,4,1,0.10013199996723474,1.1658946533030284e-09,https://openalex.org/W4250185701
404,0,1,4,2,0.11297392896303259,2.303255507653684e-08,https://openalex.org/W4255290445
2821,0,1,4,2,0.11297392896303259,2.303255507653684e-08,https://openalex.org/W4255290445
405,0,1,4,1,0.10013199996723474,1.1658946533030284e-09,https://openalex.org/W4299395399
406,0,1,4,1,0.10013199996723474,1.1658946533030284e-09,https://openalex.org/W641760028
16,0,1,4,26,0.14033405842531,0.0004145870610830714,https://openalex.org/W2342001105
408,0,1,4,1,0.12195974904441192,4.609159053601282e-06,https://openalex.org/W140487274
409,0,1,4,1,0.12195974904441192,4.609159053601282e-06,https://openalex.org/W1510602673
410,0,1,4,1,0.12195974904441192,4.609159053601282e-06,https://openalex.org/W1558902831
411,0,1,4,1,0.12195974904441192,4.609159053601282e-06,https://openalex.org/W1699746760
412,0,15,1,11,0.15481182454680725,0.012350305873248183,https://openalex.org/W1815596065
1695,0,15,1,11,0.15481182454680725,0.012350305873248183,https://openalex.org/W1815596065
2169,0,15,1,11,0.15481182454680725,0.012350305873248183,https://openalex.org/W1815596065
413,0,1,4,1,0.12195974904441192,4.609159053601282e-06,https://openalex.org/W1965268674
414,0,1,4,1,0.12195974904441192,4.609159053601282e-06,https://openalex.org/W2014370213
415,0,1,4,1,0.12195974904441192,4.609159053601282e-06,https://openalex.org/W2021032627
416,0,1,4,1,0.12195974904441192,4.609159053601282e-06,https://openalex.org/W2042575966
417,0,1,4,1,0.12195974904441192,4.609159053601282e-06,https://openalex.org/W2049390752
418,0,1,4,1,0.12195974904441192,4.609159053601282e-06,https://openalex.org/W2069895733
419,0,1,4,1,0.12195974904441192,4.609159053601282e-06,https://openalex.org/W2086244482
420,0,1,4,1,0.12195974904441192,4.609159053601282e-06,https://openalex.org/W2088088068
421,0,1,4,1,0.12195974904441192,4.609159053601282e-06,https://openalex.org/W2118502261
422,0,1,4,3,0.14406002418093233,5.567395138505106e-05,https://openalex.org/W2125220878
465,0,1,4,3,0.14406002418093233,5.567395138505106e-05,https://openalex.org/W2125220878
2802,0,1,4,3,0.14406002418093233,5.567395138505106e-05,https://openalex.org/W2125220878
423,0,1,4,2,0.12377313499099707,4.631025714024515e-06,https://openalex.org/W2335903768
2807,0,1,4,2,0.12377313499099707,4.631025714024515e-06,https://openalex.org/W2335903768
424,0,1,4,1,0.12195974904441192,4.609159053601282e-06,https://openalex.org/W2413573154
425,0,1,4,1,0.12195974904441192,4.609159053601282e-06,https://openalex.org/W279057253
426,0,1,4,1,0.12195974904441192,4.609159053601282e-06,https://openalex.org/W2976352237
17,0,6,4,80,0.16546895490740768,0.004591088557542207,https://openalex.org/W1983406153
427,0,6,4,1,0.1405085955210284,5.104292567102654e-05,https://openalex.org/W118267216
428,0,6,4,1,0.1405085955210284,5.104292567102654e-05,https://openalex.org/W1513451850
429,0,6,4,1,0.1405085955210284,5.104292567102654e-05,https://openalex.org/W1558440899
430,0,6,4,1,0.1405085955210284,5.104292567102654e-05,https://openalex.org/W1562584391
431,0,6,4,1,0.1405085955210284,5.104292567102654e-05,https://openalex.org/W1580688595
432,0,6,4,1,0.1405085955210284,5.104292567102654e-05,https://openalex.org/W1598658914
433,0,6,4,1,0.1405085955210284,5.104292567102654e-05,https://openalex.org/W1635269021
434,0,6,4,1,0.1405085955210284,5.104292567102654e-05,https://openalex.org/W1803004425
435,0,6,4,1,0.1405085955210284,5.104292567102654e-05,https://openalex.org/W1940950433
436,0,6,4,1,0.1405085955210284,5.104292567102654e-05,https://openalex.org/W1961896722
437,0,6,4,1,0.1405085955210284,5.104292567102654e-05,https://openalex.org/W1971980724
438,0,6,4,1,0.1405085955210284,5.104292567102654e-05,https://openalex.org/W1977655591
439,0,6,4,1,0.1405085955210284,5.104292567102654e-05,https://openalex.org/W1978622957
440,0,6,4,1,0.1405085955210284,5.104292567102654e-05,https://openalex.org/W1996548598
441,0,6,4,1,0.1405085955210284,5.104292567102654e-05,https://openalex.org/W2002607345
442,0,6,4,1,0.1405085955210284,5.104292567102654e-05,https://openalex.org/W2005850239
443,0,6,4,1,0.1405085955210284,5.104292567102654e-05,https://openalex.org/W2011011316
444,0,6,4,1,0.1405085955210284,5.104292567102654e-05,https://openalex.org/W2030716640
445,0,15,1,28,0.16538244423929066,0.035437296865300616,https://openalex.org/W2037124948
926,0,15,1,28,0.16538244423929066,0.035437296865300616,https://openalex.org/W2037124948
1542,0,15,1,28,0.16538244423929066,0.035437296865300616,https://openalex.org/W2037124948
1812,0,15,1,28,0.16538244423929066,0.035437296865300616,https://openalex.org/W2037124948
446,0,6,4,1,0.1405085955210284,5.104292567102654e-05,https://openalex.org/W2040793390
447,0,6,4,1,0.1405085955210284,5.104292567102654e-05,https://openalex.org/W2042941609
448,0,6,4,1,0.1405085955210284,5.104292567102654e-05,https://openalex.org/W2048920201
449,0,6,4,1,0.1405085955210284,5.104292567102654e-05,https://openalex.org/W2050485610
450,0,6,4,1,0.1405085955210284,5.104292567102654e-05,https://openalex.org/W2051030138
451,0,6,4,1,0.1405085955210284,5.104292567102654e-05,https://openalex.org/W2053173693
452,0,6,4,1,0.1405085955210284,5.104292567102654e-05,https://openalex.org/W2061121240
453,0,6,4,1,0.1405085955210284,5.104292567102654e-05,https://openalex.org/W2065753397
454,0,6,4,1,0.1405085955210284,5.104292567102654e-05,https://openalex.org/W2070649243
455,0,6,4,1,0.1405085955210284,5.104292567102654e-05,https://openalex.org/W2089382928
456,0,6,4,1,0.1405085955210284,5.104292567102654e-05,https://openalex.org/W2090834622
457,0,6,4,1,0.1405085955210284,5.104292567102654e-05,https://openalex.org/W2096582896
458,0,6,4,1,0.1405085955210284,5.104292567102654e-05,https://openalex.org/W2100599795
459,0,15,1,30,0.16570298643084927,0.037293204640402484,https://openalex.org/W2107031757
936,0,15,1,30,0.16570298643084927,0.037293204640402484,https://openalex.org/W2107031757
1547,0,15,1,30,0.16570298643084927,0.037293204640402484,https://openalex.org/W2107031757
1814,0,15,1,30,0.16570298643084927,0.037293204640402484,https://openalex.org/W2107031757
2081,0,15,1,30,0.16570298643084927,0.037293204640402484,https://openalex.org/W2107031757
460,0,6,4,1,0.1405085955210284,5.104292567102654e-05,https://openalex.org/W2112657826
461,0,6,4,1,0.1405085955210284,5.104292567102654e-05,https://openalex.org/W2115429614
462,0,6,4,1,0.1405085955210284,5.104292567102654e-05,https://openalex.org/W2116159486
463,0,6,4,1,0.1405085955210284,5.104292567102654e-05,https://openalex.org/W2118175947
464,0,6,4,1,0.1405085955210284,5.104292567102654e-05,https://openalex.org/W2123684590
466,0,6,4,1,0.1405085955210284,5.104292567102654e-05,https://openalex.org/W2140116268
467,0,6,4,1,0.1405085955210284,5.104292567102654e-05,https://openalex.org/W2143000340
468,0,6,4,1,0.1405085955210284,5.104292567102654e-05,https://openalex.org/W2156855145
469,0,6,4,1,0.1405085955210284,5.104292567102654e-05,https://openalex.org/W2159539728
470,0,6,4,1,0.1405085955210284,5.104292567102654e-05,https://openalex.org/W2164860026
471,0,6,4,1,0.1405085955210284,5.104292567102654e-05,https://openalex.org/W2169570446
472,0,6,4,1,0.1405085955210284,5.104292567102654e-05,https://openalex.org/W2170557017
473,0,6,4,1,0.1405085955210284,5.104292567102654e-05,https://openalex.org/W2243040480
474,0,6,4,1,0.1405085955210284,5.104292567102654e-05,https://openalex.org/W2791286707
475,0,6,4,1,0.1405085955210284,5.104292567102654e-05,https://openalex.org/W2917562681
476,0,6,4,1,0.1405085955210284,5.104292567102654e-05,https://openalex.org/W4236701215
477,0,6,4,1,0.1405085955210284,5.104292567102654e-05,https://openalex.org/W4238038706
478,0,20,10,2,0.1417616747765937,5.111300870191782e-05,https://openalex.org/W4241100824
2989,0,20,10,2,0.1417616747765937,5.111300870191782e-05,https://openalex.org/W4241100824
480,0,15,1,15,0.155780065545401,0.017789493455158525,https://openalex.org/W4300870773
1584,0,15,1,15,0.155780065545401,0.017789493455158525,https://openalex.org/W4300870773
1826,0,15,1,15,0.155780065545401,0.017789493455158525,https://openalex.org/W4300870773
2104,0,15,1,15,0.155780065545401,0.017789493455158525,https://openalex.org/W4300870773
481,0,6,4,1,0.1405085955210284,5.104292567102654e-05,https://openalex.org/W475940995
482,0,6,4,1,0.1405085955210284,5.104292567102654e-05,https://openalex.org/W605078877
483,0,6,4,1,0.1405085955210284,5.104292567102654e-05,https://openalex.org/W650652572
484,0,6,4,1,0.1405085955210284,5.104292567102654e-05,https://openalex.org/W656483996
485,0,6,4,1,0.1405085955210284,5.104292567102654e-05,https://openalex.org/W88350714
18,0,16,2,60,0.12155202931774181,9.095103561303321e-08,https://openalex.org/W1990092605
487,0,16,2,1,0.10752107447195487,1.011530012696189e-09,https://openalex.org/W1512618164
488,0,16,2,1,0.10752107447195487,1.011530012696189e-09,https://openalex.org/W1518844692
489,0,16,2,1,0.10752107447195487,1.011530012696189e-09,https://openalex.org/W1562600285
490,0,16,2,1,0.10752107447195487,1.011530012696189e-09,https://openalex.org/W1562901594
491,0,16,2,1,0.10752107447195487,1.011530012696189e-09,https://openalex.org/W1603889988
492,0,16,2,1,0.10752107447195487,1.011530012696189e-09,https://openalex.org/W167088912
493,0,16,2,1,0.10752107447195487,1.011530012696189e-09,https://openalex.org/W1678084289
494,0,16,2,1,0.10752107447195487,1.011530012696189e-09,https://openalex.org/W1681730134
495,0,16,2,1,0.10752107447195487,1.011530012696189e-09,https://openalex.org/W171621893
496,0,16,2,1,0.10752107447195487,1.011530012696189e-09,https://openalex.org/W1740039579
497,0,16,2,1,0.10752107447195487,1.011530012696189e-09,https://openalex.org/W1828171833
498,0,16,2,1,0.10752107447195487,1.011530012696189e-09,https://openalex.org/W1967678182
499,0,16,2,1,0.10752107447195487,1.011530012696189e-09,https://openalex.org/W1981939665
500,0,16,2,1,0.10752107447195487,1.011530012696189e-09,https://openalex.org/W1985375307
501,0,16,6,3,0.10909332359514803,1.687719656107077e-09,https://openalex.org/W1989621340
1103,0,16,6,3,0.10909332359514803,1.687719656107077e-09,https://openalex.org/W1989621340
502,0,16,2,1,0.10752107447195487,1.011530012696189e-09,https://openalex.org/W1993988452
503,0,16,2,1,0.10752107447195487,1.011530012696189e-09,https://openalex.org/W2000899752
504,0,16,2,1,0.10752107447195487,1.011530012696189e-09,https://openalex.org/W2005777857
505,0,16,2,1,0.10752107447195487,1.011530012696189e-09,https://openalex.org/W2007827970
506,0,16,2,1,0.10752107447195487,1.011530012696189e-09,https://openalex.org/W2008151625
507,0,16,2,1,0.10752107447195487,1.011530012696189e-09,https://openalex.org/W2018099680
508,0,16,2,1,0.10752107447195487,1.011530012696189e-09,https://openalex.org/W2024538327
509,0,16,2,1,0.10752107447195487,1.011530012696189e-09,https://openalex.org/W2026253062
510,0,16,2,1,0.10752107447195487,1.011530012696189e-09,https://openalex.org/W2033138442
511,0,16,2,1,0.10752107447195487,1.011530012696189e-09,https://openalex.org/W2045041263
512,0,16,2,1,0.10752107447195487,1.011530012696189e-09,https://openalex.org/W2052870110
513,0,16,2,1,0.10752107447195487,1.011530012696189e-09,https://openalex.org/W2053157903
514,0,16,2,1,0.10752107447195487,1.011530012696189e-09,https://openalex.org/W2056403841
515,0,16,2,1,0.10752107447195487,1.011530012696189e-09,https://openalex.org/W2064245088
516,0,16,2,1,0.10752107447195487,1.011530012696189e-09,https://openalex.org/W2071455396
517,0,16,2,1,0.10752107447195487,1.011530012696189e-09,https://openalex.org/W2076149548
518,0,16,2,1,0.10752107447195487,1.011530012696189e-09,https://openalex.org/W2093980251
519,0,16,2,1,0.10752107447195487,1.011530012696189e-09,https://openalex.org/W2101571917
520,0,16,2,1,0.10752107447195487,1.011530012696189e-09,https://openalex.org/W2104264329
521,0,16,2,1,0.10752107447195487,1.011530012696189e-09,https://openalex.org/W2109654065
522,0,16,2,1,0.10752107447195487,1.011530012696189e-09,https://openalex.org/W2117796631
523,0,16,2,1,0.10752107447195487,1.011530012696189e-09,https://openalex.org/W2126026019
524,0,16,2,1,0.10752107447195487,1.011530012696189e-09,https://openalex.org/W2126496538
525,0,16,2,1,0.10752107447195487,1.011530012696189e-09,https://openalex.org/W2136158997
526,0,16,2,1,0.10752107447195487,1.011530012696189e-09,https://openalex.org/W2140750556
527,0,16,2,1,0.10752107447195487,1.011530012696189e-09,https://openalex.org/W2159426564
528,0,16,2,1,0.10752107447195487,1.011530012696189e-09,https://openalex.org/W2161866352
529,0,16,2,1,0.10752107447195487,1.011530012696189e-09,https://openalex.org/W2162120381
530,0,16,2,1,0.10752107447195487,1.011530012696189e-09,https://openalex.org/W2169231635
531,0,16,2,1,0.10752107447195487,1.011530012696189e-09,https://openalex.org/W2171771273
532,0,16,2,1,0.10752107447195487,1.011530012696189e-09,https://openalex.org/W2337980608
533,0,16,2,1,0.10752107447195487,1.011530012696189e-09,https://openalex.org/W2486568322
534,0,16,2,1,0.10752107447195487,1.011530012696189e-09,https://openalex.org/W2790783572
535,0,16,2,1,0.10752107447195487,1.011530012696189e-09,https://openalex.org/W2904116032
536,0,16,2,1,0.10752107447195487,1.011530012696189e-09,https://openalex.org/W2948041845
537,0,16,2,1,0.10752107447195487,1.011530012696189e-09,https://openalex.org/W370177488
538,0,16,2,1,0.10752107447195487,1.011530012696189e-09,https://openalex.org/W4244342442
539,0,16,2,1,0.10752107447195487,1.011530012696189e-09,https://openalex.org/W4244488305
540,0,16,2,1,0.10752107447195487,1.011530012696189e-09,https://openalex.org/W4251904093
541,0,16,2,1,0.10752107447195487,1.011530012696189e-09,https://openalex.org/W653955720
542,0,16,2,1,0.10752107447195487,1.011530012696189e-09,https://openalex.org/W74692804
19,0,13,3,14,0.07365348819420957,1.9923965270020591e-19,https://openalex.org/W2548469526
543,0,13,3,1,0.06825630094434905,1.8327453940045043e-20,https://openalex.org/W1491190506
544,0,13,3,1,0.06825630094434905,1.8327453940045043e-20,https://openalex.org/W1496698723
545,0,13,3,1,0.06825630094434905,1.8327453940045043e-20,https://openalex.org/W1572986423
546,0,13,3,1,0.06825630094434905,1.8327453940045043e-20,https://openalex.org/W1597018565
547,0,13,3,1,0.06825630094434905,1.8327453940045043e-20,https://openalex.org/W1990850277
549,0,13,3,1,0.06825630094434905,1.8327453940045043e-20,https://openalex.org/W2037749464
550,0,13,3,1,0.06825630094434905,1.8327453940045043e-20,https://openalex.org/W2038146667
551,0,13,3,1,0.06825630094434905,1.8327453940045043e-20,https://openalex.org/W2085491458
552,0,13,3,1,0.06825630094434905,1.8327453940045043e-20,https://openalex.org/W2099431245
553,0,13,3,2,0.07972754337546407,1.3137864825769753e-18,https://openalex.org/W2131806896
634,0,13,3,2,0.07972754337546407,1.3137864825769753e-18,https://openalex.org/W2131806896
554,0,13,3,1,0.06825630094434905,1.8327453940045043e-20,https://openalex.org/W609097193
20,0,1,4,37,0.08628198164216117,2.0108474490075007e-13,https://openalex.org/W3177421727
555,0,1,4,1,0.07896724776486376,2.2477734271379097e-15,https://openalex.org/W1011222721
556,0,1,4,1,0.07896724776486376,2.2477734271379097e-15,https://openalex.org/W1505555390
557,0,1,4,1,0.07896724776486376,2.2477734271379097e-15,https://openalex.org/W1531166158
558,0,1,4,1,0.07896724776486376,2.2477734271379097e-15,https://openalex.org/W1532098389
559,0,1,4,1,0.07896724776486376,2.2477734271379097e-15,https://openalex.org/W1631767606
560,0,1,4,1,0.07896724776486376,2.2477734271379097e-15,https://openalex.org/W1840865377
561,0,1,4,1,0.07896724776486376,2.2477734271379097e-15,https://openalex.org/W1846207026
562,0,1,4,1,0.07896724776486376,2.2477734271379097e-15,https://openalex.org/W2012586651
563,0,1,4,1,0.07896724776486376,2.2477734271379097e-15,https://openalex.org/W2013258879
564,0,1,4,1,0.07896724776486376,2.2477734271379097e-15,https://openalex.org/W2024970618
565,0,1,4,1,0.07896724776486376,2.2477734271379097e-15,https://openalex.org/W2048431936
566,0,1,4,1,0.07896724776486376,2.2477734271379097e-15,https://openalex.org/W2061430993
567,0,1,4,1,0.07896724776486376,2.2477734271379097e-15,https://openalex.org/W2075821725
568,0,1,4,1,0.07896724776486376,2.2477734271379097e-15,https://openalex.org/W2093950336
569,0,1,4,1,0.07896724776486376,2.2477734271379097e-15,https://openalex.org/W2116400684
570,0,1,4,1,0.07896724776486376,2.2477734271379097e-15,https://openalex.org/W2118762351
571,0,1,4,1,0.07896724776486376,2.2477734271379097e-15,https://openalex.org/W2131259509
572,0,1,4,1,0.07896724776486376,2.2477734271379097e-15,https://openalex.org/W2153076044
573,0,1,4,1,0.07896724776486376,2.2477734271379097e-15,https://openalex.org/W2163058110
574,0,1,4,1,0.07896724776486376,2.2477734271379097e-15,https://openalex.org/W2460904773
575,0,1,4,1,0.07896724776486376,2.2477734271379097e-15,https://openalex.org/W2479837187
576,0,1,4,1,0.07896724776486376,2.2477734271379097e-15,https://openalex.org/W2501229488
577,0,1,4,1,0.07896724776486376,2.2477734271379097e-15,https://openalex.org/W2526854742
578,0,1,4,1,0.07896724776486376,2.2477734271379097e-15,https://openalex.org/W2527163700
579,0,1,4,1,0.07896724776486376,2.2477734271379097e-15,https://openalex.org/W2560708187
580,0,1,4,1,0.07896724776486376,2.2477734271379097e-15,https://openalex.org/W2568476927
581,0,1,4,1,0.07896724776486376,2.2477734271379097e-15,https://openalex.org/W2601707491
582,0,1,4,1,0.07896724776486376,2.2477734271379097e-15,https://openalex.org/W2807083886
583,0,1,4,1,0.07896724776486376,2.2477734271379097e-15,https://openalex.org/W2810989163
584,0,1,4,1,0.07896724776486376,2.2477734271379097e-15,https://openalex.org/W2896426694
585,0,1,4,2,0.09488481645464372,9.039675661565708e-12,https://openalex.org/W2953051821
2321,0,1,4,2,0.09488481645464372,9.039675661565708e-12,https://openalex.org/W2953051821
586,0,1,4,1,0.07896724776486376,2.2477734271379097e-15,https://openalex.org/W2985318277
587,0,1,4,1,0.07896724776486376,2.2477734271379097e-15,https://openalex.org/W3124254896
588,0,1,4,1,0.07896724776486376,2.2477734271379097e-15,https://openalex.org/W428354147
589,0,1,4,1,0.07896724776486376,2.2477734271379097e-15,https://openalex.org/W59945560
590,0,1,4,1,0.07896724776486376,2.2477734271379097e-15,https://openalex.org/W745492657
22,0,13,3,15,0.07349263535534856,1.6789580613121002e-19,https://openalex.org/W2520023658
591,0,13,3,1,0.06811813624542212,1.5177779342328814e-20,https://openalex.org/W1558461721
592,0,13,3,1,0.06811813624542212,1.5177779342328814e-20,https://openalex.org/W1594018239
593,0,13,3,1,0.06811813624542212,1.5177779342328814e-20,https://openalex.org/W1767339332
594,0,13,3,1,0.06811813624542212,1.5177779342328814e-20,https://openalex.org/W2003728145
595,0,13,3,1,0.06811813624542212,1.5177779342328814e-20,https://openalex.org/W2017735442
596,0,13,3,1,0.06811813624542212,1.5177779342328814e-20,https://openalex.org/W2031450386
597,0,13,3,1,0.06811813624542212,1.5177779342328814e-20,https://openalex.org/W2041085983
598,0,13,3,1,0.06811813624542212,1.5177779342328814e-20,https://openalex.org/W2096016260
599,0,13,3,1,0.06811813624542212,1.5177779342328814e-20,https://openalex.org/W2110647620
600,0,13,3,1,0.06811813624542212,1.5177779342328814e-20,https://openalex.org/W2115016210
601,0,13,3,1,0.06811813624542212,1.5177779342328814e-20,https://openalex.org/W2118020692
602,0,13,3,1,0.06811813624542212,1.5177779342328814e-20,https://openalex.org/W2140757787
603,0,13,3,2,0.07973156250856764,1.3106368079792593e-18,https://openalex.org/W2905010601
648,0,13,3,2,0.07973156250856764,1.3106368079792593e-18,https://openalex.org/W2905010601
604,0,13,3,1,0.06811813624542212,1.5177779342328814e-20,https://openalex.org/W579559746
23,0,13,3,70,0.08712802321833615,5.729849094998169e-17,https://openalex.org/W2015223621
605,0,13,3,1,0.07967533149375125,1.2954590286369304e-18,https://openalex.org/W1508863820
606,0,13,3,1,0.07967533149375125,1.2954590286369304e-18,https://openalex.org/W1524578401
607,0,13,3,1,0.07967533149375125,1.2954590286369304e-18,https://openalex.org/W1560322244
608,0,13,3,1,0.07967533149375125,1.2954590286369304e-18,https://openalex.org/W1572549222
609,0,13,3,1,0.07967533149375125,1.2954590286369304e-18,https://openalex.org/W1578913844
610,0,13,3,1,0.07967533149375125,1.2954590286369304e-18,https://openalex.org/W1599548180
611,0,13,3,1,0.07967533149375125,1.2954590286369304e-18,https://openalex.org/W189315048
612,0,13,3,1,0.07967533149375125,1.2954590286369304e-18,https://openalex.org/W1942444330
614,0,13,3,1,0.07967533149375125,1.2954590286369304e-18,https://openalex.org/W1971170556
615,0,13,3,1,0.07967533149375125,1.2954590286369304e-18,https://openalex.org/W1984800886
616,0,13,3,1,0.07967533149375125,1.2954590286369304e-18,https://openalex.org/W1993390327
617,0,13,3,1,0.07967533149375125,1.2954590286369304e-18,https://openalex.org/W1996435010
618,0,13,3,1,0.07967533149375125,1.2954590286369304e-18,https://openalex.org/W2007323868
619,0,13,3,1,0.07967533149375125,1.2954590286369304e-18,https://openalex.org/W2013109714
620,0,13,3,1,0.07967533149375125,1.2954590286369304e-18,https://openalex.org/W2018834259
621,0,13,3,1,0.07967533149375125,1.2954590286369304e-18,https://openalex.org/W2023394231
622,0,13,3,1,0.07967533149375125,1.2954590286369304e-18,https://openalex.org/W2027399021
623,0,13,3,1,0.07967533149375125,1.2954590286369304e-18,https://openalex.org/W2041218274
624,0,13,3,1,0.07967533149375125,1.2954590286369304e-18,https://openalex.org/W2066448258
625,0,13,3,1,0.07967533149375125,1.2954590286369304e-18,https://openalex.org/W2084403116
626,0,13,3,1,0.07967533149375125,1.2954590286369304e-18,https://openalex.org/W2094107797
627,0,13,3,1,0.07967533149375125,1.2954590286369304e-18,https://openalex.org/W2097473141
628,0,13,3,2,0.07997952039050624,3.4869113352204485e-18,https://openalex.org/W2116668395
1924,0,13,3,2,0.07997952039050624,3.4869113352204485e-18,https://openalex.org/W2116668395
629,0,13,3,1,0.07967533149375125,1.2954590286369304e-18,https://openalex.org/W2117412747
630,0,13,3,1,0.07967533149375125,1.2954590286369304e-18,https://openalex.org/W2118402255
631,0,13,3,1,0.07967533149375125,1.2954590286369304e-18,https://openalex.org/W2121500851
632,0,13,3,1,0.07967533149375125,1.2954590286369304e-18,https://openalex.org/W2123890379
633,0,13,3,1,0.07967533149375125,1.2954590286369304e-18,https://openalex.org/W2131303026
635,0,13,3,1,0.07967533149375125,1.2954590286369304e-18,https://openalex.org/W2131922494
636,0,13,3,1,0.07967533149375125,1.2954590286369304e-18,https://openalex.org/W2134805917
637,0,13,3,2,0.08000177063644189,4.226963793592114e-18,https://openalex.org/W2140375221
2577,0,13,3,2,0.08000177063644189,4.226963793592114e-18,https://openalex.org/W2140375221
638,0,13,3,1,0.07967533149375125,1.2954590286369304e-18,https://openalex.org/W2141537732
639,0,13,3,1,0.07967533149375125,1.2954590286369304e-18,https://openalex.org/W2145114177
640,0,13,3,1,0.07967533149375125,1.2954590286369304e-18,https://openalex.org/W2156035226
641,0,13,3,1,0.07967533149375125,1.2954590286369304e-18,https://openalex.org/W2162140083
642,0,13,3,1,0.07967533149375125,1.2954590286369304e-18,https://openalex.org/W2315178503
643,0,13,3,1,0.07967533149375125,1.2954590286369304e-18,https://openalex.org/W2553074465
644,0,13,3,1,0.07967533149375125,1.2954590286369304e-18,https://openalex.org/W2612488585
645,0,13,3,1,0.07967533149375125,1.2954590286369304e-18,https://openalex.org/W2703802103
646,0,13,3,1,0.07967533149375125,1.2954590286369304e-18,https://openalex.org/W2903120359
647,0,13,3,1,0.07967533149375125,1.2954590286369304e-18,https://openalex.org/W2904314261
649,0,13,3,1,0.07967533149375125,1.2954590286369304e-18,https://openalex.org/W3080693292
650,0,13,3,1,0.07967533149375125,1.2954590286369304e-18,https://openalex.org/W3093106750
651,0,13,3,1,0.07967533149375125,1.2954590286369304e-18,https://openalex.org/W3136241140
652,0,13,3,1,0.07967533149375125,1.2954590286369304e-18,https://openalex.org/W3184876643
653,0,13,3,1,0.07967533149375125,1.2954590286369304e-18,https://openalex.org/W3190574818
655,0,13,3,1,0.07967533149375125,1.2954590286369304e-18,https://openalex.org/W419394948
656,0,13,3,1,0.07967533149375125,1.2954590286369304e-18,https://openalex.org/W4205204520
657,0,13,3,1,0.07967533149375125,1.2954590286369304e-18,https://openalex.org/W4210248375
658,0,13,3,1,0.07967533149375125,1.2954590286369304e-18,https://openalex.org/W4213193087
659,0,13,3,1,0.07967533149375125,1.2954590286369304e-18,https://openalex.org/W4232387830
660,0,13,3,1,0.07967533149375125,1.2954590286369304e-18,https://openalex.org/W4243544633
661,0,13,3,1,0.07967533149375125,1.2954590286369304e-18,https://openalex.org/W4251613392
662,0,13,3,1,0.07967533149375125,1.2954590286369304e-18,https://openalex.org/W4301911704
664,0,13,3,1,0.07967533149375125,1.2954590286369304e-18,https://openalex.org/W4393020831
665,0,13,3,1,0.07967533149375125,1.2954590286369304e-18,https://openalex.org/W600941897
666,0,13,3,1,0.07967533149375125,1.2954590286369304e-18,https://openalex.org/W656565818
24,0,1,4,19,0.10212662268240823,7.692941287646513e-10,https://openalex.org/W4200527048
667,0,1,4,1,0.09203578734259274,8.569057344864557e-12,https://openalex.org/W1985870405
668,0,1,4,1,0.09203578734259274,8.569057344864557e-12,https://openalex.org/W2149759924
669,0,1,4,1,0.09203578734259274,8.569057344864557e-12,https://openalex.org/W2336981594
670,0,1,4,1,0.09203578734259274,8.569057344864557e-12,https://openalex.org/W2497019608
671,0,1,4,1,0.09203578734259274,8.569057344864557e-12,https://openalex.org/W2587004178
672,0,1,4,1,0.09203578734259274,8.569057344864557e-12,https://openalex.org/W2605248710
673,0,1,4,1,0.09203578734259274,8.569057344864557e-12,https://openalex.org/W2763456132
674,0,1,4,1,0.09203578734259274,8.569057344864557e-12,https://openalex.org/W3015416615
675,0,1,4,1,0.09203578734259274,8.569057344864557e-12,https://openalex.org/W3023093151
676,0,1,4,3,0.11381944483897928,2.1884266908466816e-08,https://openalex.org/W4206305191
2334,0,1,4,3,0.11381944483897928,2.1884266908466816e-08,https://openalex.org/W4206305191
2818,0,1,4,3,0.11381944483897928,2.1884266908466816e-08,https://openalex.org/W4206305191
678,0,1,4,1,0.09203578734259274,8.569057344864557e-12,https://openalex.org/W4232709840
679,0,1,4,1,0.09203578734259274,8.569057344864557e-12,https://openalex.org/W4234178885
680,0,1,4,1,0.09203578734259274,8.569057344864557e-12,https://openalex.org/W4238027251
681,0,1,4,1,0.09203578734259274,8.569057344864557e-12,https://openalex.org/W4400155124
25,0,3,1,141,0.1678394445251187,0.02807257071873075,https://openalex.org/W3096522693
682,0,3,1,1,0.14221418023490143,0.000312011963086609,https://openalex.org/W1524774593
683,0,3,1,1,0.14221418023490143,0.000312011963086609,https://openalex.org/W1941615107
684,0,3,1,1,0.14221418023490143,0.000312011963086609,https://openalex.org/W1999668070
685,0,3,1,1,0.14221418023490143,0.000312011963086609,https://openalex.org/W2009744730
686,0,3,1,5,0.14959896008346713,0.0016497504609317448,https://openalex.org/W2014191564
1448,0,3,1,5,0.14959896008346713,0.0016497504609317448,https://openalex.org/W2014191564
1832,0,3,1,5,0.14959896008346713,0.0016497504609317448,https://openalex.org/W2014191564
2754,0,3,1,5,0.14959896008346713,0.0016497504609317448,https://openalex.org/W2014191564
687,0,3,1,1,0.14221418023490143,0.000312011963086609,https://openalex.org/W2043892346
688,0,3,1,1,0.14221418023490143,0.000312011963086609,https://openalex.org/W2055677456
689,0,3,1,1,0.14221418023490143,0.000312011963086609,https://openalex.org/W2065518119
690,0,3,1,1,0.14221418023490143,0.000312011963086609,https://openalex.org/W2068047340
691,0,3,1,3,0.14241266031716696,0.00041797883494573517,https://openalex.org/W2113293388
1839,0,3,1,3,0.14241266031716696,0.00041797883494573517,https://openalex.org/W2113293388
692,0,3,1,2,0.1446661488596411,0.0005424446066788197,https://openalex.org/W2114804272
3264,0,3,1,2,0.1446661488596411,0.0005424446066788197,https://openalex.org/W2114804272
693,0,3,1,1,0.14221418023490143,0.000312011963086609,https://openalex.org/W2135517195
694,0,9,14,2,0.14984699246636252,0.0011401357282274007,https://openalex.org/W2141406633
1881,0,9,14,2,0.14984699246636252,0.0011401357282274007,https://openalex.org/W2141406633
695,0,6,2,4,0.16361177257499288,0.0010931300215789026,https://openalex.org/W2168272791
1304,0,6,2,4,0.16361177257499288,0.0010931300215789026,https://openalex.org/W2168272791
696,0,3,1,1,0.14221418023490143,0.000312011963086609,https://openalex.org/W2289234183
697,0,3,1,7,0.16088241333358316,0.003599400284074407,https://openalex.org/W2292304140
1714,0,3,1,7,0.16088241333358316,0.003599400284074407,https://openalex.org/W2292304140
2484,0,3,1,7,0.16088241333358316,0.003599400284074407,https://openalex.org/W2292304140
3337,0,3,1,7,0.16088241333358316,0.003599400284074407,https://openalex.org/W2292304140
698,0,15,1,7,0.15013859276495858,0.006206979756329296,https://openalex.org/W2435437921
2096,0,15,1,7,0.15013859276495858,0.006206979756329296,https://openalex.org/W2435437921
2279,0,15,1,7,0.15013859276495858,0.006206979756329296,https://openalex.org/W2435437921
2776,0,15,1,7,0.15013859276495858,0.006206979756329296,https://openalex.org/W2435437921
699,0,15,1,12,0.15907820019939212,0.014226639172017545,https://openalex.org/W2444482132
1560,0,15,1,12,0.15907820019939212,0.014226639172017545,https://openalex.org/W2444482132
3340,0,15,1,12,0.15907820019939212,0.014226639172017545,https://openalex.org/W2444482132
700,0,3,1,1,0.14221418023490143,0.000312011963086609,https://openalex.org/W2467553328
701,0,3,1,28,0.16745738544017535,0.027914023605735416,https://openalex.org/W2473740239
844,0,3,1,28,0.16745738544017535,0.027914023605735416,https://openalex.org/W2473740239
1460,0,3,1,28,0.16745738544017535,0.027914023605735416,https://openalex.org/W2473740239
1482,0,3,1,28,0.16745738544017535,0.027914023605735416,https://openalex.org/W2473740239
1521,0,3,1,28,0.16745738544017535,0.027914023605735416,https://openalex.org/W2473740239
1561,0,3,1,28,0.16745738544017535,0.027914023605735416,https://openalex.org/W2473740239
2189,0,3,1,28,0.16745738544017535,0.027914023605735416,https://openalex.org/W2473740239
2777,0,3,1,28,0.16745738544017535,0.027914023605735416,https://openalex.org/W2473740239
3341,0,3,1,28,0.16745738544017535,0.027914023605735416,https://openalex.org/W2473740239
3439,0,3,1,28,0.16745738544017535,0.027914023605735416,https://openalex.org/W2473740239
702,0,3,1,1,0.14221418023490143,0.000312011963086609,https://openalex.org/W2518821378
703,0,3,1,1,0.14221418023490143,0.000312011963086609,https://openalex.org/W2553156512
704,0,3,1,1,0.14221418023490143,0.000312011963086609,https://openalex.org/W2555336036
705,0,15,1,16,0.16001163493170684,0.019815723148330567,https://openalex.org/W2555674447
944,0,15,1,16,0.16001163493170684,0.019815723148330567,https://openalex.org/W2555674447
706,0,15,1,8,0.15050290279593267,0.007546683516641363,https://openalex.org/W2560321923
1498,0,15,1,8,0.15050290279593267,0.007546683516641363,https://openalex.org/W2560321923
2281,0,15,1,8,0.15050290279593267,0.007546683516641363,https://openalex.org/W2560321923
707,0,3,1,16,0.16424039516951777,0.011215342167065765,https://openalex.org/W2600903472
846,0,3,1,16,0.16424039516951777,0.011215342167065765,https://openalex.org/W2600903472
1462,0,3,1,16,0.16424039516951777,0.011215342167065765,https://openalex.org/W2600903472
1484,0,3,1,16,0.16424039516951777,0.011215342167065765,https://openalex.org/W2600903472
2194,0,3,1,16,0.16424039516951777,0.011215342167065765,https://openalex.org/W2600903472
2487,0,3,1,16,0.16424039516951777,0.011215342167065765,https://openalex.org/W2600903472
3442,0,3,1,16,0.16424039516951777,0.011215342167065765,https://openalex.org/W2600903472
708,0,3,1,1,0.14221418023490143,0.000312011963086609,https://openalex.org/W2601674757
709,0,3,1,1,0.14221418023490143,0.000312011963086609,https://openalex.org/W2612291668
710,0,3,1,1,0.14221418023490143,0.000312011963086609,https://openalex.org/W2615786246
711,0,3,1,1,0.14221418023490143,0.000312011963086609,https://openalex.org/W2626428565
712,0,3,1,1,0.14221418023490143,0.000312011963086609,https://openalex.org/W2736958994
713,0,3,1,1,0.14221418023490143,0.000312011963086609,https://openalex.org/W2738683365
28,0,3,1,4,0.14483173897554655,0.0006484114785379459,https://openalex.org/W2755884504
714,0,3,1,4,0.14483173897554655,0.0006484114785379459,https://openalex.org/W2755884504
1848,0,3,1,4,0.14483173897554655,0.0006484114785379459,https://openalex.org/W2755884504
3273,0,3,1,4,0.14483173897554655,0.0006484114785379459,https://openalex.org/W2755884504
715,0,15,1,15,0.15619543802907923,0.01746667300772992,https://openalex.org/W2770367788
1569,0,15,1,15,0.15619543802907923,0.01746667300772992,https://openalex.org/W2770367788
1719,0,15,1,15,0.15619543802907923,0.01746667300772992,https://openalex.org/W2770367788
3275,0,15,1,15,0.15619543802907923,0.01746667300772992,https://openalex.org/W2770367788
716,0,3,1,1,0.14221418023490143,0.000312011963086609,https://openalex.org/W2806339623
717,0,3,1,1,0.14221418023490143,0.000312011963086609,https://openalex.org/W2809873270
718,0,3,1,2,0.1446661488596411,0.0005424446066788197,https://openalex.org/W2859394135
3279,0,3,1,2,0.1446661488596411,0.0005424446066788197,https://openalex.org/W2859394135
719,0,3,1,1,0.14221418023490143,0.000312011963086609,https://openalex.org/W2883141037
720,0,3,1,1,0.14221418023490143,0.000312011963086609,https://openalex.org/W2884397405
721,0,3,1,1,0.14221418023490143,0.000312011963086609,https://openalex.org/W2885255375
722,0,3,1,1,0.14221418023490143,0.000312011963086609,https://openalex.org/W2889618782
723,0,3,1,1,0.14221418023490143,0.000312011963086609,https://openalex.org/W2890718247
724,0,3,1,1,0.14221418023490143,0.000312011963086609,https://openalex.org/W2894066192
725,0,15,1,11,0.15201451347805817,0.014146559498216296,https://openalex.org/W2894948697
1574,0,15,1,11,0.15201451347805817,0.014146559498216296,https://openalex.org/W2894948697
726,0,15,1,28,0.16582459692623783,0.03259616780291152,https://openalex.org/W2895429420
1528,0,15,1,28,0.16582459692623783,0.03259616780291152,https://openalex.org/W2895429420
1578,0,15,1,28,0.16582459692623783,0.03259616780291152,https://openalex.org/W2895429420
1724,0,15,1,28,0.16582459692623783,0.03259616780291152,https://openalex.org/W2895429420
1823,0,15,1,28,0.16582459692623783,0.03259616780291152,https://openalex.org/W2895429420
2199,0,15,1,28,0.16582459692623783,0.03259616780291152,https://openalex.org/W2895429420
2669,0,15,1,28,0.16582459692623783,0.03259616780291152,https://openalex.org/W2895429420
2786,0,15,1,28,0.16582459692623783,0.03259616780291152,https://openalex.org/W2895429420
3353,0,15,1,28,0.16582459692623783,0.03259616780291152,https://openalex.org/W2895429420
54,0,15,1,225,0.17498866022929205,0.12446113820963321,https://openalex.org/W2895509011
727,0,15,1,225,0.17498866022929205,0.12446113820963321,https://openalex.org/W2895509011
1503,0,15,1,225,0.17498866022929205,0.12446113820963321,https://openalex.org/W2895509011
1529,0,15,1,225,0.17498866022929205,0.12446113820963321,https://openalex.org/W2895509011
1824,0,15,1,225,0.17498866022929205,0.12446113820963321,https://openalex.org/W2895509011
1896,0,15,1,225,0.17498866022929205,0.12446113820963321,https://openalex.org/W2895509011
2200,0,15,1,225,0.17498866022929205,0.12446113820963321,https://openalex.org/W2895509011
2670,0,15,1,225,0.17498866022929205,0.12446113820963321,https://openalex.org/W2895509011
2788,0,15,1,225,0.17498866022929205,0.12446113820963321,https://openalex.org/W2895509011
3283,0,15,1,225,0.17498866022929205,0.12446113820963321,https://openalex.org/W2895509011
728,0,3,1,1,0.14221418023490143,0.000312011963086609,https://openalex.org/W2896461933
62,0,3,1,54,0.15618001436579995,0.0047658931829819015,https://openalex.org/W2898919684
729,0,3,1,54,0.15618001436579995,0.0047658931829819015,https://openalex.org/W2898919684
730,0,3,1,6,0.15634211490954938,0.0007876461406884054,https://openalex.org/W2913546971
2495,0,3,1,6,0.15634211490954938,0.0007876461406884054,https://openalex.org/W2913546971
3284,0,3,1,6,0.15634211490954938,0.0007876461406884054,https://openalex.org/W2913546971
3355,0,3,1,6,0.15634211490954938,0.0007876461406884054,https://openalex.org/W2913546971
3448,0,3,1,6,0.15634211490954938,0.0007876461406884054,https://openalex.org/W2913546971
731,0,3,1,1,0.14221418023490143,0.000312011963086609,https://openalex.org/W2916900917
732,0,3,1,1,0.14221418023490143,0.000312011963086609,https://openalex.org/W2921629242
733,0,3,1,1,0.14221418023490143,0.000312011963086609,https://openalex.org/W2936958172
734,0,3,1,1,0.14221418023490143,0.000312011963086609,https://openalex.org/W2942935710
735,0,3,1,1,0.14221418023490143,0.000312011963086609,https://openalex.org/W2955183083
736,0,3,1,8,0.15157019697963164,0.001900171330443388,https://openalex.org/W2994327762
847,0,3,1,8,0.15157019697963164,0.001900171330443388,https://openalex.org/W2994327762
1465,0,3,1,8,0.15157019697963164,0.001900171330443388,https://openalex.org/W2994327762
1485,0,3,1,8,0.15157019697963164,0.001900171330443388,https://openalex.org/W2994327762
1850,0,3,1,8,0.15157019697963164,0.001900171330443388,https://openalex.org/W2994327762
737,0,3,1,1,0.14221418023490143,0.000312011963086609,https://openalex.org/W2999005933
739,0,15,1,35,0.17193553706733952,0.036286635966085064,https://openalex.org/W634430281
953,0,15,1,35,0.17193553706733952,0.036286635966085064,https://openalex.org/W634430281
1320,0,15,1,35,0.17193553706733952,0.036286635966085064,https://openalex.org/W634430281
1532,0,15,1,35,0.17193553706733952,0.036286635966085064,https://openalex.org/W634430281
1727,0,15,1,35,0.17193553706733952,0.036286635966085064,https://openalex.org/W634430281
1853,0,15,1,35,0.17193553706733952,0.036286635966085064,https://openalex.org/W634430281
2201,0,15,1,35,0.17193553706733952,0.036286635966085064,https://openalex.org/W634430281
2674,0,15,1,35,0.17193553706733952,0.036286635966085064,https://openalex.org/W634430281
3295,0,15,1,35,0.17193553706733952,0.036286635966085064,https://openalex.org/W634430281
26,1,2,20,5,0.0013706140350877192,8.856252661368352e-28,https://openalex.org/W3166747656
740,1,2,20,1,0.0007614522417153996,3.960636685975086e-28,https://openalex.org/W1914972138
741,1,2,20,1,0.0007614522417153996,3.960636685975086e-28,https://openalex.org/W2299625877
742,1,2,20,1,0.0007614522417153996,3.960636685975086e-28,https://openalex.org/W2904855160
743,1,2,20,1,0.0007614522417153996,3.960636685975086e-28,https://openalex.org/W3095579626
744,1,2,20,1,0.0007614522417153996,3.960636685975086e-28,https://openalex.org/W3183211572
29,0,0,5,34,0.11214485804817642,3.4380604411024245e-09,https://openalex.org/W2897980683
745,0,0,5,1,0.10009397876672824,3.826829288542729e-11,https://openalex.org/W1488494785
746,0,0,5,1,0.10009397876672824,3.826829288542729e-11,https://openalex.org/W1591861791
747,0,0,5,1,0.10009397876672824,3.826829288542729e-11,https://openalex.org/W1850933954
748,0,0,5,1,0.10009397876672824,3.826829288542729e-11,https://openalex.org/W1975694682
749,0,0,5,1,0.10009397876672824,3.826829288542729e-11,https://openalex.org/W1979208543
750,0,0,5,1,0.10009397876672824,3.826829288542729e-11,https://openalex.org/W2002045598
751,0,0,5,1,0.10009397876672824,3.826829288542729e-11,https://openalex.org/W2004350900
752,0,0,5,1,0.10009397876672824,3.826829288542729e-11,https://openalex.org/W2012186625
753,0,0,5,1,0.10009397876672824,3.826829288542729e-11,https://openalex.org/W2028640756
754,0,0,5,1,0.10009397876672824,3.826829288542729e-11,https://openalex.org/W2036128926
756,0,0,5,1,0.10009397876672824,3.826829288542729e-11,https://openalex.org/W2049536091
757,0,0,5,3,0.11650228384520156,2.2153292880973723e-08,https://openalex.org/W2050853935
1987,0,0,5,3,0.11650228384520156,2.2153292880973723e-08,https://openalex.org/W2050853935
758,0,0,5,1,0.10009397876672824,3.826829288542729e-11,https://openalex.org/W205937675
759,0,0,5,1,0.10009397876672824,3.826829288542729e-11,https://openalex.org/W2061257397
760,0,0,5,1,0.10009397876672824,3.826829288542729e-11,https://openalex.org/W2063051517
761,0,0,5,1,0.10009397876672824,3.826829288542729e-11,https://openalex.org/W2084329980
762,0,0,5,3,0.11650228384520156,2.2153292880973723e-08,https://openalex.org/W2099276202
1991,0,0,5,3,0.11650228384520156,2.2153292880973723e-08,https://openalex.org/W2099276202
763,0,0,5,3,0.11650228384520156,2.2153292880973723e-08,https://openalex.org/W2109297286
1994,0,0,5,3,0.11650228384520156,2.2153292880973723e-08,https://openalex.org/W2109297286
764,0,0,5,1,0.10009397876672824,3.826829288542729e-11,https://openalex.org/W2118185372
765,0,0,5,1,0.10009397876672824,3.826829288542729e-11,https://openalex.org/W2130835641
766,0,0,5,1,0.10009397876672824,3.826829288542729e-11,https://openalex.org/W2150337440
767,0,0,5,1,0.10009397876672824,3.826829288542729e-11,https://openalex.org/W2156843619
768,0,0,5,1,0.10009397876672824,3.826829288542729e-11,https://openalex.org/W2160828537
769,0,0,5,1,0.10009397876672824,3.826829288542729e-11,https://openalex.org/W2275699360
770,0,0,5,1,0.10009397876672824,3.826829288542729e-11,https://openalex.org/W2313271446
771,0,0,5,1,0.10009397876672824,3.826829288542729e-11,https://openalex.org/W2323062275
772,0,0,5,1,0.10009397876672824,3.826829288542729e-11,https://openalex.org/W2336630343
773,0,0,5,1,0.10009397876672824,3.826829288542729e-11,https://openalex.org/W4235761618
30,0,13,3,44,0.08677191087546049,7.914195624839671e-17,https://openalex.org/W2271312795
774,0,13,3,2,0.07938141511618642,6.613692433754232e-18,https://openalex.org/W1535520578
1938,0,13,3,44,0.08677191087546049,7.914195624839671e-17,https://openalex.org/W2271312795
775,0,13,3,2,0.07938141511618642,6.613692433754232e-18,https://openalex.org/W1547736995
776,0,13,3,3,0.07983418749122763,9.545197198709417e-18,https://openalex.org/W1598821627
2540,0,13,3,3,0.07983418749122763,9.545197198709417e-18,https://openalex.org/W1598821627
777,0,13,3,2,0.07938141511618642,6.613692433754232e-18,https://openalex.org/W1899688676
778,0,13,3,2,0.07938141511618642,6.613692433754232e-18,https://openalex.org/W1967643329
779,0,13,3,2,0.07938141511618642,6.613692433754232e-18,https://openalex.org/W2003053625
780,0,13,3,3,0.07983418749122763,9.545197198709417e-18,https://openalex.org/W2011066935
2552,0,13,3,3,0.07983418749122763,9.545197198709417e-18,https://openalex.org/W2011066935
781,0,13,3,3,0.07983418749122763,9.545197198709417e-18,https://openalex.org/W2024532809
2557,0,13,3,3,0.07983418749122763,9.545197198709417e-18,https://openalex.org/W2024532809
782,0,13,3,3,0.07948713466089337,8.80514474033775e-18,https://openalex.org/W2043317256
1913,0,13,3,3,0.07948713466089337,8.80514474033775e-18,https://openalex.org/W2043317256
783,0,13,3,2,0.07938141511618642,6.613692433754232e-18,https://openalex.org/W2048469360
784,0,13,3,2,0.07938141511618642,6.613692433754232e-18,https://openalex.org/W2054274362
785,0,13,3,2,0.07938141511618642,6.613692433754232e-18,https://openalex.org/W2054763711
786,0,13,3,3,0.07983418749122763,9.545197198709417e-18,https://openalex.org/W2063332082
2567,0,13,3,3,0.07983418749122763,9.545197198709417e-18,https://openalex.org/W2063332082
787,0,13,3,2,0.07938141511618642,6.613692433754232e-18,https://openalex.org/W2063922331
788,0,13,3,2,0.07938141511618642,6.613692433754232e-18,https://openalex.org/W2065304227
789,0,13,3,2,0.07938141511618642,6.613692433754232e-18,https://openalex.org/W2120954445
790,0,13,3,3,0.07983418749122763,9.545197198709417e-18,https://openalex.org/W2123669206
2576,0,13,3,3,0.07983418749122763,9.545197198709417e-18,https://openalex.org/W2123669206
791,0,13,3,2,0.07938141511618642,6.613692433754232e-18,https://openalex.org/W2124504569
792,0,13,3,2,0.07938141511618642,6.613692433754232e-18,https://openalex.org/W2126753475
793,0,13,3,2,0.07938141511618642,6.613692433754232e-18,https://openalex.org/W2139763558
794,0,13,3,2,0.07938141511618642,6.613692433754232e-18,https://openalex.org/W2141046658
795,0,13,3,2,0.07938141511618642,6.613692433754232e-18,https://openalex.org/W2148861294
796,0,13,3,4,0.07992495858721796,1.1736649505292932e-17,https://openalex.org/W2153357207
1931,0,13,3,4,0.07992495858721796,1.1736649505292932e-17,https://openalex.org/W2153357207
2580,0,13,3,4,0.07992495858721796,1.1736649505292932e-17,https://openalex.org/W2153357207
797,0,13,3,3,0.07948713466089337,8.80514474033775e-18,https://openalex.org/W2162326753
1932,0,13,3,3,0.07948713466089337,8.80514474033775e-18,https://openalex.org/W2162326753
798,0,13,3,3,0.07983418749122763,9.545197198709417e-18,https://openalex.org/W2166083835
2582,0,13,3,3,0.07983418749122763,9.545197198709417e-18,https://openalex.org/W2166083835
799,0,13,3,2,0.07938141511618642,6.613692433754232e-18,https://openalex.org/W2536540467
801,0,13,3,2,0.07938141511618642,6.613692433754232e-18,https://openalex.org/W42080141
802,0,13,3,2,0.07938141511618642,6.613692433754232e-18,https://openalex.org/W4234321897
803,0,13,3,2,0.07938141511618642,6.613692433754232e-18,https://openalex.org/W4243651738
804,0,13,3,2,0.07938141511618642,6.613692433754232e-18,https://openalex.org/W4293410603
33,0,3,1,83,0.16284530300977668,0.027412908713736316,https://openalex.org/W2768220913
829,0,3,1,5,0.14553137702267724,0.0012986387111400494,https://openalex.org/W1565446748
1467,0,3,1,5,0.14553137702267724,0.0012986387111400494,https://openalex.org/W1565446748
3317,0,3,1,5,0.14553137702267724,0.0012986387111400494,https://openalex.org/W1565446748
51,0,3,1,83,0.16284530300977668,0.027412908713736316,https://openalex.org/W2768220913
2492,0,3,1,83,0.16284530300977668,0.027412908713736316,https://openalex.org/W2768220913
3274,0,3,1,83,0.16284530300977668,0.027412908713736316,https://openalex.org/W2768220913
830,0,3,1,4,0.13864869651391246,0.0012185590373388008,https://openalex.org/W1604418623
1468,0,3,1,4,0.13864869651391246,0.0012185590373388008,https://openalex.org/W1604418623
831,0,3,1,4,0.13864869651391246,0.0012185590373388008,https://openalex.org/W1666197226
1469,0,3,1,4,0.13864869651391246,0.0012185590373388008,https://openalex.org/W1666197226
36,0,15,1,190,0.17784168274385295,0.11697497212943818,https://openalex.org/W1917627399
832,0,15,1,190,0.17784168274385295,0.11697497212943818,https://openalex.org/W1917627399
1446,0,15,1,190,0.17784168274385295,0.11697497212943818,https://openalex.org/W1917627399
1470,0,15,1,190,0.17784168274385295,0.11697497212943818,https://openalex.org/W1917627399
1489,0,15,1,190,0.17784168274385295,0.11697497212943818,https://openalex.org/W1917627399
1509,0,15,1,190,0.17784168274385295,0.11697497212943818,https://openalex.org/W1917627399
1536,0,15,1,190,0.17784168274385295,0.11697497212943818,https://openalex.org/W1917627399
1697,0,15,1,190,0.17784168274385295,0.11697497212943818,https://openalex.org/W1917627399
1808,0,15,1,190,0.17784168274385295,0.11697497212943818,https://openalex.org/W1917627399
1858,0,15,1,190,0.17784168274385295,0.11697497212943818,https://openalex.org/W1917627399
2069,0,15,1,190,0.17784168274385295,0.11697497212943818,https://openalex.org/W1917627399
2170,0,15,1,190,0.17784168274385295,0.11697497212943818,https://openalex.org/W1917627399
2258,0,15,1,190,0.17784168274385295,0.11697497212943818,https://openalex.org/W1917627399
2644,0,15,1,190,0.17784168274385295,0.11697497212943818,https://openalex.org/W1917627399
2751,0,15,1,190,0.17784168274385295,0.11697497212943818,https://openalex.org/W1917627399
833,0,3,1,4,0.13864869651391246,0.0012185590373388008,https://openalex.org/W1968181571
1471,0,3,1,4,0.13864869651391246,0.0012185590373388008,https://openalex.org/W1968181571
834,0,3,1,4,0.13864869651391246,0.0012185590373388008,https://openalex.org/W2008204528
1472,0,3,1,4,0.13864869651391246,0.0012185590373388008,https://openalex.org/W2008204528
835,0,3,1,7,0.14709462966588757,0.0014162664924051841,https://openalex.org/W2037427175
1473,0,3,1,7,0.14709462966588757,0.0014162664924051841,https://openalex.org/W2037427175
2464,0,3,1,7,0.14709462966588757,0.0014162664924051841,https://openalex.org/W2037427175
3322,0,3,1,7,0.14709462966588757,0.0014162664924051841,https://openalex.org/W2037427175
836,0,3,1,4,0.13864869651391246,0.0012185590373388008,https://openalex.org/W2047340909
1474,0,3,1,4,0.13864869651391246,0.0012185590373388008,https://openalex.org/W2047340909
837,0,15,1,30,0.1719542297763053,0.03309269369578794,https://openalex.org/W2071666535
932,0,15,1,30,0.1719542297763053,0.03309269369578794,https://openalex.org/W2071666535
1475,0,15,1,30,0.1719542297763053,0.03309269369578794,https://openalex.org/W2071666535
1706,0,15,1,30,0.1719542297763053,0.03309269369578794,https://openalex.org/W2071666535
2175,0,15,1,30,0.1719542297763053,0.03309269369578794,https://openalex.org/W2071666535
3580,0,15,1,30,0.1719542297763053,0.03309269369578794,https://openalex.org/W2071666535
838,0,3,1,4,0.13864869651391246,0.0012185590373388008,https://openalex.org/W2079156084
1476,0,3,1,4,0.13864869651391246,0.0012185590373388008,https://openalex.org/W2079156084
839,0,3,1,4,0.13864869651391246,0.0012185590373388008,https://openalex.org/W2079620921
1477,0,3,1,4,0.13864869651391246,0.0012185590373388008,https://openalex.org/W2079620921
840,0,3,1,4,0.13864869651391246,0.0012185590373388008,https://openalex.org/W2096528587
1478,0,3,1,4,0.13864869651391246,0.0012185590373388008,https://openalex.org/W2096528587
841,0,3,1,4,0.13864869651391246,0.0012185590373388008,https://openalex.org/W2118371108
1479,0,3,1,4,0.13864869651391246,0.0012185590373388008,https://openalex.org/W2118371108
842,0,3,1,4,0.13864869651391246,0.0012185590373388008,https://openalex.org/W2122376319
1480,0,3,1,4,0.13864869651391246,0.0012185590373388008,https://openalex.org/W2122376319
843,0,3,1,4,0.13864869651391246,0.0012185590373388008,https://openalex.org/W2129878113
1481,0,3,1,4,0.13864869651391246,0.0012185590373388008,https://openalex.org/W2129878113
845,0,3,1,16,0.1534078569818095,0.014868757232445264,https://openalex.org/W2549607117
1483,0,3,1,16,0.1534078569818095,0.014868757232445264,https://openalex.org/W2549607117
1497,0,3,1,16,0.1534078569818095,0.014868757232445264,https://openalex.org/W2549607117
2191,0,3,1,16,0.1534078569818095,0.014868757232445264,https://openalex.org/W2549607117
3271,0,3,1,16,0.1534078569818095,0.014868757232445264,https://openalex.org/W2549607117
848,0,3,1,6,0.14126786401236657,0.0013361868186039358,https://openalex.org/W4246903376
1486,0,3,1,6,0.14126786401236657,0.0013361868186039358,https://openalex.org/W4246903376
2498,0,3,1,6,0.14126786401236657,0.0013361868186039358,https://openalex.org/W4246903376
34,0,6,2,32,0.12138411400479325,1.209020939682992e-07,https://openalex.org/W4311236699
849,0,6,2,1,0.10738966631466977,1.344632220548421e-09,https://openalex.org/W1498885056
850,0,6,2,1,0.10738966631466977,1.344632220548421e-09,https://openalex.org/W1567747366
851,0,6,2,1,0.10738966631466977,1.344632220548421e-09,https://openalex.org/W1802770727
852,0,6,2,1,0.10738966631466977,1.344632220548421e-09,https://openalex.org/W2028746648
853,0,6,2,1,0.10738966631466977,1.344632220548421e-09,https://openalex.org/W2059218221
854,0,6,2,1,0.10738966631466977,1.344632220548421e-09,https://openalex.org/W2061408528
855,0,6,2,1,0.10738966631466977,1.344632220548421e-09,https://openalex.org/W2075349007
856,0,6,2,1,0.10738966631466977,1.344632220548421e-09,https://openalex.org/W2101026866
857,0,6,2,1,0.10738966631466977,1.344632220548421e-09,https://openalex.org/W2138667268
858,0,6,2,1,0.10738966631466977,1.344632220548421e-09,https://openalex.org/W2156656344
859,0,6,2,1,0.10738966631466977,1.344632220548421e-09,https://openalex.org/W2157964620
860,0,6,2,1,0.10738966631466977,1.344632220548421e-09,https://openalex.org/W2164599981
861,0,6,2,1,0.10738966631466977,1.344632220548421e-09,https://openalex.org/W2180120254
862,0,6,2,1,0.10738966631466977,1.344632220548421e-09,https://openalex.org/W2295728609
863,0,6,2,1,0.10738966631466977,1.344632220548421e-09,https://openalex.org/W2509108540
864,0,6,2,1,0.10738966631466977,1.344632220548421e-09,https://openalex.org/W2511963211
865,0,6,2,1,0.10738966631466977,1.344632220548421e-09,https://openalex.org/W2515770132
866,0,6,2,1,0.10738966631466977,1.344632220548421e-09,https://openalex.org/W2529401224
867,0,6,2,1,0.10738966631466977,1.344632220548421e-09,https://openalex.org/W2603247244
868,0,6,2,1,0.10738966631466977,1.344632220548421e-09,https://openalex.org/W2617275166
869,0,6,2,1,0.10738966631466977,1.344632220548421e-09,https://openalex.org/W2792211703
870,0,6,2,1,0.10738966631466977,1.344632220548421e-09,https://openalex.org/W2807813414
871,0,6,2,1,0.10738966631466977,1.344632220548421e-09,https://openalex.org/W2903965800
872,0,6,2,1,0.10738966631466977,1.344632220548421e-09,https://openalex.org/W3047828763
873,0,6,2,1,0.10738966631466977,1.344632220548421e-09,https://openalex.org/W3089161788
874,0,6,2,1,0.10738966631466977,1.344632220548421e-09,https://openalex.org/W3141315446
875,0,6,2,1,0.10738966631466977,1.344632220548421e-09,https://openalex.org/W3195117460
876,0,6,2,1,0.10738966631466977,1.344632220548421e-09,https://openalex.org/W3214514942
35,2,4,13,41,0.011239035087719298,5.95257552288461e-21,https://openalex.org/W4283837859
878,2,4,13,1,0.005688894303660386,9.343329668436888e-22,https://openalex.org/W133885100
879,2,4,13,1,0.005688894303660386,9.343329668436888e-22,https://openalex.org/W1552581395
880,2,4,13,1,0.005688894303660386,9.343329668436888e-22,https://openalex.org/W1946297417
881,2,4,13,1,0.005688894303660386,9.343329668436888e-22,https://openalex.org/W1970555405
882,2,4,13,1,0.005688894303660386,9.343329668436888e-22,https://openalex.org/W1975485520
883,2,4,13,1,0.005688894303660386,9.343329668436888e-22,https://openalex.org/W1978341452
884,2,4,13,1,0.005688894303660386,9.343329668436888e-22,https://openalex.org/W1984961060
885,2,4,13,1,0.005688894303660386,9.343329668436888e-22,https://openalex.org/W2000399486
886,2,4,13,1,0.005688894303660386,9.343329668436888e-22,https://openalex.org/W2000593888
887,2,4,13,1,0.005688894303660386,9.343329668436888e-22,https://openalex.org/W2010645998
888,2,4,13,1,0.005688894303660386,9.343329668436888e-22,https://openalex.org/W2027406821
889,2,4,13,1,0.005688894303660386,9.343329668436888e-22,https://openalex.org/W2028040158
890,2,4,13,1,0.005688894303660386,9.343329668436888e-22,https://openalex.org/W2041999656
891,2,4,13,1,0.005688894303660386,9.343329668436888e-22,https://openalex.org/W2042725768
892,2,4,13,1,0.005688894303660386,9.343329668436888e-22,https://openalex.org/W2061367247
893,2,4,13,1,0.005688894303660386,9.343329668436888e-22,https://openalex.org/W2105156391
894,2,4,13,1,0.005688894303660386,9.343329668436888e-22,https://openalex.org/W2117562782
895,2,4,13,1,0.005688894303660386,9.343329668436888e-22,https://openalex.org/W2135787588
896,2,4,13,1,0.005688894303660386,9.343329668436888e-22,https://openalex.org/W2172616432
897,2,4,13,1,0.005688894303660386,9.343329668436888e-22,https://openalex.org/W2282109167
898,2,4,13,1,0.005688894303660386,9.343329668436888e-22,https://openalex.org/W2335984747
899,2,4,13,1,0.005688894303660386,9.343329668436888e-22,https://openalex.org/W2551362907
900,2,4,13,1,0.005688894303660386,9.343329668436888e-22,https://openalex.org/W2609389044
901,2,4,13,1,0.005688894303660386,9.343329668436888e-22,https://openalex.org/W2634002236
902,2,4,13,1,0.005688894303660386,9.343329668436888e-22,https://openalex.org/W2761702225
903,2,4,13,1,0.005688894303660386,9.343329668436888e-22,https://openalex.org/W2776570872
904,2,4,13,1,0.005688894303660386,9.343329668436888e-22,https://openalex.org/W2850388578
905,2,4,13,1,0.005688894303660386,9.343329668436888e-22,https://openalex.org/W2892071022
906,2,4,13,1,0.005688894303660386,9.343329668436888e-22,https://openalex.org/W2893050421
907,2,4,13,1,0.005688894303660386,9.343329668436888e-22,https://openalex.org/W2896805025
908,2,4,13,1,0.005688894303660386,9.343329668436888e-22,https://openalex.org/W2902948564
909,2,4,13,1,0.005688894303660386,9.343329668436888e-22,https://openalex.org/W2914501541
910,2,4,13,1,0.005688894303660386,9.343329668436888e-22,https://openalex.org/W2921456154
911,2,4,13,1,0.005688894303660386,9.343329668436888e-22,https://openalex.org/W2947085654
912,2,4,13,1,0.005688894303660386,9.343329668436888e-22,https://openalex.org/W2973387597
913,2,4,13,1,0.005688894303660386,9.343329668436888e-22,https://openalex.org/W2974941758
914,2,4,13,1,0.005688894303660386,9.343329668436888e-22,https://openalex.org/W2984337159
915,2,4,13,1,0.005688894303660386,9.343329668436888e-22,https://openalex.org/W3003124376
916,2,4,13,1,0.005688894303660386,9.343329668436888e-22,https://openalex.org/W3008622359
917,2,4,13,1,0.005688894303660386,9.343329668436888e-22,https://openalex.org/W3112801209
918,2,4,13,1,0.005688894303660386,9.343329668436888e-22,https://openalex.org/W643606810
919,0,15,1,51,0.16177099370793252,0.06162649044506502,https://openalex.org/W11141269
1487,0,15,1,51,0.16177099370793252,0.06162649044506502,https://openalex.org/W11141269
1506,0,15,1,51,0.16177099370793252,0.06162649044506502,https://openalex.org/W11141269
1533,0,15,1,51,0.16177099370793252,0.06162649044506502,https://openalex.org/W11141269
1694,0,15,1,51,0.16177099370793252,0.06162649044506502,https://openalex.org/W11141269
1805,0,15,1,51,0.16177099370793252,0.06162649044506502,https://openalex.org/W11141269
1854,0,15,1,51,0.16177099370793252,0.06162649044506502,https://openalex.org/W11141269
2064,0,15,1,51,0.16177099370793252,0.06162649044506502,https://openalex.org/W11141269
2168,0,15,1,51,0.16177099370793252,0.06162649044506502,https://openalex.org/W11141269
2253,0,15,1,51,0.16177099370793252,0.06162649044506502,https://openalex.org/W11141269
2642,0,15,1,51,0.16177099370793252,0.06162649044506502,https://openalex.org/W11141269
2747,0,15,1,51,0.16177099370793252,0.06162649044506502,https://openalex.org/W11141269
920,0,15,1,29,0.16972153723387234,0.0364604747118036,https://openalex.org/W140453387
1534,0,15,1,29,0.16972153723387234,0.0364604747118036,https://openalex.org/W140453387
2254,0,15,1,29,0.16972153723387234,0.0364604747118036,https://openalex.org/W140453387
2501,0,15,1,29,0.16972153723387234,0.0364604747118036,https://openalex.org/W140453387
921,0,15,1,18,0.17473733695878652,0.0195280959116025,https://openalex.org/W1484864026
1324,0,15,1,18,0.17473733695878652,0.0195280959116025,https://openalex.org/W1484864026
2204,0,15,1,18,0.17473733695878652,0.0195280959116025,https://openalex.org/W1484864026
922,0,15,1,19,0.15759615439243285,0.023648787721997203,https://openalex.org/W1604376790
2256,0,15,1,19,0.15759615439243285,0.023648787721997203,https://openalex.org/W1604376790
2643,0,15,1,19,0.15759615439243285,0.023648787721997203,https://openalex.org/W1604376790
923,0,15,1,15,0.14952824443228135,0.019503711185243956,https://openalex.org/W1965877674
924,0,15,1,51,0.16177099370793252,0.06162649044506502,https://openalex.org/W2020115725
1490,0,15,1,51,0.16177099370793252,0.06162649044506502,https://openalex.org/W2020115725
1511,0,15,1,51,0.16177099370793252,0.06162649044506502,https://openalex.org/W2020115725
1539,0,15,1,51,0.16177099370793252,0.06162649044506502,https://openalex.org/W2020115725
1702,0,15,1,51,0.16177099370793252,0.06162649044506502,https://openalex.org/W2020115725
1810,0,15,1,51,0.16177099370793252,0.06162649044506502,https://openalex.org/W2020115725
1865,0,15,1,51,0.16177099370793252,0.06162649044506502,https://openalex.org/W2020115725
2075,0,15,1,51,0.16177099370793252,0.06162649044506502,https://openalex.org/W2020115725
2171,0,15,1,51,0.16177099370793252,0.06162649044506502,https://openalex.org/W2020115725
2262,0,15,1,51,0.16177099370793252,0.06162649044506502,https://openalex.org/W2020115725
2648,0,15,1,51,0.16177099370793252,0.06162649044506502,https://openalex.org/W2020115725
2755,0,15,1,51,0.16177099370793252,0.06162649044506502,https://openalex.org/W2020115725
925,0,15,1,15,0.14952824443228135,0.019503711185243956,https://openalex.org/W2024650319
927,0,15,1,16,0.1498398944135717,0.020331834950384747,https://openalex.org/W2039648153
1868,0,15,1,16,0.1498398944135717,0.020331834950384747,https://openalex.org/W2039648153
928,0,15,1,31,0.17069231658563092,0.03657810249306874,https://openalex.org/W2040106495
1543,0,15,1,31,0.17069231658563092,0.03657810249306874,https://openalex.org/W2040106495
2264,0,15,1,31,0.17069231658563092,0.03657810249306874,https://openalex.org/W2040106495
2465,0,15,1,31,0.17069231658563092,0.03657810249306874,https://openalex.org/W2040106495
2512,0,15,1,31,0.17069231658563092,0.03657810249306874,https://openalex.org/W2040106495
929,0,15,1,26,0.15885451770024167,0.03292356258587812,https://openalex.org/W2048089557
1704,0,15,1,26,0.15885451770024167,0.03292356258587812,https://openalex.org/W2048089557
2174,0,15,1,26,0.15885451770024167,0.03292356258587812,https://openalex.org/W2048089557
2650,0,15,1,26,0.15885451770024167,0.03292356258587812,https://openalex.org/W2048089557
930,0,15,1,15,0.14952824443228135,0.019503711185243956,https://openalex.org/W2050178102
931,0,15,1,19,0.15759615439243285,0.023648787721997203,https://openalex.org/W2051913088
2265,0,15,1,19,0.15759615439243285,0.023648787721997203,https://openalex.org/W2051913088
2651,0,15,1,19,0.15759615439243285,0.023648787721997203,https://openalex.org/W2051913088
933,0,15,1,15,0.14952824443228135,0.019503711185243956,https://openalex.org/W2074067604
934,0,15,1,16,0.15736095965401017,0.020577865871683535,https://openalex.org/W2085086602
2653,0,15,1,16,0.15736095965401017,0.020577865871683535,https://openalex.org/W2085086602
935,0,15,1,26,0.1585440061630369,0.0329234767367582,https://openalex.org/W2095659502
1492,0,15,1,26,0.1585440061630369,0.0329234767367582,https://openalex.org/W2095659502
2176,0,15,1,26,0.1585440061630369,0.0329234767367582,https://openalex.org/W2095659502
937,0,15,1,17,0.15207297778784254,0.01962133896650909,https://openalex.org/W2120718788
2472,0,15,1,17,0.15207297778784254,0.01962133896650909,https://openalex.org/W2120718788
938,0,15,1,42,0.16075977084743165,0.052759008583743,https://openalex.org/W2137086357
1493,0,15,1,42,0.16075977084743165,0.052759008583743,https://openalex.org/W2137086357
1549,0,15,1,42,0.16075977084743165,0.052759008583743,https://openalex.org/W2137086357
2084,0,15,1,42,0.16075977084743165,0.052759008583743,https://openalex.org/W2137086357
2179,0,15,1,42,0.16075977084743165,0.052759008583743,https://openalex.org/W2137086357
2270,0,15,1,42,0.16075977084743165,0.052759008583743,https://openalex.org/W2137086357
2655,0,15,1,42,0.16075977084743165,0.052759008583743,https://openalex.org/W2137086357
939,0,15,1,32,0.16010071925118496,0.04259427456864679,https://openalex.org/W2164013208
1552,0,15,1,32,0.16010071925118496,0.04259427456864679,https://openalex.org/W2164013208
2181,0,15,1,32,0.16010071925118496,0.04259427456864679,https://openalex.org/W2164013208
940,0,15,1,46,0.16141603362580562,0.056494602573996765,https://openalex.org/W2165340505
1517,0,15,1,46,0.16141603362580562,0.056494602573996765,https://openalex.org/W2165340505
1553,0,15,1,46,0.16141603362580562,0.056494602573996765,https://openalex.org/W2165340505
1711,0,15,1,46,0.16141603362580562,0.056494602573996765,https://openalex.org/W2165340505
1817,0,15,1,46,0.16141603362580562,0.056494602573996765,https://openalex.org/W2165340505
1884,0,15,1,46,0.16141603362580562,0.056494602573996765,https://openalex.org/W2165340505
2088,0,15,1,46,0.16141603362580562,0.056494602573996765,https://openalex.org/W2165340505
2182,0,15,1,46,0.16141603362580562,0.056494602573996765,https://openalex.org/W2165340505
2274,0,15,1,46,0.16141603362580562,0.056494602573996765,https://openalex.org/W2165340505
2658,0,15,1,46,0.16141603362580562,0.056494602573996765,https://openalex.org/W2165340505
941,0,15,1,36,0.16084151171835626,0.046492475198015394,https://openalex.org/W2170645559
1554,0,15,1,36,0.16084151171835626,0.046492475198015394,https://openalex.org/W2170645559
2089,0,15,1,36,0.16084151171835626,0.046492475198015394,https://openalex.org/W2170645559
2183,0,15,1,36,0.16084151171835626,0.046492475198015394,https://openalex.org/W2170645559
2659,0,15,1,36,0.16084151171835626,0.046492475198015394,https://openalex.org/W2170645559
2767,0,15,1,36,0.16084151171835626,0.046492475198015394,https://openalex.org/W2170645559
942,0,15,1,53,0.17122821321667817,0.061333453817117724,https://openalex.org/W2179587568
1305,0,15,1,53,0.17122821321667817,0.061333453817117724,https://openalex.org/W2179587568
1495,0,15,1,53,0.17122821321667817,0.061333453817117724,https://openalex.org/W2179587568
1518,0,15,1,53,0.17122821321667817,0.061333453817117724,https://openalex.org/W2179587568
1555,0,15,1,53,0.17122821321667817,0.061333453817117724,https://openalex.org/W2179587568
1713,0,15,1,53,0.17122821321667817,0.061333453817117724,https://openalex.org/W2179587568
1818,0,15,1,53,0.17122821321667817,0.061333453817117724,https://openalex.org/W2179587568
1885,0,15,1,53,0.17122821321667817,0.061333453817117724,https://openalex.org/W2179587568
2091,0,15,1,53,0.17122821321667817,0.061333453817117724,https://openalex.org/W2179587568
2184,0,15,1,53,0.17122821321667817,0.061333453817117724,https://openalex.org/W2179587568
2275,0,15,1,53,0.17122821321667817,0.061333453817117724,https://openalex.org/W2179587568
2769,0,15,1,53,0.17122821321667817,0.061333453817117724,https://openalex.org/W2179587568
943,0,15,1,49,0.16135016633332885,0.059724211993484634,https://openalex.org/W2327090251
1496,0,15,1,49,0.16135016633332885,0.059724211993484634,https://openalex.org/W2327090251
1520,0,15,1,49,0.16135016633332885,0.059724211993484634,https://openalex.org/W2327090251
1558,0,15,1,49,0.16135016633332885,0.059724211993484634,https://openalex.org/W2327090251
1715,0,15,1,49,0.16135016633332885,0.059724211993484634,https://openalex.org/W2327090251
1819,0,15,1,49,0.16135016633332885,0.059724211993484634,https://openalex.org/W2327090251
2093,0,15,1,49,0.16135016633332885,0.059724211993484634,https://openalex.org/W2327090251
2187,0,15,1,49,0.16135016633332885,0.059724211993484634,https://openalex.org/W2327090251
2278,0,15,1,49,0.16135016633332885,0.059724211993484634,https://openalex.org/W2327090251
2773,0,15,1,49,0.16135016633332885,0.059724211993484634,https://openalex.org/W2327090251
945,0,15,1,15,0.14952824443228135,0.019503711185243956,https://openalex.org/W2587321624
946,0,15,1,44,0.16102983154983266,0.054960919842389704,https://openalex.org/W2791043707
1499,0,15,1,44,0.16102983154983266,0.054960919842389704,https://openalex.org/W2791043707
1571,0,15,1,44,0.16102983154983266,0.054960919842389704,https://openalex.org/W2791043707
1720,0,15,1,44,0.16102983154983266,0.054960919842389704,https://openalex.org/W2791043707
2196,0,15,1,44,0.16102983154983266,0.054960919842389704,https://openalex.org/W2791043707
2282,0,15,1,44,0.16102983154983266,0.054960919842389704,https://openalex.org/W2791043707
2664,0,15,1,44,0.16102983154983266,0.054960919842389704,https://openalex.org/W2791043707
2783,0,15,1,44,0.16102983154983266,0.054960919842389704,https://openalex.org/W2791043707
947,0,15,1,15,0.14952824443228135,0.019503711185243956,https://openalex.org/W2795596299
948,0,15,1,15,0.14952824443228135,0.019503711185243956,https://openalex.org/W2897971917
949,0,15,1,15,0.14952824443228135,0.019503711185243956,https://openalex.org/W2903814255
950,0,15,1,15,0.14952824443228135,0.019503711185243956,https://openalex.org/W2955893364
951,0,15,1,15,0.14952824443228135,0.019503711185243956,https://openalex.org/W3014732579
952,0,15,1,16,0.15736095965401017,0.020577865871683535,https://openalex.org/W604943240
2673,0,15,1,16,0.15736095965401017,0.020577865871683535,https://openalex.org/W604943240
37,0,5,12,53,0.12013938514868638,6.024736939701683e-08,https://openalex.org/W2030066779
954,0,5,12,1,0.10641425052024868,6.700483788032498e-10,https://openalex.org/W122314927
955,0,5,12,1,0.10641425052024868,6.700483788032498e-10,https://openalex.org/W1522202957
956,0,5,12,1,0.10641425052024868,6.700483788032498e-10,https://openalex.org/W1527222540
957,0,5,12,1,0.10641425052024868,6.700483788032498e-10,https://openalex.org/W1557200816
958,0,5,12,1,0.10641425052024868,6.700483788032498e-10,https://openalex.org/W1578570113
959,0,5,12,1,0.10641425052024868,6.700483788032498e-10,https://openalex.org/W1591354983
960,0,5,12,1,0.10641425052024868,6.700483788032498e-10,https://openalex.org/W162761190
961,0,5,12,1,0.10641425052024868,6.700483788032498e-10,https://openalex.org/W1977396365
962,0,5,12,1,0.10641425052024868,6.700483788032498e-10,https://openalex.org/W1990519216
963,0,5,12,1,0.10641425052024868,6.700483788032498e-10,https://openalex.org/W2000933541
964,0,5,12,1,0.10641425052024868,6.700483788032498e-10,https://openalex.org/W2027236222
965,0,5,12,1,0.10641425052024868,6.700483788032498e-10,https://openalex.org/W2037693308
966,0,5,12,1,0.10641425052024868,6.700483788032498e-10,https://openalex.org/W2040378704
967,0,5,12,1,0.10641425052024868,6.700483788032498e-10,https://openalex.org/W2050052595
968,0,5,12,1,0.10641425052024868,6.700483788032498e-10,https://openalex.org/W2058429249
969,0,5,12,1,0.10641425052024868,6.700483788032498e-10,https://openalex.org/W2061693824
970,0,5,12,1,0.10641425052024868,6.700483788032498e-10,https://openalex.org/W2066070648
971,0,5,12,1,0.10641425052024868,6.700483788032498e-10,https://openalex.org/W2066989356
972,0,5,12,1,0.10641425052024868,6.700483788032498e-10,https://openalex.org/W2068737387
973,0,5,12,1,0.10641425052024868,6.700483788032498e-10,https://openalex.org/W2073910028
974,0,5,12,1,0.10641425052024868,6.700483788032498e-10,https://openalex.org/W2083096822
975,0,5,12,1,0.10641425052024868,6.700483788032498e-10,https://openalex.org/W2085689347
976,0,5,12,1,0.10641425052024868,6.700483788032498e-10,https://openalex.org/W2088519494
977,0,5,12,1,0.10641425052024868,6.700483788032498e-10,https://openalex.org/W2112072718
978,0,5,12,1,0.10641425052024868,6.700483788032498e-10,https://openalex.org/W2118341258
979,0,5,12,1,0.10641425052024868,6.700483788032498e-10,https://openalex.org/W2134121872
980,0,5,12,1,0.10641425052024868,6.700483788032498e-10,https://openalex.org/W2136677625
981,0,5,12,1,0.10641425052024868,6.700483788032498e-10,https://openalex.org/W2143076092
982,0,5,12,1,0.10641425052024868,6.700483788032498e-10,https://openalex.org/W2146759546
983,0,5,12,1,0.10641425052024868,6.700483788032498e-10,https://openalex.org/W2163695022
984,0,5,12,1,0.10641425052024868,6.700483788032498e-10,https://openalex.org/W2169603651
985,0,5,12,1,0.10641425052024868,6.700483788032498e-10,https://openalex.org/W2170101179
986,0,5,12,1,0.10641425052024868,6.700483788032498e-10,https://openalex.org/W2308178634
987,0,5,12,1,0.10641425052024868,6.700483788032498e-10,https://openalex.org/W240404405
988,0,5,12,1,0.10641425052024868,6.700483788032498e-10,https://openalex.org/W2460937302
989,0,5,12,1,0.10641425052024868,6.700483788032498e-10,https://openalex.org/W2465754280
990,0,5,12,1,0.10641425052024868,6.700483788032498e-10,https://openalex.org/W2797369760
991,0,5,12,1,0.10641425052024868,6.700483788032498e-10,https://openalex.org/W2801084647
992,0,5,12,1,0.10641425052024868,6.700483788032498e-10,https://openalex.org/W2893691276
993,0,5,12,1,0.10641425052024868,6.700483788032498e-10,https://openalex.org/W3006178030
994,0,5,12,1,0.10641425052024868,6.700483788032498e-10,https://openalex.org/W3007953347
995,0,5,12,1,0.10641425052024868,6.700483788032498e-10,https://openalex.org/W4241564283
996,0,5,12,1,0.10641425052024868,6.700483788032498e-10,https://openalex.org/W4249183382
997,0,5,12,1,0.10641425052024868,6.700483788032498e-10,https://openalex.org/W427047542
998,0,5,12,1,0.10641425052024868,6.700483788032498e-10,https://openalex.org/W574918403
999,0,5,12,1,0.10641425052024868,6.700483788032498e-10,https://openalex.org/W584551294
1000,0,5,12,2,0.13730662431482388,1.3475769436270125e-06,https://openalex.org/W589615080
2062,0,5,12,2,0.13730662431482388,1.3475769436270125e-06,https://openalex.org/W589615080
1001,0,5,12,1,0.10641425052024868,6.700483788032498e-10,https://openalex.org/W623892231
1002,0,5,12,2,0.13730662431482388,1.3475769436270125e-06,https://openalex.org/W630879368
2063,0,5,12,2,0.13730662431482388,1.3475769436270125e-06,https://openalex.org/W630879368
1003,0,5,12,1,0.10641425052024868,6.700483788032498e-10,https://openalex.org/W653427236
1004,0,5,12,1,0.10641425052024868,6.700483788032498e-10,https://openalex.org/W870173617
38,0,11,0,38,0.1421950018414507,4.338588745635813e-06,https://openalex.org/W2067140869
1005,0,11,0,1,0.12336284263961128,4.826241148252867e-08,https://openalex.org/W1667265675
1006,0,11,0,5,0.15361645352393707,1.6800229506559487e-06,https://openalex.org/W1963511353
1774,0,11,0,5,0.15361645352393707,1.6800229506559487e-06,https://openalex.org/W1963511353
1951,0,11,0,5,0.15361645352393707,1.6800229506559487e-06,https://openalex.org/W1963511353
2883,0,11,0,5,0.15361645352393707,1.6800229506559487e-06,https://openalex.org/W1963511353
3602,0,11,0,5,0.15361645352393707,1.6800229506559487e-06,https://openalex.org/W1963511353
1007,0,11,0,1,0.12336284263961128,4.826241148252867e-08,https://openalex.org/W1968986330
1008,0,11,0,1,0.12336284263961128,4.826241148252867e-08,https://openalex.org/W1972507746
1009,0,11,0,1,0.12336284263961128,4.826241148252867e-08,https://openalex.org/W1972585536
1010,0,11,0,1,0.12336284263961128,4.826241148252867e-08,https://openalex.org/W1974200588
1011,0,11,0,7,0.16310560023537757,4.328370769040301e-05,https://openalex.org/W1999061866
1228,0,11,0,7,0.16310560023537757,4.328370769040301e-05,https://openalex.org/W1999061866
2213,0,11,0,7,0.16310560023537757,4.328370769040301e-05,https://openalex.org/W1999061866
2886,0,11,0,7,0.16310560023537757,4.328370769040301e-05,https://openalex.org/W1999061866
3198,0,11,0,7,0.16310560023537757,4.328370769040301e-05,https://openalex.org/W1999061866
3577,0,11,0,7,0.16310560023537757,4.328370769040301e-05,https://openalex.org/W1999061866
1012,0,11,0,1,0.12336284263961128,4.826241148252867e-08,https://openalex.org/W2011292331
1013,0,11,0,1,0.12336284263961128,4.826241148252867e-08,https://openalex.org/W2031890647
1014,0,11,0,1,0.12336284263961128,4.826241148252867e-08,https://openalex.org/W2035616688
1015,0,11,0,2,0.14275972610185542,2.2475222633426276e-07,https://openalex.org/W2037466863
3199,0,11,0,2,0.14275972610185542,2.2475222633426276e-07,https://openalex.org/W2037466863
1016,0,11,0,3,0.15358661929330514,1.7153302427069922e-05,https://openalex.org/W2040211497
2221,0,11,0,3,0.15358661929330514,1.7153302427069922e-05,https://openalex.org/W2040211497
1017,0,11,0,3,0.14931649803941055,1.1962803325451236e-06,https://openalex.org/W2069611505
1082,0,11,0,3,0.14931649803941055,1.1962803325451236e-06,https://openalex.org/W2069611505
2153,0,11,0,3,0.14931649803941055,1.1962803325451236e-06,https://openalex.org/W2069611505
1018,0,11,0,1,0.12336284263961128,4.826241148252867e-08,https://openalex.org/W2092149319
1019,0,11,0,1,0.12336284263961128,4.826241148252867e-08,https://openalex.org/W2102542406
1020,0,11,0,1,0.12336284263961128,4.826241148252867e-08,https://openalex.org/W2110897487
1021,0,11,0,5,0.15441130581689508,1.9231955102609322e-05,https://openalex.org/W2141435397
1087,0,11,0,5,0.15441130581689508,1.9231955102609322e-05,https://openalex.org/W2141435397
1963,0,11,0,5,0.15441130581689508,1.9231955102609322e-05,https://openalex.org/W2141435397
2237,0,11,0,5,0.15441130581689508,1.9231955102609322e-05,https://openalex.org/W2141435397
1022,0,11,0,3,0.14922492739715598,2.1951698407327204e-06,https://openalex.org/W2332781197
1058,0,11,0,3,0.14922492739715598,2.1951698407327204e-06,https://openalex.org/W2332781197
1090,0,11,0,3,0.14922492739715598,2.1951698407327204e-06,https://openalex.org/W2332781197
1023,0,11,0,1,0.12336284263961128,4.826241148252867e-08,https://openalex.org/W4293154792
1024,0,11,0,1,0.12336284263961128,4.826241148252867e-08,https://openalex.org/W55285801
40,0,11,0,68,0.17543508463007668,9.995088753606137e-05,https://openalex.org/W2082979380
1025,0,11,0,1,0.14763009338521085,1.1112140288761507e-06,https://openalex.org/W1504584431
1026,0,11,0,1,0.14763009338521085,1.1112140288761507e-06,https://openalex.org/W1582334633
1027,0,11,0,1,0.14763009338521085,1.1112140288761507e-06,https://openalex.org/W1592471647
1028,0,11,0,1,0.14763009338521085,1.1112140288761507e-06,https://openalex.org/W1600582725
1029,0,11,0,1,0.14763009338521085,1.1112140288761507e-06,https://openalex.org/W1866161964
1030,0,11,0,1,0.14763009338521085,1.1112140288761507e-06,https://openalex.org/W1968454578
1031,0,11,0,1,0.14763009338521085,1.1112140288761507e-06,https://openalex.org/W1971061593
1032,0,11,0,1,0.14763009338521085,1.1112140288761507e-06,https://openalex.org/W1973948212
1033,0,11,0,1,0.14763009338521085,1.1112140288761507e-06,https://openalex.org/W1983714967
1034,0,11,0,1,0.14763009338521085,1.1112140288761507e-06,https://openalex.org/W1984090318
1035,0,11,0,1,0.14763009338521085,1.1112140288761507e-06,https://openalex.org/W1995031937
1036,0,11,0,1,0.14763009338521085,1.1112140288761507e-06,https://openalex.org/W2019890777
1037,0,11,0,1,0.14763009338521085,1.1112140288761507e-06,https://openalex.org/W2023752972
1038,0,11,0,1,0.14763009338521085,1.1112140288761507e-06,https://openalex.org/W2032049429
1039,0,11,0,1,0.14763009338521085,1.1112140288761507e-06,https://openalex.org/W2038702827
1040,0,11,0,13,0.18224750884167268,7.49609629943267e-05,https://openalex.org/W2045241688
1784,0,11,0,13,0.18224750884167268,7.49609629943267e-05,https://openalex.org/W2045241688
2149,0,11,0,13,0.18224750884167268,7.49609629943267e-05,https://openalex.org/W2045241688
2223,0,11,0,13,0.18224750884167268,7.49609629943267e-05,https://openalex.org/W2045241688
2388,0,11,0,13,0.18224750884167268,7.49609629943267e-05,https://openalex.org/W2045241688
2514,0,11,0,13,0.18224750884167268,7.49609629943267e-05,https://openalex.org/W2045241688
3039,0,11,0,13,0.18224750884167268,7.49609629943267e-05,https://openalex.org/W2045241688
3200,0,11,0,13,0.18224750884167268,7.49609629943267e-05,https://openalex.org/W2045241688
3393,0,11,0,13,0.18224750884167268,7.49609629943267e-05,https://openalex.org/W2045241688
3611,0,11,0,13,0.18224750884167268,7.49609629943267e-05,https://openalex.org/W2045241688
1041,0,11,0,1,0.14763009338521085,1.1112140288761507e-06,https://openalex.org/W2060398403
1042,0,11,0,1,0.14763009338521085,1.1112140288761507e-06,https://openalex.org/W2069787433
1043,0,11,0,1,0.14763009338521085,1.1112140288761507e-06,https://openalex.org/W2074353918
1044,0,11,0,1,0.14763009338521085,1.1112140288761507e-06,https://openalex.org/W2084847905
1045,0,11,0,7,0.16567695024170703,6.87513046820722e-06,https://openalex.org/W2100402834
1247,0,11,0,7,0.16567695024170703,6.87513046820722e-06,https://openalex.org/W2100402834
1641,0,11,0,7,0.16567695024170703,6.87513046820722e-06,https://openalex.org/W2100402834
2399,0,11,0,7,0.16567695024170703,6.87513046820722e-06,https://openalex.org/W2100402834
3202,0,11,0,7,0.16567695024170703,6.87513046820722e-06,https://openalex.org/W2100402834
1046,0,11,0,1,0.14763009338521085,1.1112140288761507e-06,https://openalex.org/W2104290428
1047,0,11,0,1,0.14763009338521085,1.1112140288761507e-06,https://openalex.org/W2117583205
1048,0,11,0,1,0.14763009338521085,1.1112140288761507e-06,https://openalex.org/W2120735587
1049,0,11,0,4,0.1593827788061124,1.312673844639275e-06,https://openalex.org/W2126800506
1399,0,11,0,4,0.1593827788061124,1.312673844639275e-06,https://openalex.org/W2126800506
1646,0,11,0,4,0.1593827788061124,1.312673844639275e-06,https://openalex.org/W2126800506
3206,0,11,0,4,0.1593827788061124,1.312673844639275e-06,https://openalex.org/W2126800506
1050,0,11,0,1,0.14763009338521085,1.1112140288761507e-06,https://openalex.org/W2127821521
1051,0,11,0,1,0.14763009338521085,1.1112140288761507e-06,https://openalex.org/W2128017071
1052,0,11,0,2,0.15248349052614665,1.5307355507052928e-06,https://openalex.org/W2139862476
3625,0,11,0,2,0.15248349052614665,1.5307355507052928e-06,https://openalex.org/W2139862476
1053,0,11,0,1,0.14763009338521085,1.1112140288761507e-06,https://openalex.org/W2149620793
1054,0,11,0,1,0.14763009338521085,1.1112140288761507e-06,https://openalex.org/W2150504996
1055,0,11,0,1,0.14763009338521085,1.1112140288761507e-06,https://openalex.org/W2159306398
1056,0,11,0,1,0.14763009338521085,1.1112140288761507e-06,https://openalex.org/W2167679948
1057,0,11,0,1,0.14763009338521085,1.1112140288761507e-06,https://openalex.org/W2171648622
1059,0,11,0,1,0.14763009338521085,1.1112140288761507e-06,https://openalex.org/W2796575992
1060,0,11,0,3,0.15493314448571838,1.8216254044463542e-05,https://openalex.org/W4241327584
2249,0,11,0,3,0.15493314448571838,1.8216254044463542e-05,https://openalex.org/W4241327584
1061,0,11,0,1,0.14763009338521085,1.1112140288761507e-06,https://openalex.org/W4245708065
1062,0,6,0,16,0.19250669492240216,0.0008124128724893724,https://openalex.org/W656268522
1092,0,6,0,16,0.19250669492240216,0.0008124128724893724,https://openalex.org/W656268522
1196,0,6,0,16,0.19250669492240216,0.0008124128724893724,https://openalex.org/W656268522
1267,0,6,0,16,0.19250669492240216,0.0008124128724893724,https://openalex.org/W656268522
1321,0,6,0,16,0.19250669492240216,0.0008124128724893724,https://openalex.org/W656268522
1693,0,6,0,16,0.19250669492240216,0.0008124128724893724,https://openalex.org/W656268522
1973,0,6,0,16,0.19250669492240216,0.0008124128724893724,https://openalex.org/W656268522
2252,0,6,0,16,0.19250669492240216,0.0008124128724893724,https://openalex.org/W656268522
2452,0,6,0,16,0.19250669492240216,0.0008124128724893724,https://openalex.org/W656268522
2934,0,6,0,16,0.19250669492240216,0.0008124128724893724,https://openalex.org/W656268522
1063,0,11,0,1,0.14763009338521085,1.1112140288761507e-06,https://openalex.org/W656509861
41,0,11,0,53,0.16295435869384464,9.316175787993356e-05,https://openalex.org/W2211885666
1064,0,11,0,1,0.13869124916542058,1.0356934003740414e-06,https://openalex.org/W1487461236
1065,0,11,0,4,0.15817140911870153,2.6004934972583066e-05,https://openalex.org/W1534215117
2881,0,11,0,4,0.15817140911870153,2.6004934972583066e-05,https://openalex.org/W1534215117
3192,0,11,0,4,0.15817140911870153,2.6004934972583066e-05,https://openalex.org/W1534215117
3574,0,11,0,4,0.15817140911870153,2.6004934972583066e-05,https://openalex.org/W1534215117
1066,0,11,0,2,0.14207365870042274,1.1699651471462548e-06,https://openalex.org/W1777140507
3030,0,11,0,2,0.14207365870042274,1.1699651471462548e-06,https://openalex.org/W1777140507
1067,0,11,0,1,0.13869124916542058,1.0356934003740414e-06,https://openalex.org/W1922806025
1068,0,11,0,1,0.13869124916542058,1.0356934003740414e-06,https://openalex.org/W1968195324
1069,0,11,0,1,0.13869124916542058,1.0356934003740414e-06,https://openalex.org/W1972359429
1070,0,11,0,1,0.13869124916542058,1.0356934003740414e-06,https://openalex.org/W1983297679
1071,0,11,0,3,0.15378822553186408,1.8140733415961435e-05,https://openalex.org/W1984814658
2210,0,11,0,3,0.15378822553186408,1.8140733415961435e-05,https://openalex.org/W1984814658
1072,0,11,0,1,0.13869124916542058,1.0356934003740414e-06,https://openalex.org/W1997254901
1073,0,11,0,1,0.13869124916542058,1.0356934003740414e-06,https://openalex.org/W2010263664
1074,0,11,0,1,0.13869124916542058,1.0356934003740414e-06,https://openalex.org/W2014445774
1075,0,11,0,1,0.13869124916542058,1.0356934003740414e-06,https://openalex.org/W2028862418
1076,0,11,0,1,0.13869124916542058,1.0356934003740414e-06,https://openalex.org/W2031722179
1077,0,11,0,1,0.13869124916542058,1.0356934003740414e-06,https://openalex.org/W2032344422
1078,0,11,0,3,0.15248349052614665,2.309181612186663e-06,https://openalex.org/W2046954222
1235,0,11,0,3,0.15248349052614665,2.309181612186663e-06,https://openalex.org/W2046954222
2150,0,11,0,3,0.15248349052614665,2.309181612186663e-06,https://openalex.org/W2046954222
1079,0,11,0,1,0.13869124916542058,1.0356934003740414e-06,https://openalex.org/W2050288708
1080,0,11,0,1,0.13869124916542058,1.0356934003740414e-06,https://openalex.org/W2058620209
1081,0,11,0,1,0.13869124916542058,1.0356934003740414e-06,https://openalex.org/W2068889347
1083,0,11,0,1,0.13869124916542058,1.0356934003740414e-06,https://openalex.org/W2081093524
1084,0,11,0,1,0.13869124916542058,1.0356934003740414e-06,https://openalex.org/W2092556657
1085,0,11,0,1,0.13869124916542058,1.0356934003740414e-06,https://openalex.org/W2102793519
1086,0,11,0,1,0.13869124916542058,1.0356934003740414e-06,https://openalex.org/W2123781212
1088,0,11,0,2,0.14890881753824378,1.148017921062595e-06,https://openalex.org/W2144543402
2159,0,11,0,2,0.14890881753824378,1.148017921062595e-06,https://openalex.org/W2144543402
1089,0,11,0,1,0.13869124916542058,1.0356934003740414e-06,https://openalex.org/W2162244458
1091,0,11,0,1,0.13869124916542058,1.0356934003740414e-06,https://openalex.org/W4238773368
42,0,16,6,60,0.12225670599694337,3.039947364172306e-08,https://openalex.org/W1728407011
1093,0,16,6,2,0.10807947283602953,6.761896434108882e-10,https://openalex.org/W1489103109
2702,0,16,6,60,0.12225670599694337,3.039947364172306e-08,https://openalex.org/W1728407011
1094,0,16,6,2,0.10807947283602953,6.761896434108882e-10,https://openalex.org/W1489267873
1095,0,16,6,2,0.10807947283602953,6.761896434108882e-10,https://openalex.org/W1530852141
1096,0,16,6,2,0.10807947283602953,6.761896434108882e-10,https://openalex.org/W169646937
1097,0,16,6,2,0.10807947283602953,6.761896434108882e-10,https://openalex.org/W1744790774
1098,0,16,6,2,0.10807947283602953,6.761896434108882e-10,https://openalex.org/W1969431473
1099,0,16,6,2,0.10807947283602953,6.761896434108882e-10,https://openalex.org/W1977646181
1100,0,16,6,2,0.10807947283602953,6.761896434108882e-10,https://openalex.org/W1985102577
1101,0,16,6,2,0.10807947283602953,6.761896434108882e-10,https://openalex.org/W1987010373
1102,0,16,6,2,0.10807947283602953,6.761896434108882e-10,https://openalex.org/W1987168563
1104,0,16,6,2,0.10807947283602953,6.761896434108882e-10,https://openalex.org/W1994261170
1105,0,16,6,2,0.10807947283602953,6.761896434108882e-10,https://openalex.org/W1998703787
1106,0,16,6,2,0.10807947283602953,6.761896434108882e-10,https://openalex.org/W2004340020
1107,0,16,6,2,0.10807947283602953,6.761896434108882e-10,https://openalex.org/W2019174556
1108,0,16,6,2,0.10807947283602953,6.761896434108882e-10,https://openalex.org/W2021179973
1109,0,16,6,2,0.10807947283602953,6.761896434108882e-10,https://openalex.org/W2022848219
1110,0,16,6,2,0.10807947283602953,6.761896434108882e-10,https://openalex.org/W2024394362
1111,0,16,6,2,0.10807947283602953,6.761896434108882e-10,https://openalex.org/W2026738852
1112,0,16,6,2,0.10807947283602953,6.761896434108882e-10,https://openalex.org/W2030196224
1113,0,16,6,3,0.13867908859995232,1.3475830848916202e-06,https://openalex.org/W2031124405
2030,0,16,6,3,0.13867908859995232,1.3475830848916202e-06,https://openalex.org/W2031124405
1114,0,16,6,2,0.10807947283602953,6.761896434108882e-10,https://openalex.org/W2035653580
1115,0,16,6,2,0.10807947283602953,6.761896434108882e-10,https://openalex.org/W2040238076
1116,0,16,6,2,0.10807947283602953,6.761896434108882e-10,https://openalex.org/W2051617963
1117,0,16,6,2,0.10807947283602953,6.761896434108882e-10,https://openalex.org/W2069775582
1118,0,16,6,2,0.10807947283602953,6.761896434108882e-10,https://openalex.org/W2074703312
1119,0,16,6,2,0.10807947283602953,6.761896434108882e-10,https://openalex.org/W2075882258
1120,0,16,6,2,0.10807947283602953,6.761896434108882e-10,https://openalex.org/W2079485636
1121,0,16,6,2,0.10807947283602953,6.761896434108882e-10,https://openalex.org/W2089975905
1122,0,16,6,2,0.10807947283602953,6.761896434108882e-10,https://openalex.org/W2093742107
1123,0,16,6,2,0.10807947283602953,6.761896434108882e-10,https://openalex.org/W2093958818
1124,0,16,6,2,0.10807947283602953,6.761896434108882e-10,https://openalex.org/W2098971497
1125,0,16,6,2,0.10807947283602953,6.761896434108882e-10,https://openalex.org/W2103248107
1126,0,16,6,2,0.10807947283602953,6.761896434108882e-10,https://openalex.org/W2105612093
1127,0,16,6,2,0.10807947283602953,6.761896434108882e-10,https://openalex.org/W2108926053
1128,0,16,6,2,0.10807947283602953,6.761896434108882e-10,https://openalex.org/W2111348693
1129,0,16,6,2,0.10807947283602953,6.761896434108882e-10,https://openalex.org/W2113623377
1130,0,16,6,2,0.10807947283602953,6.761896434108882e-10,https://openalex.org/W2113900035
1131,0,16,6,2,0.10807947283602953,6.761896434108882e-10,https://openalex.org/W2118219814
1132,0,16,6,2,0.10807947283602953,6.761896434108882e-10,https://openalex.org/W2119721601
1133,0,16,6,2,0.10807947283602953,6.761896434108882e-10,https://openalex.org/W2123323895
1134,0,16,6,2,0.10807947283602953,6.761896434108882e-10,https://openalex.org/W2125539455
1135,0,16,6,2,0.10807947283602953,6.761896434108882e-10,https://openalex.org/W2126828663
1136,0,16,6,2,0.10807947283602953,6.761896434108882e-10,https://openalex.org/W2127627121
1137,0,16,6,2,0.10807947283602953,6.761896434108882e-10,https://openalex.org/W2142550036
1138,0,16,6,2,0.10807947283602953,6.761896434108882e-10,https://openalex.org/W2147853917
1139,0,16,6,2,0.10807947283602953,6.761896434108882e-10,https://openalex.org/W2148703987
1140,0,16,6,2,0.10807947283602953,6.761896434108882e-10,https://openalex.org/W2159363440
1141,0,16,6,2,0.10807947283602953,6.761896434108882e-10,https://openalex.org/W2484892980
1142,0,16,6,2,0.10807947283602953,6.761896434108882e-10,https://openalex.org/W2732820790
1143,0,16,6,2,0.10807947283602953,6.761896434108882e-10,https://openalex.org/W2771496641
1144,0,16,6,2,0.10807947283602953,6.761896434108882e-10,https://openalex.org/W3112099726
1145,0,16,6,2,0.10807947283602953,6.761896434108882e-10,https://openalex.org/W420832075
1146,0,16,6,2,0.10807947283602953,6.761896434108882e-10,https://openalex.org/W4230386111
1147,0,16,6,2,0.10807947283602953,6.761896434108882e-10,https://openalex.org/W4234953068
1148,0,16,6,2,0.10807947283602953,6.761896434108882e-10,https://openalex.org/W4235226435
1149,0,16,6,2,0.10807947283602953,6.761896434108882e-10,https://openalex.org/W4253734165
1150,0,0,0,4,0.15266747157166566,9.347914835586475e-06,https://openalex.org/W1206579674
1323,0,0,0,4,0.15266747157166566,9.347914835586475e-06,https://openalex.org/W1206579674
2823,0,0,0,4,0.15266747157166566,9.347914835586475e-06,https://openalex.org/W1206579674
1151,0,0,0,2,0.1410411098165201,2.0563960342220405e-06,https://openalex.org/W1514982086
1152,0,0,0,2,0.1410411098165201,2.0563960342220405e-06,https://openalex.org/W1676614517
1153,0,0,0,2,0.1410411098165201,2.0563960342220405e-06,https://openalex.org/W1898504652
1154,0,0,0,4,0.14175532202397098,2.0785110588101287e-06,https://openalex.org/W1919066392
1976,0,0,0,4,0.14175532202397098,2.0785110588101287e-06,https://openalex.org/W1919066392
1155,0,0,0,2,0.1410411098165201,2.0563960342220405e-06,https://openalex.org/W1928999099
1156,0,0,0,2,0.1410411098165201,2.0563960342220405e-06,https://openalex.org/W1983815358
1157,0,0,0,2,0.1410411098165201,2.0563960342220405e-06,https://openalex.org/W1993019966
1158,0,0,0,2,0.1410411098165201,2.0563960342220405e-06,https://openalex.org/W1993125030
1159,0,0,0,2,0.1410411098165201,2.0563960342220405e-06,https://openalex.org/W2004484865
1160,0,0,0,2,0.1410411098165201,2.0563960342220405e-06,https://openalex.org/W2016410988
1162,0,0,0,2,0.1410411098165201,2.0563960342220405e-06,https://openalex.org/W2025263030
1163,0,0,0,2,0.1410411098165201,2.0563960342220405e-06,https://openalex.org/W2029257938
1164,0,0,0,2,0.1410411098165201,2.0563960342220405e-06,https://openalex.org/W2064630040
1165,0,0,0,2,0.1410411098165201,2.0563960342220405e-06,https://openalex.org/W206984298
1166,0,0,0,2,0.1410411098165201,2.0563960342220405e-06,https://openalex.org/W2073565865
1167,0,0,0,2,0.1410411098165201,2.0563960342220405e-06,https://openalex.org/W2083081489
1168,0,0,0,2,0.1410411098165201,2.0563960342220405e-06,https://openalex.org/W2088591502
1169,0,0,0,2,0.1410411098165201,2.0563960342220405e-06,https://openalex.org/W2093401725
1170,0,0,0,2,0.1410411098165201,2.0563960342220405e-06,https://openalex.org/W2102571759
1171,0,0,0,3,0.14474558483412248,9.336082377178141e-06,https://openalex.org/W2109691261
1333,0,0,0,3,0.14474558483412248,9.336082377178141e-06,https://openalex.org/W2109691261
1173,0,0,0,2,0.1410411098165201,2.0563960342220405e-06,https://openalex.org/W2119247124
1174,0,0,0,3,0.14474558483412248,9.336082377178141e-06,https://openalex.org/W2120086479
1335,0,0,0,3,0.14474558483412248,9.336082377178141e-06,https://openalex.org/W2120086479
1175,0,0,0,2,0.1410411098165201,2.0563960342220405e-06,https://openalex.org/W2120296839
1176,0,0,0,2,0.1410411098165201,2.0563960342220405e-06,https://openalex.org/W2128566457
1177,0,0,0,2,0.1410411098165201,2.0563960342220405e-06,https://openalex.org/W2133853479
1178,0,0,0,2,0.1410411098165201,2.0563960342220405e-06,https://openalex.org/W2142614069
1179,0,0,0,2,0.1410411098165201,2.0563960342220405e-06,https://openalex.org/W2147108810
1180,0,0,0,2,0.1410411098165201,2.0563960342220405e-06,https://openalex.org/W2159418047
1181,0,0,0,2,0.1410411098165201,2.0563960342220405e-06,https://openalex.org/W2163544197
1182,0,0,0,2,0.1410411098165201,2.0563960342220405e-06,https://openalex.org/W2167431261
1183,0,0,0,2,0.1410411098165201,2.0563960342220405e-06,https://openalex.org/W2171757565
1184,0,0,0,2,0.1410411098165201,2.0563960342220405e-06,https://openalex.org/W2196992866
1185,0,0,0,2,0.1410411098165201,2.0563960342220405e-06,https://openalex.org/W2305988413
1186,0,0,0,2,0.1410411098165201,2.0563960342220405e-06,https://openalex.org/W2323186622
1187,0,0,0,2,0.1410411098165201,2.0563960342220405e-06,https://openalex.org/W2410074437
1188,0,0,0,2,0.1410411098165201,2.0563960342220405e-06,https://openalex.org/W2471451311
1189,0,0,0,2,0.1410411098165201,2.0563960342220405e-06,https://openalex.org/W2728369642
1190,0,0,0,2,0.1410411098165201,2.0563960342220405e-06,https://openalex.org/W2905409886
1191,0,0,0,2,0.1410411098165201,2.0563960342220405e-06,https://openalex.org/W340969800
1192,0,0,0,4,0.1506534272022152,2.1065075779780197e-06,https://openalex.org/W4237907507
1218,0,0,0,4,0.1506534272022152,2.1065075779780197e-06,https://openalex.org/W4237907507
2376,0,0,0,4,0.1506534272022152,2.1065075779780197e-06,https://openalex.org/W4237907507
1193,0,0,0,3,0.15412541468353697,2.475917556051183e-06,https://openalex.org/W4299961741
3661,0,0,0,3,0.15412541468353697,2.475917556051183e-06,https://openalex.org/W4299961741
1194,0,0,0,4,0.1546604415472015,9.438364772707889e-06,https://openalex.org/W566204369
1350,0,0,0,4,0.1546604415472015,9.438364772707889e-06,https://openalex.org/W566204369
3429,0,0,0,4,0.1546604415472015,9.438364772707889e-06,https://openalex.org/W566204369
1195,0,0,0,2,0.1410411098165201,2.0563960342220405e-06,https://openalex.org/W621893463
44,0,11,0,35,0.16306356054254922,3.9933541089755996e-06,https://openalex.org/W2017521086
1197,0,11,0,1,0.13877034485478887,4.442255797844959e-08,https://openalex.org/W1486048587
1198,0,11,0,1,0.13877034485478887,4.442255797844959e-08,https://openalex.org/W1515739822
1199,0,11,0,2,0.14977604218583865,6.829465287140985e-08,https://openalex.org/W1903517225
1618,0,11,0,2,0.14977604218583865,6.829465287140985e-08,https://openalex.org/W1903517225
1200,0,11,0,2,0.14361527335716484,1.7869430475066309e-07,https://openalex.org/W1966809963
3032,0,11,0,2,0.14361527335716484,1.7869430475066309e-07,https://openalex.org/W1966809963
1201,0,11,0,3,0.16867175061133158,5.147283542105243e-05,https://openalex.org/W1967390644
2505,0,11,0,3,0.16867175061133158,5.147283542105243e-05,https://openalex.org/W1967390644
3033,0,11,0,3,0.16867175061133158,5.147283542105243e-05,https://openalex.org/W1967390644
1202,0,11,0,1,0.13877034485478887,4.442255797844959e-08,https://openalex.org/W1971717521
1203,0,11,0,1,0.13877034485478887,4.442255797844959e-08,https://openalex.org/W2034215952
1204,0,11,0,2,0.14361527335716484,1.7869430475066309e-07,https://openalex.org/W2049684062
3040,0,11,0,2,0.14361527335716484,1.7869430475066309e-07,https://openalex.org/W2049684062
1205,0,11,0,1,0.13877034485478887,4.442255797844959e-08,https://openalex.org/W2054833997
1206,0,11,0,1,0.13877034485478887,4.442255797844959e-08,https://openalex.org/W2063761201
1207,0,11,0,1,0.13877034485478887,4.442255797844959e-08,https://openalex.org/W2087241587
1208,0,11,0,1,0.13877034485478887,4.442255797844959e-08,https://openalex.org/W2089581066
1209,0,11,0,1,0.13877034485478887,4.442255797844959e-08,https://openalex.org/W2100101054
1210,0,11,0,1,0.13877034485478887,4.442255797844959e-08,https://openalex.org/W2101136254
1211,0,11,0,6,0.16046619038020152,1.8906637601370788e-05,https://openalex.org/W2113626142
1249,0,11,0,6,0.16046619038020152,1.8906637601370788e-05,https://openalex.org/W2113626142
2232,0,11,0,6,0.16046619038020152,1.8906637601370788e-05,https://openalex.org/W2113626142
3204,0,11,0,6,0.16046619038020152,1.8906637601370788e-05,https://openalex.org/W2113626142
3619,0,11,0,6,0.16046619038020152,1.8906637601370788e-05,https://openalex.org/W2113626142
1212,0,11,0,1,0.13877034485478887,4.442255797844959e-08,https://openalex.org/W2117016852
1213,0,11,0,1,0.13877034485478887,4.442255797844959e-08,https://openalex.org/W2141653641
1214,0,11,0,2,0.1671741893544505,5.133856367428021e-05,https://openalex.org/W2150353123
2522,0,11,0,2,0.1671741893544505,5.133856367428021e-05,https://openalex.org/W2150353123
1215,0,11,0,1,0.13877034485478887,4.442255797844959e-08,https://openalex.org/W2150943872
1216,0,11,0,1,0.13877034485478887,4.442255797844959e-08,https://openalex.org/W2164876057
1217,0,11,0,1,0.13877034485478887,4.442255797844959e-08,https://openalex.org/W2167571044
1219,0,11,0,1,0.13877034485478887,4.442255797844959e-08,https://openalex.org/W607965328
45,0,11,0,84,0.1769265625015332,0.00010444242608837887,https://openalex.org/W2518045192
1220,0,11,0,3,0.15650455229392998,1.8266203706711463e-05,https://openalex.org/W135978924
2203,0,11,0,3,0.15650455229392998,1.8266203706711463e-05,https://openalex.org/W135978924
1221,0,11,0,1,0.14868484187849176,1.1611636911240676e-06,https://openalex.org/W1544151704
1222,0,11,0,1,0.14868484187849176,1.1611636911240676e-06,https://openalex.org/W1865935269
1223,0,11,0,1,0.14868484187849176,1.1611636911240676e-06,https://openalex.org/W1972668358
1224,0,11,0,1,0.14868484187849176,1.1611636911240676e-06,https://openalex.org/W1988930537
1225,0,11,0,1,0.14868484187849176,1.1611636911240676e-06,https://openalex.org/W1993443859
1226,0,11,0,1,0.14868484187849176,1.1611636911240676e-06,https://openalex.org/W1993645965
1227,0,11,0,1,0.14868484187849176,1.1611636911240676e-06,https://openalex.org/W1995632010
1229,0,11,0,1,0.14868484187849176,1.1611636911240676e-06,https://openalex.org/W2019290108
1230,0,11,0,5,0.155580858300458,5.983076051415517e-06,https://openalex.org/W2023080089
2385,0,11,0,5,0.155580858300458,5.983076051415517e-06,https://openalex.org/W2023080089
3607,0,11,0,5,0.155580858300458,5.983076051415517e-06,https://openalex.org/W2023080089
1231,0,11,0,1,0.14868484187849176,1.1611636911240676e-06,https://openalex.org/W2031767140
1232,0,3,0,3,0.16049875746942577,0.00012873491643557514,https://openalex.org/W2037557484
3323,0,3,0,3,0.16049875746942577,0.00012873491643557514,https://openalex.org/W2037557484
3433,0,3,0,3,0.16049875746942577,0.00012873491643557514,https://openalex.org/W2037557484
1233,0,11,0,1,0.14868484187849176,1.1611636911240676e-06,https://openalex.org/W2040558071
1234,0,11,0,1,0.14868484187849176,1.1611636911240676e-06,https://openalex.org/W2043417500
1236,0,11,0,1,0.14868484187849176,1.1611636911240676e-06,https://openalex.org/W2047000576
1237,0,11,0,1,0.14868484187849176,1.1611636911240676e-06,https://openalex.org/W2050261089
1238,0,11,0,1,0.14868484187849176,1.1611636911240676e-06,https://openalex.org/W2059122872
1239,0,11,0,1,0.14868484187849176,1.1611636911240676e-06,https://openalex.org/W2063825733
1240,0,11,0,3,0.152615912141888,1.4077599585848349e-06,https://openalex.org/W2064089371
2151,0,11,0,3,0.152615912141888,1.4077599585848349e-06,https://openalex.org/W2064089371
3043,0,11,0,3,0.152615912141888,1.4077599585848349e-06,https://openalex.org/W2064089371
1241,0,11,0,1,0.14868484187849176,1.1611636911240676e-06,https://openalex.org/W2072803606
1242,0,11,0,1,0.14868484187849176,1.1611636911240676e-06,https://openalex.org/W2076902840
1243,0,11,0,1,0.14868484187849176,1.1611636911240676e-06,https://openalex.org/W2081096870
1244,0,11,0,1,0.14868484187849176,1.1611636911240676e-06,https://openalex.org/W2085714022
1245,0,11,0,1,0.14868484187849176,1.1611636911240676e-06,https://openalex.org/W2093484375
1246,0,11,0,1,0.14868484187849176,1.1611636911240676e-06,https://openalex.org/W2096639236
1248,0,11,0,1,0.14868484187849176,1.1611636911240676e-06,https://openalex.org/W2112778345
1250,0,11,0,1,0.14868484187849176,1.1611636911240676e-06,https://openalex.org/W2117900547
1251,0,11,0,3,0.1530219626047268,1.3433424917533316e-06,https://openalex.org/W2129751987
2367,0,11,0,3,0.1530219626047268,1.3433424917533316e-06,https://openalex.org/W2129751987
3207,0,11,0,3,0.1530219626047268,1.3433424917533316e-06,https://openalex.org/W2129751987
1252,0,11,0,1,0.14868484187849176,1.1611636911240676e-06,https://openalex.org/W2134893798
1253,0,11,0,1,0.14868484187849176,1.1611636911240676e-06,https://openalex.org/W2141770009
1254,0,11,0,1,0.14868484187849176,1.1611636911240676e-06,https://openalex.org/W2147169903
1255,0,11,0,1,0.14868484187849176,1.1611636911240676e-06,https://openalex.org/W2151433573
1256,0,11,0,1,0.14868484187849176,1.1611636911240676e-06,https://openalex.org/W2153774782
1257,0,11,0,1,0.14868484187849176,1.1611636911240676e-06,https://openalex.org/W2159175771
1258,0,11,0,1,0.14868484187849176,1.1611636911240676e-06,https://openalex.org/W2171061907
1259,0,11,0,2,0.1524173658554935,1.3376535059758016e-06,https://openalex.org/W2264220972
3214,0,11,0,2,0.1524173658554935,1.3376535059758016e-06,https://openalex.org/W2264220972
1260,0,11,0,1,0.14868484187849176,1.1611636911240676e-06,https://openalex.org/W2294588566
1261,0,11,0,1,0.14868484187849176,1.1611636911240676e-06,https://openalex.org/W2397767534
1262,0,11,0,1,0.14868484187849176,1.1611636911240676e-06,https://openalex.org/W2915464224
1263,0,11,0,1,0.14868484187849176,1.1611636911240676e-06,https://openalex.org/W2915967003
1264,0,11,0,1,0.14868484187849176,1.1611636911240676e-06,https://openalex.org/W4231934897
1265,0,11,0,1,0.14868484187849176,1.1611636911240676e-06,https://openalex.org/W4241772804
1266,0,3,0,3,0.16049875746942577,0.00012873491643557514,https://openalex.org/W4243177274
3374,0,3,0,3,0.16049875746942577,0.00012873491643557514,https://openalex.org/W4243177274
3454,0,3,0,3,0.16049875746942577,0.00012873491643557514,https://openalex.org/W4243177274
46,0,6,2,110,0.1931178272872352,0.023425173653036688,https://openalex.org/W2291543154
1268,0,6,2,3,0.15998735641133482,0.0007811180584922936,https://openalex.org/W12129681
2186,0,6,2,110,0.1931178272872352,0.023425173653036688,https://openalex.org/W2291543154
2660,0,6,2,110,0.1931178272872352,0.023425173653036688,https://openalex.org/W2291543154
1269,0,6,2,3,0.15998735641133482,0.0007811180584922936,https://openalex.org/W1480100320
1270,0,6,2,3,0.15998735641133482,0.0007811180584922936,https://openalex.org/W1483561745
1271,0,6,2,3,0.15998735641133482,0.0007811180584922936,https://openalex.org/W1515855135
1272,0,6,2,3,0.15998735641133482,0.0007811180584922936,https://openalex.org/W1532410992
1273,0,6,2,3,0.15998735641133482,0.0007811180584922936,https://openalex.org/W1557252649
1274,0,6,2,3,0.15998735641133482,0.0007811180584922936,https://openalex.org/W1593160556
1275,0,6,2,6,0.1655988907425878,0.0017268696048982203,https://openalex.org/W1597832510
1857,0,6,2,6,0.1655988907425878,0.0017268696048982203,https://openalex.org/W1597832510
2455,0,6,2,6,0.1655988907425878,0.0017268696048982203,https://openalex.org/W1597832510
1276,0,6,2,3,0.15998735641133482,0.0007811180584922936,https://openalex.org/W1613666090
1277,0,6,2,3,0.15998735641133482,0.0007811180584922936,https://openalex.org/W1652632544
1278,0,6,2,3,0.15998735641133482,0.0007811180584922936,https://openalex.org/W1820071378
1279,0,6,2,3,0.15998735641133482,0.0007811180584922936,https://openalex.org/W1973114546
1280,0,6,2,3,0.15998735641133482,0.0007811180584922936,https://openalex.org/W1973494718
1281,0,6,2,3,0.15998735641133482,0.0007811180584922936,https://openalex.org/W1975445210
1282,0,6,2,3,0.15998735641133482,0.0007811180584922936,https://openalex.org/W1980839770
1283,0,6,2,4,0.16242721494043197,0.0010447515166511455,https://openalex.org/W1986074170
1447,0,6,2,4,0.16242721494043197,0.0010447515166511455,https://openalex.org/W1986074170
1284,0,6,2,6,0.16541703764916132,0.0011175175739436304,https://openalex.org/W1993823660
1829,0,6,2,6,0.16541703764916132,0.0011175175739436304,https://openalex.org/W1993823660
3256,0,6,2,6,0.16541703764916132,0.0011175175739436304,https://openalex.org/W1993823660
1285,0,6,2,3,0.15998735641133482,0.0007811180584922936,https://openalex.org/W1996327737
1286,0,6,2,3,0.15998735641133482,0.0007811180584922936,https://openalex.org/W2001336906
1287,0,6,1,15,0.1670594143630796,0.014721632465481112,https://openalex.org/W2006274337
1538,0,6,1,15,0.1670594143630796,0.014721632465481112,https://openalex.org/W2006274337
1831,0,6,1,15,0.1670594143630796,0.014721632465481112,https://openalex.org/W2006274337
1288,0,6,2,3,0.15998735641133482,0.0007811180584922936,https://openalex.org/W2007956292
1289,0,6,2,3,0.15998735641133482,0.0007811180584922936,https://openalex.org/W2023962513
1290,0,6,2,4,0.1645222869384154,0.0010115507020845044,https://openalex.org/W2042415200
3259,0,6,2,4,0.1645222869384154,0.0010115507020845044,https://openalex.org/W2042415200
1291,0,6,2,3,0.15998735641133482,0.0007811180584922936,https://openalex.org/W2060032216
1292,0,6,2,3,0.15998735641133482,0.0007811180584922936,https://openalex.org/W2074541224
1293,0,6,2,3,0.15998735641133482,0.0007811180584922936,https://openalex.org/W2076628734
1294,0,6,2,6,0.16541703764916132,0.0011175175739436304,https://openalex.org/W2078437399
1835,0,6,2,6,0.16541703764916132,0.0011175175739436304,https://openalex.org/W2078437399
3263,0,6,2,6,0.16541703764916132,0.0011175175739436304,https://openalex.org/W2078437399
1295,0,6,2,3,0.15998735641133482,0.0007811180584922936,https://openalex.org/W2080783041
1296,0,6,2,3,0.15998735641133482,0.0007811180584922936,https://openalex.org/W2083888759
1297,0,6,2,3,0.15998735641133482,0.0007811180584922936,https://openalex.org/W2091527661
1298,0,6,2,5,0.1622439355267432,0.0008870849303514197,https://openalex.org/W2092624798
1836,0,6,2,5,0.1622439355267432,0.0008870849303514197,https://openalex.org/W2092624798
1299,0,6,2,3,0.15998735641133482,0.0007811180584922936,https://openalex.org/W2134010133
1300,0,6,2,3,0.15998735641133482,0.0007811180584922936,https://openalex.org/W2145210094
1301,0,6,2,3,0.15998735641133482,0.0007811180584922936,https://openalex.org/W2146036279
1302,0,6,2,3,0.15998735641133482,0.0007811180584922936,https://openalex.org/W2156708077
1303,0,6,2,3,0.15998735641133482,0.0007811180584922936,https://openalex.org/W2167212860
1306,0,6,2,3,0.15998735641133482,0.0007811180584922936,https://openalex.org/W2198409141
1307,0,6,2,3,0.15998735641133482,0.0007811180584922936,https://openalex.org/W2480815214
1308,0,6,2,3,0.15998735641133482,0.0007811180584922936,https://openalex.org/W2587215102
1309,0,6,2,3,0.15998735641133482,0.0007811180584922936,https://openalex.org/W2825658141
1310,0,6,2,3,0.15998735641133482,0.0007811180584922936,https://openalex.org/W2890574509
1311,0,6,2,3,0.15998735641133482,0.0007811180584922936,https://openalex.org/W296595544
1312,0,6,2,3,0.15998735641133482,0.0007811180584922936,https://openalex.org/W3014505770
1313,0,6,2,3,0.15998735641133482,0.0007811180584922936,https://openalex.org/W3178252631
1314,0,6,2,3,0.15998735641133482,0.0007811180584922936,https://openalex.org/W4235127186
1315,0,6,2,3,0.15998735641133482,0.0007811180584922936,https://openalex.org/W4249806943
1317,0,6,2,3,0.15998735641133482,0.0007811180584922936,https://openalex.org/W4301769941
1318,0,6,2,3,0.15998735641133482,0.0007811180584922936,https://openalex.org/W563544229
1319,0,6,2,3,0.15998735641133482,0.0007811180584922936,https://openalex.org/W627821050
47,0,0,0,47,0.15131643200023498,0.0006547607652936697,https://openalex.org/W2921451314
1322,0,0,0,1,0.13017036381074493,7.279686342956102e-06,https://openalex.org/W110954331
1325,0,0,0,1,0.13017036381074493,7.279686342956102e-06,https://openalex.org/W1499170180
1326,0,0,0,1,0.13017036381074493,7.279686342956102e-06,https://openalex.org/W1583820034
1327,0,0,0,1,0.13017036381074493,7.279686342956102e-06,https://openalex.org/W1930541572
1328,0,0,0,1,0.13017036381074493,7.279686342956102e-06,https://openalex.org/W1983124432
1329,0,0,0,1,0.13017036381074493,7.279686342956102e-06,https://openalex.org/W1984615306
1330,0,0,0,1,0.13017036381074493,7.279686342956102e-06,https://openalex.org/W1993861281
1331,0,0,0,1,0.13017036381074493,7.279686342956102e-06,https://openalex.org/W2016227990
1332,0,0,0,1,0.13017036381074493,7.279686342956102e-06,https://openalex.org/W2087278229
1334,0,0,0,1,0.13017036381074493,7.279686342956102e-06,https://openalex.org/W2115988342
1336,0,0,0,1,0.13017036381074493,7.279686342956102e-06,https://openalex.org/W2133327824
1337,0,0,0,1,0.13017036381074493,7.279686342956102e-06,https://openalex.org/W2149386585
1338,0,0,0,1,0.13017036381074493,7.279686342956102e-06,https://openalex.org/W2153196582
1339,0,0,0,1,0.13017036381074493,7.279686342956102e-06,https://openalex.org/W2153625321
1340,0,0,0,1,0.13017036381074493,7.279686342956102e-06,https://openalex.org/W2170219130
1341,0,0,5,2,0.1376771418421358,7.291518801364434e-06,https://openalex.org/W2181127550
2852,0,0,5,2,0.1376771418421358,7.291518801364434e-06,https://openalex.org/W2181127550
1342,0,0,0,1,0.13017036381074493,7.279686342956102e-06,https://openalex.org/W2249595199
1347,0,0,0,1,0.13017036381074493,7.279686342956102e-06,https://openalex.org/W2580441036
1348,0,0,0,1,0.13017036381074493,7.279686342956102e-06,https://openalex.org/W3015634246
1349,0,0,0,1,0.13017036381074493,7.279686342956102e-06,https://openalex.org/W3098349105
48,0,12,8,81,0.1379352902352467,9.866740805672125e-08,https://openalex.org/W2624920485
1351,0,12,8,1,0.12014394815469302,1.0979060184299298e-09,https://openalex.org/W146357247
1352,0,11,0,3,0.15184667871375349,2.0145981576312424e-07,https://openalex.org/W1485861288
1617,0,11,0,3,0.15184667871375349,2.0145981576312424e-07,https://openalex.org/W1485861288
3190,0,11,0,3,0.15184667871375349,2.0145981576312424e-07,https://openalex.org/W1485861288
1353,0,12,8,1,0.12014394815469302,1.0979060184299298e-09,https://openalex.org/W1556067263
1354,0,12,8,1,0.12014394815469302,1.0979060184299298e-09,https://openalex.org/W1729472568
1355,0,12,8,1,0.12014394815469302,1.0979060184299298e-09,https://openalex.org/W1926404136
1356,0,11,0,3,0.14419135796175186,2.808747162978617e-07,https://openalex.org/W1965598713
1776,0,11,0,3,0.14419135796175186,2.808747162978617e-07,https://openalex.org/W1965598713
3196,0,11,0,3,0.14419135796175186,2.808747162978617e-07,https://openalex.org/W1965598713
1357,0,12,8,1,0.12014394815469302,1.0979060184299298e-09,https://openalex.org/W1973208730
1358,0,12,8,1,0.12014394815469302,1.0979060184299298e-09,https://openalex.org/W1976069158
1359,0,12,8,1,0.12014394815469302,1.0979060184299298e-09,https://openalex.org/W1976483664
1360,0,12,8,1,0.12014394815469302,1.0979060184299298e-09,https://openalex.org/W1984211047
1361,0,12,8,1,0.12014394815469302,1.0979060184299298e-09,https://openalex.org/W1985760052
1362,0,12,8,1,0.12014394815469302,1.0979060184299298e-09,https://openalex.org/W1990682749
1363,0,12,8,1,0.12014394815469302,1.0979060184299298e-09,https://openalex.org/W1990801176
1364,0,12,8,1,0.12014394815469302,1.0979060184299298e-09,https://openalex.org/W1992810702
1365,0,12,8,1,0.12014394815469302,1.0979060184299298e-09,https://openalex.org/W1995506152
1366,0,12,8,1,0.12014394815469302,1.0979060184299298e-09,https://openalex.org/W1996600674
1367,0,12,8,1,0.12014394815469302,1.0979060184299298e-09,https://openalex.org/W2000949542
1368,0,12,8,1,0.12014394815469302,1.0979060184299298e-09,https://openalex.org/W2010658386
1369,0,12,8,1,0.12014394815469302,1.0979060184299298e-09,https://openalex.org/W2016699271
1370,0,12,8,1,0.12014394815469302,1.0979060184299298e-09,https://openalex.org/W2029073075
1371,0,12,8,1,0.12014394815469302,1.0979060184299298e-09,https://openalex.org/W2031226573
1372,0,12,8,1,0.12014394815469302,1.0979060184299298e-09,https://openalex.org/W2042507422
1373,0,12,8,1,0.12014394815469302,1.0979060184299298e-09,https://openalex.org/W2044002436
1374,0,12,8,1,0.12014394815469302,1.0979060184299298e-09,https://openalex.org/W2044551043
1375,0,12,8,1,0.12014394815469302,1.0979060184299298e-09,https://openalex.org/W2050366700
1376,0,12,8,1,0.12014394815469302,1.0979060184299298e-09,https://openalex.org/W2052702100
1377,0,12,8,1,0.12014394815469302,1.0979060184299298e-09,https://openalex.org/W2061539520
1378,0,12,8,1,0.12014394815469302,1.0979060184299298e-09,https://openalex.org/W2061836556
1379,0,12,8,1,0.12014394815469302,1.0979060184299298e-09,https://openalex.org/W2063048511
1380,0,12,8,1,0.12014394815469302,1.0979060184299298e-09,https://openalex.org/W2067965653
1381,0,12,8,1,0.12014394815469302,1.0979060184299298e-09,https://openalex.org/W2069274592
1382,0,12,8,1,0.12014394815469302,1.0979060184299298e-09,https://openalex.org/W2069340802
1383,0,12,8,1,0.12014394815469302,1.0979060184299298e-09,https://openalex.org/W2072377256
1384,0,12,8,1,0.12014394815469302,1.0979060184299298e-09,https://openalex.org/W2085829019
1385,0,12,8,1,0.12014394815469302,1.0979060184299298e-09,https://openalex.org/W2098971288
1386,0,12,8,1,0.12014394815469302,1.0979060184299298e-09,https://openalex.org/W2102059582
1387,0,12,8,1,0.12014394815469302,1.0979060184299298e-09,https://openalex.org/W2102574773
1388,0,12,8,1,0.12014394815469302,1.0979060184299298e-09,https://openalex.org/W2105204298
1389,0,12,8,1,0.12014394815469302,1.0979060184299298e-09,https://openalex.org/W2106183845
1390,0,12,8,1,0.12014394815469302,1.0979060184299298e-09,https://openalex.org/W2111063743
1391,0,12,8,1,0.12014394815469302,1.0979060184299298e-09,https://openalex.org/W2114176562
1392,0,12,8,1,0.12014394815469302,1.0979060184299298e-09,https://openalex.org/W2120088961
1393,0,12,8,1,0.12014394815469302,1.0979060184299298e-09,https://openalex.org/W2121297880
1394,0,12,8,1,0.12014394815469302,1.0979060184299298e-09,https://openalex.org/W2125966455
1395,0,12,8,1,0.12014394815469302,1.0979060184299298e-09,https://openalex.org/W2126404598
1396,0,12,8,1,0.12014394815469302,1.0979060184299298e-09,https://openalex.org/W2126450628
1397,0,12,8,1,0.12014394815469302,1.0979060184299298e-09,https://openalex.org/W2126556941
1398,0,12,8,1,0.12014394815469302,1.0979060184299298e-09,https://openalex.org/W2126616096
1400,0,6,8,2,0.14712199483581753,1.0315667145045449e-06,https://openalex.org/W2127429714
2917,0,6,8,2,0.14712199483581753,1.0315667145045449e-06,https://openalex.org/W2127429714
1401,0,12,8,1,0.12014394815469302,1.0979060184299298e-09,https://openalex.org/W2140360659
1402,0,12,8,1,0.12014394815469302,1.0979060184299298e-09,https://openalex.org/W2141864630
1403,0,12,8,1,0.12014394815469302,1.0979060184299298e-09,https://openalex.org/W2142376738
1404,0,11,8,2,0.1355822729829374,2.4970000911390184e-08,https://openalex.org/W2143417015
1651,0,11,8,2,0.1355822729829374,2.4970000911390184e-08,https://openalex.org/W2143417015
1405,0,12,8,1,0.12014394815469302,1.0979060184299298e-09,https://openalex.org/W2148482036
1406,0,12,8,1,0.12014394815469302,1.0979060184299298e-09,https://openalex.org/W2155355450
1407,0,12,8,1,0.12014394815469302,1.0979060184299298e-09,https://openalex.org/W2155411553
1408,0,12,8,1,0.12014394815469302,1.0979060184299298e-09,https://openalex.org/W2164019795
1409,0,12,8,1,0.12014394815469302,1.0979060184299298e-09,https://openalex.org/W2165758561
1410,0,12,8,1,0.12014394815469302,1.0979060184299298e-09,https://openalex.org/W2166886466
1411,0,12,8,1,0.12014394815469302,1.0979060184299298e-09,https://openalex.org/W2167483905
1412,0,12,8,1,0.12014394815469302,1.0979060184299298e-09,https://openalex.org/W2168536722
1413,0,12,8,1,0.12014394815469302,1.0979060184299298e-09,https://openalex.org/W2168980710
1414,0,12,8,1,0.12014394815469302,1.0979060184299298e-09,https://openalex.org/W2196906371
1415,0,12,8,1,0.12014394815469302,1.0979060184299298e-09,https://openalex.org/W2235155022
1416,0,12,8,1,0.12014394815469302,1.0979060184299298e-09,https://openalex.org/W2283702052
1417,0,12,8,1,0.12014394815469302,1.0979060184299298e-09,https://openalex.org/W2312515315
1418,0,12,8,1,0.12014394815469302,1.0979060184299298e-09,https://openalex.org/W2332202724
1419,0,12,8,1,0.12014394815469302,1.0979060184299298e-09,https://openalex.org/W2917462181
1420,0,12,8,1,0.12014394815469302,1.0979060184299298e-09,https://openalex.org/W3023363600
1421,0,12,8,1,0.12014394815469302,1.0979060184299298e-09,https://openalex.org/W4210442703
1422,0,12,8,1,0.12014394815469302,1.0979060184299298e-09,https://openalex.org/W87906273
49,3,7,19,23,0.006304824561403508,5.701307006633562e-23,https://openalex.org/W2755779874
1423,3,7,19,1,0.0032224658869395707,1.189570132456119e-23,https://openalex.org/W1502898407
1424,3,7,19,1,0.0032224658869395707,1.189570132456119e-23,https://openalex.org/W1510859926
1425,3,7,19,1,0.0032224658869395707,1.189570132456119e-23,https://openalex.org/W1543891416
1426,3,7,19,1,0.0032224658869395707,1.189570132456119e-23,https://openalex.org/W1579760457
1427,3,7,19,1,0.0032224658869395707,1.189570132456119e-23,https://openalex.org/W1585227915
1428,3,7,19,1,0.0032224658869395707,1.189570132456119e-23,https://openalex.org/W1591347182
1429,3,7,19,1,0.0032224658869395707,1.189570132456119e-23,https://openalex.org/W1958266390
1430,3,7,19,1,0.0032224658869395707,1.189570132456119e-23,https://openalex.org/W1969026100
1431,3,7,19,1,0.0032224658869395707,1.189570132456119e-23,https://openalex.org/W2041233617
1432,3,7,19,1,0.0032224658869395707,1.189570132456119e-23,https://openalex.org/W2067043787
1433,3,7,19,1,0.0032224658869395707,1.189570132456119e-23,https://openalex.org/W2121052759
1434,3,7,19,1,0.0032224658869395707,1.189570132456119e-23,https://openalex.org/W2125451304
1435,3,7,19,1,0.0032224658869395707,1.189570132456119e-23,https://openalex.org/W2128381827
1436,3,7,19,1,0.0032224658869395707,1.189570132456119e-23,https://openalex.org/W2156955930
1437,3,7,19,1,0.0032224658869395707,1.189570132456119e-23,https://openalex.org/W2165779685
1438,3,7,19,1,0.0032224658869395707,1.189570132456119e-23,https://openalex.org/W2171466718
1439,3,7,19,1,0.0032224658869395707,1.189570132456119e-23,https://openalex.org/W2193491087
1440,3,7,19,1,0.0032224658869395707,1.189570132456119e-23,https://openalex.org/W2371591896
1441,3,7,19,1,0.0032224658869395707,1.189570132456119e-23,https://openalex.org/W2461549113
1442,3,7,19,1,0.0032224658869395707,1.189570132456119e-23,https://openalex.org/W2584113258
1443,3,7,19,1,0.0032224658869395707,1.189570132456119e-23,https://openalex.org/W3091671267
1444,3,7,19,1,0.0032224658869395707,1.189570132456119e-23,https://openalex.org/W48509223
1445,3,7,19,1,0.0032224658869395707,1.189570132456119e-23,https://openalex.org/W78927731
50,0,3,1,58,0.15993882146652405,0.023724064596020566,https://openalex.org/W2801027355
1449,0,3,1,1,0.13650082035750896,0.000263633458158852,https://openalex.org/W2014826037
1450,0,3,1,1,0.13650082035750896,0.000263633458158852,https://openalex.org/W2059225186
1451,0,3,1,1,0.13650082035750896,0.000263633458158852,https://openalex.org/W2063085086
1452,0,3,1,1,0.13650082035750896,0.000263633458158852,https://openalex.org/W2094436282
1453,0,3,1,1,0.13650082035750896,0.000263633458158852,https://openalex.org/W2097613086
1454,0,3,1,1,0.13650082035750896,0.000263633458158852,https://openalex.org/W2099984802
1455,0,3,1,1,0.13650082035750896,0.000263633458158852,https://openalex.org/W2117253984
1456,0,3,1,1,0.13650082035750896,0.000263633458158852,https://openalex.org/W2122405077
1457,0,3,1,1,0.13650082035750896,0.000263633458158852,https://openalex.org/W2141125801
1458,0,3,1,1,0.13650082035750896,0.000263633458158852,https://openalex.org/W2162098119
1459,0,3,1,1,0.13650082035750896,0.000263633458158852,https://openalex.org/W2419228228
1461,0,3,1,1,0.13650082035750896,0.000263633458158852,https://openalex.org/W2474552435
1463,0,3,1,1,0.13650082035750896,0.000263633458158852,https://openalex.org/W2774486220
1464,0,3,1,1,0.13650082035750896,0.000263633458158852,https://openalex.org/W2803521814
1466,0,3,1,1,0.13650082035750896,0.000263633458158852,https://openalex.org/W4231733018
52,0,15,1,125,0.1614572279994341,0.09365529543755985,https://openalex.org/W2894925006
1722,0,15,1,125,0.1614572279994341,0.09365529543755985,https://openalex.org/W2894925006
2197,0,15,1,125,0.1614572279994341,0.09365529543755985,https://openalex.org/W2894925006
2785,0,15,1,125,0.1614572279994341,0.09365529543755985,https://openalex.org/W2894925006
1488,0,15,1,7,0.14231014985445892,0.007253430569162499,https://openalex.org/W1857170875
1696,0,15,1,7,0.14231014985445892,0.007253430569162499,https://openalex.org/W1857170875
1491,0,15,1,14,0.14769212862848596,0.01799829723837077,https://openalex.org/W2074938072
1546,0,15,1,14,0.14769212862848596,0.01799829723837077,https://openalex.org/W2074938072
1494,0,15,1,4,0.13764119793598958,0.004163749703241085,https://openalex.org/W2142813322
71,0,15,1,198,0.1792627230513948,0.11896063709210696,https://openalex.org/W2894683557
1500,0,15,1,198,0.1792627230513948,0.11896063709210696,https://openalex.org/W2894683557
1572,0,15,1,198,0.1792627230513948,0.11896063709210696,https://openalex.org/W2894683557
1721,0,15,1,198,0.1792627230513948,0.11896063709210696,https://openalex.org/W2894683557
1821,0,15,1,198,0.1792627230513948,0.11896063709210696,https://openalex.org/W2894683557
1895,0,15,1,198,0.1792627230513948,0.11896063709210696,https://openalex.org/W2894683557
2666,0,15,1,198,0.1792627230513948,0.11896063709210696,https://openalex.org/W2894683557
58,0,15,1,158,0.16684793559601838,0.09265441710698324,https://openalex.org/W2894753606
1501,0,15,1,158,0.16684793559601838,0.09265441710698324,https://openalex.org/W2894753606
2667,0,15,1,158,0.16684793559601838,0.09265441710698324,https://openalex.org/W2894753606
1502,0,15,1,32,0.1540428541984374,0.038470609551751266,https://openalex.org/W2895302723
1527,0,15,1,32,0.1540428541984374,0.038470609551751266,https://openalex.org/W2895302723
1577,0,15,1,32,0.1540428541984374,0.038470609551751266,https://openalex.org/W2895302723
1723,0,15,1,32,0.1540428541984374,0.038470609551751266,https://openalex.org/W2895302723
1822,0,15,1,32,0.1540428541984374,0.038470609551751266,https://openalex.org/W2895302723
2198,0,15,1,32,0.1540428541984374,0.038470609551751266,https://openalex.org/W2895302723
2283,0,15,1,32,0.1540428541984374,0.038470609551751266,https://openalex.org/W2895302723
2668,0,15,1,32,0.1540428541984374,0.038470609551751266,https://openalex.org/W2895302723
1504,0,15,1,14,0.14769212862848596,0.01799829723837077,https://openalex.org/W2973281857
1582,0,15,1,14,0.14769212862848596,0.01799829723837077,https://openalex.org/W2973281857
1505,0,15,1,7,0.14231014985445892,0.007253430569162499,https://openalex.org/W3131215869
1725,0,15,1,7,0.14231014985445892,0.007253430569162499,https://openalex.org/W3131215869
53,0,15,1,143,0.16182064717438677,0.08697747657647957,https://openalex.org/W2894914095
1573,0,15,1,143,0.16182064717438677,0.08697747657647957,https://openalex.org/W2894914095
1507,0,15,1,2,0.13788117910229766,0.001933543843176705,https://openalex.org/W1267149598
1508,0,15,1,5,0.1399057943814645,0.005004465693490372,https://openalex.org/W1877512765
2257,0,15,1,5,0.1399057943814645,0.005004465693490372,https://openalex.org/W1877512765
1510,0,15,1,2,0.13788117910229766,0.001933543843176705,https://openalex.org/W2012226695
1512,0,15,1,12,0.14760253889062164,0.015768091378306395,https://openalex.org/W2031279303
1540,0,15,1,12,0.14760253889062164,0.015768091378306395,https://openalex.org/W2031279303
1513,0,15,1,14,0.14768523324921387,0.017816086597562345,https://openalex.org/W2051928215
1544,0,15,1,14,0.14768523324921387,0.017816086597562345,https://openalex.org/W2051928215
1813,0,15,1,14,0.14768523324921387,0.017816086597562345,https://openalex.org/W2051928215
1514,0,15,1,2,0.13788117910229766,0.001933543843176705,https://openalex.org/W2075436403
1515,0,15,1,2,0.13788117910229766,0.001933543843176705,https://openalex.org/W2106023093
1516,0,15,1,2,0.13788117910229766,0.001933543843176705,https://openalex.org/W2131975068
1519,0,3,1,3,0.13994912228310014,0.0021639764867689157,https://openalex.org/W2283157884
3269,0,3,1,3,0.13994912228310014,0.0021639764867689157,https://openalex.org/W2283157884
1522,0,15,1,12,0.14760253889062164,0.015768091378306395,https://openalex.org/W2556440744
1563,0,15,1,12,0.14760253889062164,0.015768091378306395,https://openalex.org/W2556440744
1523,0,3,1,4,0.14092172722256482,0.0020511716244418395,https://openalex.org/W2611260254
2489,0,3,1,4,0.14092172722256482,0.0020511716244418395,https://openalex.org/W2611260254
1524,0,15,1,2,0.13788117910229766,0.001933543843176705,https://openalex.org/W2612500370
1525,0,15,1,12,0.14760253889062164,0.015768091378306395,https://openalex.org/W2624723617
1567,0,15,1,12,0.14760253889062164,0.015768091378306395,https://openalex.org/W2624723617
1526,0,15,1,2,0.13788117910229766,0.001933543843176705,https://openalex.org/W2891545820
1530,0,15,1,12,0.14760253889062164,0.015768091378306395,https://openalex.org/W2916481247
1580,0,15,1,12,0.14760253889062164,0.015768091378306395,https://openalex.org/W2916481247
1531,0,15,1,12,0.14760253889062164,0.015768091378306395,https://openalex.org/W2916822073
1581,0,15,1,12,0.14760253889062164,0.015768091378306395,https://openalex.org/W2916822073
1535,0,15,1,15,0.14789237509770967,0.01876137716054522,https://openalex.org/W1600079813
2065,0,15,1,15,0.14789237509770967,0.01876137716054522,https://openalex.org/W1600079813
2255,0,15,1,15,0.14789237509770967,0.01876137716054522,https://openalex.org/W1600079813
1537,0,15,1,10,0.14743742768421872,0.013834547535129688,https://openalex.org/W1995264826
1541,0,15,1,13,0.1476645509739946,0.016905469385443357,https://openalex.org/W2035387102
2263,0,15,1,13,0.1476645509739946,0.016905469385443357,https://openalex.org/W2035387102
1545,0,15,1,12,0.14769212862848596,0.015690455310231548,https://openalex.org/W2070030549
2077,0,15,1,12,0.14769212862848596,0.015690455310231548,https://openalex.org/W2070030549
1548,0,15,1,18,0.17078447311116038,0.02314185752451915,https://openalex.org/W2136933546
2178,0,15,1,18,0.17078447311116038,0.02314185752451915,https://openalex.org/W2136933546
2518,0,15,1,18,0.17078447311116038,0.02314185752451915,https://openalex.org/W2136933546
1550,0,15,1,10,0.14743742768421872,0.013834547535129688,https://openalex.org/W2143696727
1551,0,15,1,10,0.14743742768421872,0.013834547535129688,https://openalex.org/W2154065358
1556,0,15,1,10,0.14743742768421872,0.013834547535129688,https://openalex.org/W2243918190
1557,0,15,1,13,0.1476645509739946,0.016905469385443357,https://openalex.org/W2269093455
2277,0,15,1,13,0.1476645509739946,0.016905469385443357,https://openalex.org/W2269093455
1559,0,15,1,13,0.15199990442385816,0.016764609996671127,https://openalex.org/W2397899567
2094,0,15,1,13,0.15199990442385816,0.016764609996671127,https://openalex.org/W2397899567
2661,0,15,1,13,0.15199990442385816,0.016764609996671127,https://openalex.org/W2397899567
1562,0,15,1,10,0.14743742768421872,0.013834547535129688,https://openalex.org/W2492849656
1564,0,15,1,17,0.15322951031606824,0.02309056338340285,https://openalex.org/W2582127214
2193,0,15,1,17,0.15322951031606824,0.02309056338340285,https://openalex.org/W2582127214
1565,0,15,1,10,0.14743742768421872,0.013834547535129688,https://openalex.org/W2586871559
1566,0,15,1,10,0.14743742768421872,0.013834547535129688,https://openalex.org/W2588363293
1568,0,15,1,10,0.14743742768421872,0.013834547535129688,https://openalex.org/W2756397072
1570,0,15,1,10,0.14743742768421872,0.013834547535129688,https://openalex.org/W278247335
61,0,15,1,131,0.1636033106265794,0.09212934659194343,https://openalex.org/W2895198122
1575,0,15,1,131,0.1636033106265794,0.09212934659194343,https://openalex.org/W2895198122
68,0,15,1,146,0.1618372051041089,0.08348565756927535,https://openalex.org/W2895270365
1576,0,15,1,146,0.1618372051041089,0.08348565756927535,https://openalex.org/W2895270365
73,0,15,1,151,0.16295435869384464,0.09209291509631089,https://openalex.org/W2895497822
1579,0,15,1,151,0.16295435869384464,0.09209291509631089,https://openalex.org/W2895497822
2787,0,15,1,151,0.16295435869384464,0.09209291509631089,https://openalex.org/W2895497822
1583,0,15,1,10,0.14743742768421872,0.013834547535129688,https://openalex.org/W2986403368
55,0,8,11,34,0.1206940368180744,1.7866745319946947e-06,https://openalex.org/W2966612541
1585,0,8,11,1,0.1068491812519815,1.98723655155636e-08,https://openalex.org/W1596061696
1586,0,8,11,1,0.1068491812519815,1.98723655155636e-08,https://openalex.org/W1704432049
1587,0,8,11,1,0.1068491812519815,1.98723655155636e-08,https://openalex.org/W1922215271
1588,0,8,11,1,0.1068491812519815,1.98723655155636e-08,https://openalex.org/W1930837752
1589,0,8,11,1,0.1068491812519815,1.98723655155636e-08,https://openalex.org/W1967909970
1590,0,8,11,1,0.1068491812519815,1.98723655155636e-08,https://openalex.org/W1974287545
1591,0,8,11,1,0.1068491812519815,1.98723655155636e-08,https://openalex.org/W1982245190
1592,0,8,11,1,0.1068491812519815,1.98723655155636e-08,https://openalex.org/W1993161724
1593,0,8,11,1,0.1068491812519815,1.98723655155636e-08,https://openalex.org/W1993531522
1594,0,8,11,1,0.1068491812519815,1.98723655155636e-08,https://openalex.org/W1997418591
1595,0,8,11,1,0.1068491812519815,1.98723655155636e-08,https://openalex.org/W2046745069
1596,0,8,11,1,0.1068491812519815,1.98723655155636e-08,https://openalex.org/W2052848339
1597,0,8,11,1,0.1068491812519815,1.98723655155636e-08,https://openalex.org/W2068131535
1598,0,8,11,1,0.1068491812519815,1.98723655155636e-08,https://openalex.org/W2087484885
1599,0,8,11,1,0.1068491812519815,1.98723655155636e-08,https://openalex.org/W2109384363
1600,0,8,11,1,0.1068491812519815,1.98723655155636e-08,https://openalex.org/W2114244145
1601,0,8,11,1,0.1068491812519815,1.98723655155636e-08,https://openalex.org/W2132344999
1602,0,8,11,2,0.13798342468767338,8.00995461667642e-05,https://openalex.org/W2136608905
3330,0,8,11,2,0.13798342468767338,8.00995461667642e-05,https://openalex.org/W2136608905
1603,0,8,11,1,0.1068491812519815,1.98723655155636e-08,https://openalex.org/W2143652571
1604,0,8,11,1,0.1068491812519815,1.98723655155636e-08,https://openalex.org/W2158274239
1605,0,8,11,1,0.1068491812519815,1.98723655155636e-08,https://openalex.org/W2162908942
1606,0,8,11,1,0.1068491812519815,1.98723655155636e-08,https://openalex.org/W2167210310
1607,0,8,11,1,0.1068491812519815,1.98723655155636e-08,https://openalex.org/W2335525951
1608,0,8,11,1,0.1068491812519815,1.98723655155636e-08,https://openalex.org/W2417283954
1609,0,8,11,1,0.1068491812519815,1.98723655155636e-08,https://openalex.org/W2547931126
1610,0,8,11,1,0.1068491812519815,1.98723655155636e-08,https://openalex.org/W2736187401
1611,0,8,11,2,0.10701546097516534,1.987729312357459e-08,https://openalex.org/W2738743251
2692,0,8,11,2,0.10701546097516534,1.987729312357459e-08,https://openalex.org/W2738743251
1612,0,8,11,1,0.1068491812519815,1.98723655155636e-08,https://openalex.org/W2741250308
1613,0,8,11,1,0.1068491812519815,1.98723655155636e-08,https://openalex.org/W2760647500
1614,0,8,11,1,0.1068491812519815,1.98723655155636e-08,https://openalex.org/W2883207737
1615,0,8,11,1,0.1068491812519815,1.98723655155636e-08,https://openalex.org/W2923686499
1616,0,8,11,1,0.1068491812519815,1.98723655155636e-08,https://openalex.org/W4248492965
56,0,11,0,73,0.15658977332631616,2.145998479197072e-06,https://openalex.org/W2474144775
1619,0,11,0,1,0.13405390562210928,2.3872094892960255e-08,https://openalex.org/W1943745580
1620,0,11,0,3,0.15838523988408335,6.198834315738366e-07,https://openalex.org/W1965315711
3195,0,11,0,3,0.15838523988408335,6.198834315738366e-07,https://openalex.org/W1965315711
3603,0,11,0,3,0.15838523988408335,6.198834315738366e-07,https://openalex.org/W1965315711
1621,0,11,0,1,0.13405390562210928,2.3872094892960255e-08,https://openalex.org/W1984460816
1622,0,11,0,1,0.13405390562210928,2.3872094892960255e-08,https://openalex.org/W1985012197
1623,0,11,0,1,0.13405390562210928,2.3872094892960255e-08,https://openalex.org/W1999767733
1624,0,11,0,1,0.13405390562210928,2.3872094892960255e-08,https://openalex.org/W2002077960
1625,0,11,0,1,0.13405390562210928,2.3872094892960255e-08,https://openalex.org/W2006479550
1626,0,11,0,1,0.13405390562210928,2.3872094892960255e-08,https://openalex.org/W2019680541
1627,0,11,0,1,0.13405390562210928,2.3872094892960255e-08,https://openalex.org/W2019977955
1628,0,11,0,1,0.13405390562210928,2.3872094892960255e-08,https://openalex.org/W2022193896
1629,0,11,0,1,0.13405390562210928,2.3872094892960255e-08,https://openalex.org/W2041927436
1630,0,11,0,1,0.13405390562210928,2.3872094892960255e-08,https://openalex.org/W2048342163
1631,0,11,0,1,0.13405390562210928,2.3872094892960255e-08,https://openalex.org/W2062732607
1632,0,0,5,2,0.1366836629203177,3.570455330129343e-08,https://openalex.org/W2064920814
2840,0,0,5,2,0.1366836629203177,3.570455330129343e-08,https://openalex.org/W2064920814
1633,0,11,0,1,0.13405390562210928,2.3872094892960255e-08,https://openalex.org/W2074914263
1634,0,11,0,1,0.13405390562210928,2.3872094892960255e-08,https://openalex.org/W2076935871
1635,0,11,0,1,0.13405390562210928,2.3872094892960255e-08,https://openalex.org/W2076950612
1636,0,11,0,1,0.13405390562210928,2.3872094892960255e-08,https://openalex.org/W2081034705
1637,0,11,0,1,0.13405390562210928,2.3872094892960255e-08,https://openalex.org/W2084779920
1638,0,11,0,1,0.13405390562210928,2.3872094892960255e-08,https://openalex.org/W2097624604
1639,0,11,0,6,0.16484809062300862,1.7483719192771863e-05,https://openalex.org/W2099246599
2156,0,11,0,6,0.16484809062300862,1.7483719192771863e-05,https://openalex.org/W2099246599
2230,0,11,0,6,0.16484809062300862,1.7483719192771863e-05,https://openalex.org/W2099246599
2891,0,11,0,6,0.16484809062300862,1.7483719192771863e-05,https://openalex.org/W2099246599
3201,0,11,0,6,0.16484809062300862,1.7483719192771863e-05,https://openalex.org/W2099246599
1640,0,11,7,2,0.13935724089012347,2.3878064848391887e-08,https://openalex.org/W2099697766
3107,0,11,7,2,0.13935724089012347,2.3878064848391887e-08,https://openalex.org/W2099697766
1642,0,11,0,1,0.13405390562210928,2.3872094892960255e-08,https://openalex.org/W2102883492
1643,0,11,0,4,0.1537957025945601,2.503114695195939e-07,https://openalex.org/W2105099865
2157,0,11,0,4,0.1537957025945601,2.503114695195939e-07,https://openalex.org/W2105099865
2847,0,11,0,4,0.1537957025945601,2.503114695195939e-07,https://openalex.org/W2105099865
3409,0,11,0,4,0.1537957025945601,2.503114695195939e-07,https://openalex.org/W2105099865
1644,0,11,0,1,0.13405390562210928,2.3872094892960255e-08,https://openalex.org/W2119613677
1645,0,11,0,1,0.13405390562210928,2.3872094892960255e-08,https://openalex.org/W2122774972
1647,0,11,0,1,0.13405390562210928,2.3872094892960255e-08,https://openalex.org/W2127753873
1648,0,11,0,4,0.16505452705269566,1.75484336323095e-05,https://openalex.org/W2129716887
2234,0,11,0,4,0.16505452705269566,1.75484336323095e-05,https://openalex.org/W2129716887
3622,0,11,0,4,0.16505452705269566,1.75484336323095e-05,https://openalex.org/W2129716887
1649,0,11,0,1,0.13405390562210928,2.3872094892960255e-08,https://openalex.org/W2136255495
1650,0,11,0,1,0.13405390562210928,2.3872094892960255e-08,https://openalex.org/W2140568160
1652,0,11,0,1,0.13405390562210928,2.3872094892960255e-08,https://openalex.org/W2143535194
1653,0,11,0,1,0.13405390562210928,2.3872094892960255e-08,https://openalex.org/W2148474051
1654,0,11,0,1,0.13405390562210928,2.3872094892960255e-08,https://openalex.org/W2165844264
1655,0,11,0,4,0.16035230957392976,4.426262933355266e-06,https://openalex.org/W2169106516
2415,0,11,0,4,0.16035230957392976,4.426262933355266e-06,https://openalex.org/W2169106516
1656,0,11,0,1,0.13405390562210928,2.3872094892960255e-08,https://openalex.org/W2170858220
1657,0,11,0,1,0.13405390562210928,2.3872094892960255e-08,https://openalex.org/W2252891115
1658,0,11,0,1,0.13405390562210928,2.3872094892960255e-08,https://openalex.org/W2513665405
1659,0,11,0,1,0.13405390562210928,2.3872094892960255e-08,https://openalex.org/W2601489336
1660,0,11,0,1,0.13405390562210928,2.3872094892960255e-08,https://openalex.org/W4233293307
1661,0,11,0,1,0.13405390562210928,2.3872094892960255e-08,https://openalex.org/W4240937236
1662,0,11,0,1,0.13405390562210928,2.3872094892960255e-08,https://openalex.org/W4241284477
1663,0,11,5,2,0.1366836629203177,3.570455330129343e-08,https://openalex.org/W4254865137
2880,0,11,5,2,0.1366836629203177,3.570455330129343e-08,https://openalex.org/W4254865137
57,0,6,2,47,0.1785745744024451,0.0002113427337682866,https://openalex.org/W2794438485
1664,0,6,2,1,0.14984699246636252,2.3494879047813835e-06,https://openalex.org/W124394790
1665,0,6,2,1,0.14984699246636252,2.3494879047813835e-06,https://openalex.org/W1425736203
1666,0,6,2,1,0.14984699246636252,2.3494879047813835e-06,https://openalex.org/W1446504491
1667,0,6,2,1,0.14984699246636252,2.3494879047813835e-06,https://openalex.org/W1588681995
1668,0,6,2,1,0.14984699246636252,2.3494879047813835e-06,https://openalex.org/W1929782295
1669,0,6,2,1,0.14984699246636252,2.3494879047813835e-06,https://openalex.org/W1975391969
1670,0,6,2,1,0.14984699246636252,2.3494879047813835e-06,https://openalex.org/W1983882636
1671,0,6,2,1,0.14984699246636252,2.3494879047813835e-06,https://openalex.org/W2024957938
1672,0,6,2,1,0.14984699246636252,2.3494879047813835e-06,https://openalex.org/W2090509539
1673,0,6,2,1,0.14984699246636252,2.3494879047813835e-06,https://openalex.org/W2092505975
1674,0,6,2,1,0.14984699246636252,2.3494879047813835e-06,https://openalex.org/W2096644291
1675,0,6,2,1,0.14984699246636252,2.3494879047813835e-06,https://openalex.org/W2098660853
1676,0,6,2,1,0.14984699246636252,2.3494879047813835e-06,https://openalex.org/W2104719820
1677,0,6,2,1,0.14984699246636252,2.3494879047813835e-06,https://openalex.org/W2109549141
1678,0,6,2,1,0.14984699246636252,2.3494879047813835e-06,https://openalex.org/W2110000531
1679,0,6,2,1,0.14984699246636252,2.3494879047813835e-06,https://openalex.org/W2122429912
1680,0,6,2,1,0.14984699246636252,2.3494879047813835e-06,https://openalex.org/W2133707754
1681,0,6,2,1,0.14984699246636252,2.3494879047813835e-06,https://openalex.org/W2157759970
1682,0,6,2,1,0.14984699246636252,2.3494879047813835e-06,https://openalex.org/W2168367179
1683,0,6,2,1,0.14984699246636252,2.3494879047813835e-06,https://openalex.org/W2247997571
1684,0,6,2,1,0.14984699246636252,2.3494879047813835e-06,https://openalex.org/W2408784058
1685,0,6,2,1,0.14984699246636252,2.3494879047813835e-06,https://openalex.org/W2410712129
1686,0,6,2,1,0.14984699246636252,2.3494879047813835e-06,https://openalex.org/W2411322515
1687,0,6,2,1,0.14984699246636252,2.3494879047813835e-06,https://openalex.org/W2463010065
1688,0,6,2,1,0.14984699246636252,2.3494879047813835e-06,https://openalex.org/W2503715547
1689,0,6,2,1,0.14984699246636252,2.3494879047813835e-06,https://openalex.org/W2916927902
1690,0,6,2,1,0.14984699246636252,2.3494879047813835e-06,https://openalex.org/W3128912306
1691,0,6,2,1,0.14984699246636252,2.3494879047813835e-06,https://openalex.org/W4254865371
1698,0,15,1,3,0.1415270015196149,0.003089680865921415,https://openalex.org/W1928015332
1699,0,15,1,3,0.1415270015196149,0.003089680865921415,https://openalex.org/W1976757785
1700,0,15,1,3,0.1415270015196149,0.003089680865921415,https://openalex.org/W1998815908
1701,0,15,1,3,0.1415270015196149,0.003089680865921415,https://openalex.org/W2016234800
1703,0,15,1,5,0.14245755509862248,0.005137676085177367,https://openalex.org/W2020540054
1811,0,15,1,5,0.14245755509862248,0.005137676085177367,https://openalex.org/W2020540054
1705,0,15,1,3,0.1415270015196149,0.003089680865921415,https://openalex.org/W2067201767
1707,0,15,1,3,0.1415270015196149,0.003089680865921415,https://openalex.org/W2109224543
1708,0,15,1,3,0.1415270015196149,0.003089680865921415,https://openalex.org/W2118399667
1709,0,15,1,3,0.1415270015196149,0.003089680865921415,https://openalex.org/W2153853097
1710,0,15,1,3,0.1415270015196149,0.003089680865921415,https://openalex.org/W2164448990
1712,0,15,1,3,0.1415270015196149,0.003089680865921415,https://openalex.org/W2170756663
1716,0,15,1,3,0.1415270015196149,0.003089680865921415,https://openalex.org/W2582743722
1717,0,15,1,3,0.1415270015196149,0.003089680865921415,https://openalex.org/W2617619553
1718,0,15,1,3,0.1415270015196149,0.003089680865921415,https://openalex.org/W2620297369
1726,0,15,1,3,0.1415270015196149,0.003089680865921415,https://openalex.org/W4298212750
1728,0,18,3,2,0.08489037412352501,4.492155435157822e-17,https://openalex.org/W11089123
1729,0,18,3,2,0.08489037412352501,4.492155435157822e-17,https://openalex.org/W115394847
1730,0,18,3,2,0.08489037412352501,4.492155435157822e-17,https://openalex.org/W141677129
1731,0,18,3,2,0.08489037412352501,4.492155435157822e-17,https://openalex.org/W1483523349
1733,0,18,3,2,0.08489037412352501,4.492155435157822e-17,https://openalex.org/W1551512768
1736,0,18,3,2,0.08489037412352501,4.492155435157822e-17,https://openalex.org/W1893952289
1737,0,18,3,2,0.08489037412352501,4.492155435157822e-17,https://openalex.org/W1983981789
1738,0,18,3,2,0.08489037412352501,4.492155435157822e-17,https://openalex.org/W1987461870
1740,0,18,3,2,0.08489037412352501,4.492155435157822e-17,https://openalex.org/W1994128420
1742,0,18,3,2,0.08489037412352501,4.492155435157822e-17,https://openalex.org/W2027583338
1743,0,18,3,2,0.08489037412352501,4.492155435157822e-17,https://openalex.org/W2030441548
1745,0,18,3,2,0.08489037412352501,4.492155435157822e-17,https://openalex.org/W2060058757
1746,0,18,3,2,0.08489037412352501,4.492155435157822e-17,https://openalex.org/W2076232892
1748,0,18,3,2,0.08489037412352501,4.492155435157822e-17,https://openalex.org/W2082679122
1749,0,18,3,2,0.08489037412352501,4.492155435157822e-17,https://openalex.org/W2093521622
1750,0,18,3,2,0.08489037412352501,4.492155435157822e-17,https://openalex.org/W2096962201
1751,0,18,3,2,0.08489037412352501,4.492155435157822e-17,https://openalex.org/W2108604890
1752,0,18,3,2,0.08489037412352501,4.492155435157822e-17,https://openalex.org/W2124074613
1753,0,18,3,2,0.08489037412352501,4.492155435157822e-17,https://openalex.org/W2131442425
1755,0,18,3,2,0.08489037412352501,4.492155435157822e-17,https://openalex.org/W2141964226
1756,0,18,3,2,0.08489037412352501,4.492155435157822e-17,https://openalex.org/W2144924867
1757,0,18,3,2,0.08489037412352501,4.492155435157822e-17,https://openalex.org/W2491390765
1758,0,18,3,2,0.08489037412352501,4.492155435157822e-17,https://openalex.org/W2498526015
1760,0,18,3,2,0.08489037412352501,4.492155435157822e-17,https://openalex.org/W2602066178
1761,0,18,3,2,0.08489037412352501,4.492155435157822e-17,https://openalex.org/W2621206683
1762,0,18,3,2,0.08489037412352501,4.492155435157822e-17,https://openalex.org/W2790841064
1763,0,18,3,2,0.08489037412352501,4.492155435157822e-17,https://openalex.org/W4230437022
1764,0,18,3,2,0.08489037412352501,4.492155435157822e-17,https://openalex.org/W4240310297
1765,0,18,3,2,0.08489037412352501,4.492155435157822e-17,https://openalex.org/W4254451909
1766,0,18,3,2,0.08489037412352501,4.492155435157822e-17,https://openalex.org/W4288073924
1767,0,18,3,2,0.08489037412352501,4.492155435157822e-17,https://openalex.org/W69544125
60,0,11,0,57,0.15606443391212751,9.285075643749362e-06,https://openalex.org/W2581724875
1768,0,11,0,1,0.1336687095273574,1.0328699542769767e-07,https://openalex.org/W1013112569
1769,0,11,0,1,0.1336687095273574,1.0328699542769767e-07,https://openalex.org/W111516281
1770,0,11,0,1,0.1336687095273574,1.0328699542769767e-07,https://openalex.org/W1485842059
1771,0,11,0,1,0.1336687095273574,1.0328699542769767e-07,https://openalex.org/W1564581052
1772,0,11,0,2,0.14310201361524147,2.0556939095744445e-07,https://openalex.org/W1646365943
3378,0,11,0,2,0.14310201361524147,2.0556939095744445e-07,https://openalex.org/W1646365943
1773,0,11,0,1,0.1336687095273574,1.0328699542769767e-07,https://openalex.org/W187056649
1775,0,11,0,1,0.1336687095273574,1.0328699542769767e-07,https://openalex.org/W1964880708
1777,0,11,0,2,0.13786315149117073,1.0897598120522757e-07,https://openalex.org/W1986959305
2349,0,11,0,2,0.13786315149117073,1.0897598120522757e-07,https://openalex.org/W1986959305
1778,0,11,0,1,0.1336687095273574,1.0328699542769767e-07,https://openalex.org/W1990166011
1779,0,11,0,1,0.1336687095273574,1.0328699542769767e-07,https://openalex.org/W2009691381
1780,0,11,0,1,0.1336687095273574,1.0328699542769767e-07,https://openalex.org/W2015901745
1781,0,11,0,1,0.1336687095273574,1.0328699542769767e-07,https://openalex.org/W2018561502
1782,0,11,0,1,0.1336687095273574,1.0328699542769767e-07,https://openalex.org/W2019398887
1783,0,11,0,1,0.1336687095273574,1.0328699542769767e-07,https://openalex.org/W2038909771
1785,0,11,0,5,0.1557187166961166,1.830478856625243e-05,https://openalex.org/W2046866325
2224,0,11,0,5,0.1557187166961166,1.830478856625243e-05,https://openalex.org/W2046866325
2888,0,11,0,5,0.1557187166961166,1.830478856625243e-05,https://openalex.org/W2046866325
2914,0,11,0,5,0.1557187166961166,1.830478856625243e-05,https://openalex.org/W2046866325
1786,0,11,0,1,0.1336687095273574,1.0328699542769767e-07,https://openalex.org/W2064712015
1787,0,11,0,1,0.1336687095273574,1.0328699542769767e-07,https://openalex.org/W2065580111
1788,0,11,0,1,0.1336687095273574,1.0328699542769767e-07,https://openalex.org/W2069357663
1789,0,11,0,1,0.1336687095273574,1.0328699542769767e-07,https://openalex.org/W2100333721
1790,0,11,0,1,0.1336687095273574,1.0328699542769767e-07,https://openalex.org/W2113237624
1791,0,11,0,1,0.1336687095273574,1.0328699542769767e-07,https://openalex.org/W2122141875
1792,0,11,0,1,0.1336687095273574,1.0328699542769767e-07,https://openalex.org/W2123969858
1793,0,11,0,1,0.1336687095273574,1.0328699542769767e-07,https://openalex.org/W2127000934
1794,0,11,0,1,0.1336687095273574,1.0328699542769767e-07,https://openalex.org/W2133526648
1795,0,11,0,1,0.1336687095273574,1.0328699542769767e-07,https://openalex.org/W2143804633
1796,0,11,0,1,0.1336687095273574,1.0328699542769767e-07,https://openalex.org/W2145323122
1797,0,11,0,1,0.1336687095273574,1.0328699542769767e-07,https://openalex.org/W2146048262
1798,0,11,0,1,0.1336687095273574,1.0328699542769767e-07,https://openalex.org/W2148370712
1799,0,11,0,1,0.1336687095273574,1.0328699542769767e-07,https://openalex.org/W2257756882
1800,0,11,0,1,0.1336687095273574,1.0328699542769767e-07,https://openalex.org/W2279704636
1801,0,11,0,1,0.1336687095273574,1.0328699542769767e-07,https://openalex.org/W2342090359
1802,0,11,0,1,0.1336687095273574,1.0328699542769767e-07,https://openalex.org/W2405193268
1803,0,11,0,1,0.1336687095273574,1.0328699542769767e-07,https://openalex.org/W4388365222
1804,0,11,0,1,0.1336687095273574,1.0328699542769767e-07,https://openalex.org/W61276154
1806,0,15,1,2,0.13917330331140448,0.0020479952192559523,https://openalex.org/W1524924475
1807,0,15,1,2,0.13917330331140448,0.0020479952192559523,https://openalex.org/W1854329019
1809,0,15,1,2,0.13917330331140448,0.0020479952192559523,https://openalex.org/W1929317958
1815,0,15,1,2,0.13917330331140448,0.0020479952192559523,https://openalex.org/W2115098571
1816,0,15,1,2,0.13917330331140448,0.0020479952192559523,https://openalex.org/W2146030787
1820,0,15,1,2,0.13917330331140448,0.0020479952192559523,https://openalex.org/W2534722177
1825,0,15,1,2,0.13917330331140448,0.0020479952192559523,https://openalex.org/W2991243600
1827,0,15,1,2,0.13917330331140448,0.0020479952192559523,https://openalex.org/W612972800
1828,0,3,1,2,0.13376480086962586,0.00010596687185912619,https://openalex.org/W1521061950
1830,0,3,1,2,0.13376480086962586,0.00010596687185912619,https://openalex.org/W2003313129
1833,0,3,1,2,0.13376480086962586,0.00010596687185912619,https://openalex.org/W2054882319
1834,0,3,1,2,0.13376480086962586,0.00010596687185912619,https://openalex.org/W2076646346
1837,0,3,1,2,0.13376480086962586,0.00010596687185912619,https://openalex.org/W2096764881
1838,0,3,1,2,0.13376480086962586,0.00010596687185912619,https://openalex.org/W2098758387
1840,0,3,1,3,0.1444877363068064,0.00018604654566037484,https://openalex.org/W2162561274
3332,0,3,1,3,0.1444877363068064,0.00018604654566037484,https://openalex.org/W2162561274
1841,0,3,1,2,0.13376480086962586,0.00010596687185912619,https://openalex.org/W2163714049
1842,0,3,1,2,0.13376480086962586,0.00010596687185912619,https://openalex.org/W2168638648
1843,0,3,1,2,0.13376480086962586,0.00010596687185912619,https://openalex.org/W2489611042
1844,0,3,1,2,0.13376480086962586,0.00010596687185912619,https://openalex.org/W2514447125
1845,0,3,1,2,0.13376480086962586,0.00010596687185912619,https://openalex.org/W2534486386
1846,0,3,1,2,0.13376480086962586,0.00010596687185912619,https://openalex.org/W2586757216
1847,0,3,1,2,0.13376480086962586,0.00010596687185912619,https://openalex.org/W2730718946
1849,0,3,1,2,0.13376480086962586,0.00010596687185912619,https://openalex.org/W2792865352
1851,0,3,1,2,0.13376480086962586,0.00010596687185912619,https://openalex.org/W3151980590
1852,0,3,1,2,0.13376480086962586,0.00010596687185912619,https://openalex.org/W565231934
63,0,9,14,123,0.16349338489585033,0.07451091833340297,https://openalex.org/W2793868721
1855,0,9,14,1,0.13908151648632222,0.0008281237651407918,https://openalex.org/W1517154901
1856,0,9,14,1,0.13908151648632222,0.0008281237651407918,https://openalex.org/W1574166664
1859,0,9,14,1,0.13908151648632222,0.0008281237651407918,https://openalex.org/W1964151488
1860,0,9,14,1,0.13908151648632222,0.0008281237651407918,https://openalex.org/W1965118268
1861,0,9,14,4,0.14999620707311453,0.003758186226682231,https://openalex.org/W1975611478
2072,0,9,14,4,0.14999620707311453,0.003758186226682231,https://openalex.org/W1975611478
2646,0,9,14,4,0.14999620707311453,0.003758186226682231,https://openalex.org/W1975611478
1862,0,9,14,1,0.13908151648632222,0.0008281237651407918,https://openalex.org/W1990572330
1863,0,9,14,1,0.13908151648632222,0.0008281237651407918,https://openalex.org/W1991390577
1864,0,9,14,1,0.13908151648632222,0.0008281237651407918,https://openalex.org/W2009430924
1866,0,9,14,1,0.13908151648632222,0.0008281237651407918,https://openalex.org/W2020961339
1867,0,9,14,3,0.14095940514972205,0.002684031540242654,https://openalex.org/W2035360716
2076,0,9,14,3,0.14095940514972205,0.002684031540242654,https://openalex.org/W2035360716
1869,0,9,14,1,0.13908151648632222,0.0008281237651407918,https://openalex.org/W2045576870
1870,0,9,14,1,0.13908151648632222,0.0008281237651407918,https://openalex.org/W2047582079
1871,0,9,14,1,0.13908151648632222,0.0008281237651407918,https://openalex.org/W2061903813
1872,0,9,14,1,0.13908151648632222,0.0008281237651407918,https://openalex.org/W2068368131
1873,0,9,14,1,0.13908151648632222,0.0008281237651407918,https://openalex.org/W2073873126
1874,0,9,14,1,0.13908151648632222,0.0008281237651407918,https://openalex.org/W2074040514
1875,0,9,14,1,0.13908151648632222,0.0008281237651407918,https://openalex.org/W2106217555
1876,0,9,14,1,0.13908151648632222,0.0008281237651407918,https://openalex.org/W2120765246
1877,0,9,14,1,0.13908151648632222,0.0008281237651407918,https://openalex.org/W2126422123
1878,0,9,14,1,0.13908151648632222,0.0008281237651407918,https://openalex.org/W2129439742
1879,0,11,14,2,0.1622605801982515,0.0008794179062570936,https://openalex.org/W2136823874
2517,0,11,14,2,0.1622605801982515,0.0008794179062570936,https://openalex.org/W2136823874
1880,0,9,14,1,0.13908151648632222,0.0008281237651407918,https://openalex.org/W2137725544
1882,0,9,14,1,0.13908151648632222,0.0008281237651407918,https://openalex.org/W2141789817
1883,0,9,14,1,0.13908151648632222,0.0008281237651407918,https://openalex.org/W2144568428
1886,0,9,14,1,0.13908151648632222,0.0008281237651407918,https://openalex.org/W2182977133
1887,0,9,14,1,0.13908151648632222,0.0008281237651407918,https://openalex.org/W2270819606
1888,0,11,14,2,0.1622605801982515,0.0008794179062570936,https://openalex.org/W2425091006
2527,0,11,14,2,0.1622605801982515,0.0008794179062570936,https://openalex.org/W2425091006
1889,0,9,14,1,0.13908151648632222,0.0008281237651407918,https://openalex.org/W2513715513
1890,0,9,14,1,0.13908151648632222,0.0008281237651407918,https://openalex.org/W2537147608
1891,0,9,14,1,0.13908151648632222,0.0008281237651407918,https://openalex.org/W2543739454
1892,0,9,14,1,0.13908151648632222,0.0008281237651407918,https://openalex.org/W2616452585
1893,0,9,14,1,0.13908151648632222,0.0008281237651407918,https://openalex.org/W2618096841
1894,0,9,14,1,0.13908151648632222,0.0008281237651407918,https://openalex.org/W2792467716
64,0,13,3,61,0.08000177063644189,2.491790367408491e-17,https://openalex.org/W2012525493
1897,0,13,3,1,0.07367407329431974,2.1914523065835175e-18,https://openalex.org/W1240377842
1898,0,13,3,1,0.07367407329431974,2.1914523065835175e-18,https://openalex.org/W138413052
1899,0,13,3,1,0.07367407329431974,2.1914523065835175e-18,https://openalex.org/W1496880959
1900,0,13,3,1,0.07367407329431974,2.1914523065835175e-18,https://openalex.org/W1519445462
1901,0,13,3,1,0.07367407329431974,2.1914523065835175e-18,https://openalex.org/W1564914554
1902,0,13,3,1,0.07367407329431974,2.1914523065835175e-18,https://openalex.org/W167564625
1903,0,13,3,1,0.07367407329431974,2.1914523065835175e-18,https://openalex.org/W1880528877
1904,0,13,3,1,0.07367407329431974,2.1914523065835175e-18,https://openalex.org/W1968032784
1905,0,13,3,1,0.07367407329431974,2.1914523065835175e-18,https://openalex.org/W1971202550
1906,0,13,3,1,0.07367407329431974,2.1914523065835175e-18,https://openalex.org/W1980050159
1907,0,13,3,1,0.07367407329431974,2.1914523065835175e-18,https://openalex.org/W1992243818
1908,0,13,3,1,0.07367407329431974,2.1914523065835175e-18,https://openalex.org/W2013083420
1909,0,13,3,2,0.07407085681086763,5.122957071538701e-18,https://openalex.org/W2018691396
2554,0,13,3,2,0.07407085681086763,5.122957071538701e-18,https://openalex.org/W2018691396
1910,0,13,3,1,0.07367407329431974,2.1914523065835175e-18,https://openalex.org/W2040058174
1911,0,13,3,1,0.07367407329431974,2.1914523065835175e-18,https://openalex.org/W2040648645
1912,0,13,3,1,0.07367407329431974,2.1914523065835175e-18,https://openalex.org/W2041285360
1914,0,13,3,1,0.07367407329431974,2.1914523065835175e-18,https://openalex.org/W2043882280
1915,0,13,3,1,0.07367407329431974,2.1914523065835175e-18,https://openalex.org/W2051773947
1916,0,13,3,1,0.07367407329431974,2.1914523065835175e-18,https://openalex.org/W2056880888
1917,0,13,3,1,0.07367407329431974,2.1914523065835175e-18,https://openalex.org/W2066797450
1918,0,13,3,1,0.07367407329431974,2.1914523065835175e-18,https://openalex.org/W2072813517
1919,0,13,3,1,0.07367407329431974,2.1914523065835175e-18,https://openalex.org/W2084207006
1920,0,13,3,1,0.07367407329431974,2.1914523065835175e-18,https://openalex.org/W2095337600
1921,0,13,3,2,0.07407085681086763,5.122957071538701e-18,https://openalex.org/W2103129510
2573,0,13,3,2,0.07407085681086763,5.122957071538701e-18,https://openalex.org/W2103129510
1922,0,13,3,2,0.07407085681086763,5.122957071538701e-18,https://openalex.org/W2106976007
2574,0,13,3,2,0.07407085681086763,5.122957071538701e-18,https://openalex.org/W2106976007
1923,0,13,3,1,0.07367407329431974,2.1914523065835175e-18,https://openalex.org/W2115736634
1925,0,13,3,1,0.07367407329431974,2.1914523065835175e-18,https://openalex.org/W2122621931
1926,0,13,3,1,0.07367407329431974,2.1914523065835175e-18,https://openalex.org/W2141858806
1927,0,13,3,1,0.07367407329431974,2.1914523065835175e-18,https://openalex.org/W2145359668
1928,0,13,3,2,0.07407085681086763,5.122957071538701e-18,https://openalex.org/W2147740030
2578,0,13,3,2,0.07407085681086763,5.122957071538701e-18,https://openalex.org/W2147740030
1929,0,13,3,1,0.07367407329431974,2.1914523065835175e-18,https://openalex.org/W2149617571
1930,0,13,3,1,0.07367407329431974,2.1914523065835175e-18,https://openalex.org/W2151566277
1933,0,13,3,1,0.07367407329431974,2.1914523065835175e-18,https://openalex.org/W2169244873
1934,0,13,3,1,0.07367407329431974,2.1914523065835175e-18,https://openalex.org/W2170280233
1935,0,13,3,1,0.07367407329431974,2.1914523065835175e-18,https://openalex.org/W2170660620
1936,0,13,3,1,0.07367407329431974,2.1914523065835175e-18,https://openalex.org/W2212977723
1937,0,13,3,1,0.07367407329431974,2.1914523065835175e-18,https://openalex.org/W2241267575
1939,0,13,3,1,0.07367407329431974,2.1914523065835175e-18,https://openalex.org/W2297601929
1940,0,13,3,1,0.07367407329431974,2.1914523065835175e-18,https://openalex.org/W2320856784
1941,0,13,3,1,0.07367407329431974,2.1914523065835175e-18,https://openalex.org/W2333057202
1942,0,13,3,1,0.07367407329431974,2.1914523065835175e-18,https://openalex.org/W2795598039
1943,0,13,3,1,0.07367407329431974,2.1914523065835175e-18,https://openalex.org/W316013760
1944,0,13,3,1,0.07367407329431974,2.1914523065835175e-18,https://openalex.org/W3205683051
1945,0,13,3,1,0.07367407329431974,2.1914523065835175e-18,https://openalex.org/W4210642391
1946,0,13,3,1,0.07367407329431974,2.1914523065835175e-18,https://openalex.org/W4361835045
1947,0,13,3,1,0.07367407329431974,2.1914523065835175e-18,https://openalex.org/W625407654
65,0,11,0,45,0.16282853816672221,9.38148682823042e-05,https://openalex.org/W2588450759
1948,0,11,0,1,0.13860009687442107,1.042959275165357e-06,https://openalex.org/W107036022
1949,0,11,0,1,0.13860009687442107,1.042959275165357e-06,https://openalex.org/W1487332245
1950,0,11,0,1,0.13860009687442107,1.042959275165357e-06,https://openalex.org/W1544438452
1952,0,11,0,1,0.13860009687442107,1.042959275165357e-06,https://openalex.org/W1964396530
1953,0,11,0,1,0.13860009687442107,1.042959275165357e-06,https://openalex.org/W2014859708
1954,0,11,0,2,0.15122962236290638,1.4624807969944992e-06,https://openalex.org/W2024579578
3608,0,11,0,2,0.15122962236290638,1.4624807969944992e-06,https://openalex.org/W2024579578
1955,0,11,0,1,0.13860009687442107,1.042959275165357e-06,https://openalex.org/W2030937763
1956,0,11,0,1,0.13860009687442107,1.042959275165357e-06,https://openalex.org/W2063932013
1957,0,11,0,1,0.13860009687442107,1.042959275165357e-06,https://openalex.org/W2078341192
1958,0,11,0,1,0.13860009687442107,1.042959275165357e-06,https://openalex.org/W2086479089
1959,0,11,0,1,0.13860009687442107,1.042959275165357e-06,https://openalex.org/W2095796416
1960,0,11,0,1,0.13860009687442107,1.042959275165357e-06,https://openalex.org/W2102102566
1961,0,11,0,1,0.13860009687442107,1.042959275165357e-06,https://openalex.org/W2106147306
1962,0,11,0,1,0.13860009687442107,1.042959275165357e-06,https://openalex.org/W2141145096
1964,0,11,0,4,0.17176748539123113,6.94421404070545e-05,https://openalex.org/W2141918103
2238,0,11,0,4,0.17176748539123113,6.94421404070545e-05,https://openalex.org/W2141918103
2520,0,11,0,4,0.17176748539123113,6.94421404070545e-05,https://openalex.org/W2141918103
1965,0,11,0,1,0.13860009687442107,1.042959275165357e-06,https://openalex.org/W2156905108
1966,0,11,0,1,0.13860009687442107,1.042959275165357e-06,https://openalex.org/W2159950823
1967,0,11,0,1,0.13860009687442107,1.042959275165357e-06,https://openalex.org/W2160461585
1968,0,11,0,1,0.13860009687442107,1.042959275165357e-06,https://openalex.org/W2165531576
1969,0,11,0,1,0.13860009687442107,1.042959275165357e-06,https://openalex.org/W2183630261
1970,0,11,0,1,0.13860009687442107,1.042959275165357e-06,https://openalex.org/W2296469970
1971,0,11,0,1,0.13860009687442107,1.042959275165357e-06,https://openalex.org/W2409062777
1972,0,11,0,1,0.13860009687442107,1.042959275165357e-06,https://openalex.org/W2410351929
1977,0,0,5,2,0.11627959163964535,2.21150245880883e-08,https://openalex.org/W1968184192
1979,0,0,5,2,0.11627959163964535,2.21150245880883e-08,https://openalex.org/W1982331055
1981,0,0,5,2,0.11627959163964535,2.21150245880883e-08,https://openalex.org/W1999378012
1982,0,0,5,2,0.11627959163964535,2.21150245880883e-08,https://openalex.org/W2007909468
1984,0,0,5,2,0.11627959163964535,2.21150245880883e-08,https://openalex.org/W2026889509
1988,0,0,5,2,0.11627959163964535,2.21150245880883e-08,https://openalex.org/W2054942922
1992,0,0,5,2,0.11627959163964535,2.21150245880883e-08,https://openalex.org/W2099358297
1995,0,0,5,2,0.11627959163964535,2.21150245880883e-08,https://openalex.org/W2109437022
1998,0,0,5,2,0.11627959163964535,2.21150245880883e-08,https://openalex.org/W2137189412
2000,0,0,5,2,0.11627959163964535,2.21150245880883e-08,https://openalex.org/W2143299550
2001,0,0,5,2,0.11627959163964535,2.21150245880883e-08,https://openalex.org/W2148398261
2003,0,0,5,2,0.11627959163964535,2.21150245880883e-08,https://openalex.org/W2167642276
2004,0,0,5,2,0.11627959163964535,2.21150245880883e-08,https://openalex.org/W2258892815
2009,0,0,5,2,0.11627959163964535,2.21150245880883e-08,https://openalex.org/W4229662400
2010,0,0,5,2,0.11627959163964535,2.21150245880883e-08,https://openalex.org/W4230604384
67,0,5,2,64,0.16023047365843948,0.00012115774620701693,https://openalex.org/W2737442553
2012,0,5,2,1,0.1367131995403627,1.3469068952482093e-06,https://openalex.org/W100508310
2013,0,5,2,1,0.1367131995403627,1.3469068952482093e-06,https://openalex.org/W109564690
2014,0,5,2,1,0.1367131995403627,1.3469068952482093e-06,https://openalex.org/W1509816124
2015,0,5,2,1,0.1367131995403627,1.3469068952482093e-06,https://openalex.org/W1557942461
2016,0,5,2,1,0.1367131995403627,1.3469068952482093e-06,https://openalex.org/W1578519321
2017,0,5,2,1,0.1367131995403627,1.3469068952482093e-06,https://openalex.org/W1606510071
2018,0,5,2,1,0.1367131995403627,1.3469068952482093e-06,https://openalex.org/W1924072852
2019,0,5,2,1,0.1367131995403627,1.3469068952482093e-06,https://openalex.org/W1958019198
2020,0,5,2,1,0.1367131995403627,1.3469068952482093e-06,https://openalex.org/W1966078077
2021,0,5,2,1,0.1367131995403627,1.3469068952482093e-06,https://openalex.org/W1967316218
2022,0,5,2,1,0.1367131995403627,1.3469068952482093e-06,https://openalex.org/W1975974781
2023,0,5,2,1,0.1367131995403627,1.3469068952482093e-06,https://openalex.org/W1977137264
2024,0,5,2,1,0.1367131995403627,1.3469068952482093e-06,https://openalex.org/W1978145641
2025,0,5,2,1,0.1367131995403627,1.3469068952482093e-06,https://openalex.org/W1988575091
2026,0,5,2,1,0.1367131995403627,1.3469068952482093e-06,https://openalex.org/W1996642497
2027,0,5,2,1,0.1367131995403627,1.3469068952482093e-06,https://openalex.org/W1999426151
2028,0,5,2,1,0.1367131995403627,1.3469068952482093e-06,https://openalex.org/W2010833699
2029,0,5,2,1,0.1367131995403627,1.3469068952482093e-06,https://openalex.org/W2016301684
2031,0,5,2,1,0.1367131995403627,1.3469068952482093e-06,https://openalex.org/W2044630570
2032,0,5,2,2,0.14015374439366027,1.348590317475267e-06,https://openalex.org/W2044783854
3471,0,5,2,2,0.14015374439366027,1.348590317475267e-06,https://openalex.org/W2044783854
2033,0,5,2,1,0.1367131995403627,1.3469068952482093e-06,https://openalex.org/W2054444148
2034,0,5,2,1,0.1367131995403627,1.3469068952482093e-06,https://openalex.org/W2063654475
2035,0,5,2,1,0.1367131995403627,1.3469068952482093e-06,https://openalex.org/W2064486164
2036,0,5,2,1,0.1367131995403627,1.3469068952482093e-06,https://openalex.org/W2068674304
2037,0,5,2,1,0.1367131995403627,1.3469068952482093e-06,https://openalex.org/W2069907705
2038,0,5,2,1,0.1367131995403627,1.3469068952482093e-06,https://openalex.org/W2090880637
2039,0,5,2,1,0.1367131995403627,1.3469068952482093e-06,https://openalex.org/W2108836181
2040,0,5,2,1,0.1367131995403627,1.3469068952482093e-06,https://openalex.org/W2113045821
2041,0,5,2,1,0.1367131995403627,1.3469068952482093e-06,https://openalex.org/W2117751082
2042,0,5,2,1,0.1367131995403627,1.3469068952482093e-06,https://openalex.org/W2153017968
2043,0,5,2,1,0.1367131995403627,1.3469068952482093e-06,https://openalex.org/W2160946296
2044,0,5,2,1,0.1367131995403627,1.3469068952482093e-06,https://openalex.org/W2163433165
2045,0,5,2,1,0.1367131995403627,1.3469068952482093e-06,https://openalex.org/W2168139411
2046,0,5,2,1,0.1367131995403627,1.3469068952482093e-06,https://openalex.org/W2174926588
2047,0,5,2,1,0.1367131995403627,1.3469068952482093e-06,https://openalex.org/W2201800076
2048,0,5,2,1,0.1367131995403627,1.3469068952482093e-06,https://openalex.org/W2409068341
2049,0,5,2,1,0.1367131995403627,1.3469068952482093e-06,https://openalex.org/W2724552429
2050,0,5,2,1,0.1367131995403627,1.3469068952482093e-06,https://openalex.org/W2798131886
2051,0,5,2,1,0.1367131995403627,1.3469068952482093e-06,https://openalex.org/W2798578048
2052,0,5,2,1,0.1367131995403627,1.3469068952482093e-06,https://openalex.org/W286222163
2053,0,5,2,1,0.1367131995403627,1.3469068952482093e-06,https://openalex.org/W2904876939
2054,0,5,2,1,0.1367131995403627,1.3469068952482093e-06,https://openalex.org/W2978805936
2055,0,5,2,1,0.1367131995403627,1.3469068952482093e-06,https://openalex.org/W3021738595
2056,0,5,2,1,0.1367131995403627,1.3469068952482093e-06,https://openalex.org/W411150162
2057,0,5,2,1,0.1367131995403627,1.3469068952482093e-06,https://openalex.org/W4242514780
2058,0,5,2,1,0.1367131995403627,1.3469068952482093e-06,https://openalex.org/W4249267781
2060,0,5,2,1,0.1367131995403627,1.3469068952482093e-06,https://openalex.org/W4297403259
2061,0,5,2,1,0.1367131995403627,1.3469068952482093e-06,https://openalex.org/W4299602173
2066,0,15,1,2,0.13789320012924638,0.0018559077751018622,https://openalex.org/W163198594
2067,0,15,1,2,0.13789320012924638,0.0018559077751018622,https://openalex.org/W1814705806
2068,0,15,1,2,0.13789320012924638,0.0018559077751018622,https://openalex.org/W185922769
2070,0,15,1,2,0.13789320012924638,0.0018559077751018622,https://openalex.org/W1968150760
2071,0,15,1,2,0.13789320012924638,0.0018559077751018622,https://openalex.org/W1975013230
2073,0,15,1,2,0.13789320012924638,0.0018559077751018622,https://openalex.org/W1977900726
2074,0,15,1,2,0.13789320012924638,0.0018559077751018622,https://openalex.org/W2002120939
2078,0,15,1,2,0.13789320012924638,0.0018559077751018622,https://openalex.org/W2077730026
2079,0,15,1,2,0.13789320012924638,0.0018559077751018622,https://openalex.org/W2081280762
2080,0,15,1,2,0.13789320012924638,0.0018559077751018622,https://openalex.org/W2101758572
2082,0,15,1,2,0.13789320012924638,0.0018559077751018622,https://openalex.org/W2110689096
2083,0,15,1,2,0.13789320012924638,0.0018559077751018622,https://openalex.org/W2130703736
2085,0,15,1,3,0.14800308852126107,0.002930062461541439,https://openalex.org/W2149145410
2657,0,15,1,3,0.14800308852126107,0.002930062461541439,https://openalex.org/W2149145410
2086,0,15,1,2,0.13789320012924638,0.0018559077751018622,https://openalex.org/W2155883884
2087,0,15,1,2,0.13789320012924638,0.0018559077751018622,https://openalex.org/W2160817100
2090,0,15,1,2,0.13789320012924638,0.0018559077751018622,https://openalex.org/W2177208509
2092,0,15,1,2,0.13789320012924638,0.0018559077751018622,https://openalex.org/W2280631126
2095,0,15,1,2,0.13789320012924638,0.0018559077751018622,https://openalex.org/W2412287301
2097,0,15,1,2,0.13789320012924638,0.0018559077751018622,https://openalex.org/W2521245317
2098,0,15,1,2,0.13789320012924638,0.0018559077751018622,https://openalex.org/W2526123561
2099,0,15,1,2,0.13789320012924638,0.0018559077751018622,https://openalex.org/W2592846604
2100,0,15,1,2,0.13789320012924638,0.0018559077751018622,https://openalex.org/W2790581896
2101,0,15,1,2,0.13789320012924638,0.0018559077751018622,https://openalex.org/W3023215924
2102,0,15,1,2,0.13789320012924638,0.0018559077751018622,https://openalex.org/W4252701706
2103,0,15,1,2,0.13789320012924638,0.0018559077751018622,https://openalex.org/W4300256699
69,4,10,15,39,0.01069078947368421,3.950963333301623e-21,https://openalex.org/W2462681362
2105,4,10,15,1,0.005414815447710184,6.353993494671025e-22,https://openalex.org/W1496889640
2106,4,10,15,1,0.005414815447710184,6.353993494671025e-22,https://openalex.org/W1542246834
2107,4,10,15,1,0.005414815447710184,6.353993494671025e-22,https://openalex.org/W1553328975
2108,4,10,15,1,0.005414815447710184,6.353993494671025e-22,https://openalex.org/W1576459562
2109,4,10,15,1,0.005414815447710184,6.353993494671025e-22,https://openalex.org/W1583823774
2110,4,10,15,1,0.005414815447710184,6.353993494671025e-22,https://openalex.org/W1773070889
2111,4,10,15,1,0.005414815447710184,6.353993494671025e-22,https://openalex.org/W1806338468
2112,4,10,15,1,0.005414815447710184,6.353993494671025e-22,https://openalex.org/W1823592146
2113,4,10,15,1,0.005414815447710184,6.353993494671025e-22,https://openalex.org/W1939982711
2114,4,10,15,1,0.005414815447710184,6.353993494671025e-22,https://openalex.org/W1977937149
2115,4,10,15,1,0.005414815447710184,6.353993494671025e-22,https://openalex.org/W1989803082
2116,4,10,15,1,0.005414815447710184,6.353993494671025e-22,https://openalex.org/W1991768983
2117,4,10,15,1,0.005414815447710184,6.353993494671025e-22,https://openalex.org/W2000085637
2118,4,10,15,1,0.005414815447710184,6.353993494671025e-22,https://openalex.org/W2003534587
2119,4,10,15,1,0.005414815447710184,6.353993494671025e-22,https://openalex.org/W2008677738
2120,4,10,15,1,0.005414815447710184,6.353993494671025e-22,https://openalex.org/W2014909647
2121,4,10,15,1,0.005414815447710184,6.353993494671025e-22,https://openalex.org/W2015903043
2122,4,10,15,1,0.005414815447710184,6.353993494671025e-22,https://openalex.org/W2017058447
2123,4,10,15,1,0.005414815447710184,6.353993494671025e-22,https://openalex.org/W2036199413
2124,4,10,15,1,0.005414815447710184,6.353993494671025e-22,https://openalex.org/W2046251419
2125,4,10,15,1,0.005414815447710184,6.353993494671025e-22,https://openalex.org/W2056641889
2126,4,10,15,1,0.005414815447710184,6.353993494671025e-22,https://openalex.org/W2057378184
2127,4,10,15,1,0.005414815447710184,6.353993494671025e-22,https://openalex.org/W2059882882
2128,4,10,15,1,0.005414815447710184,6.353993494671025e-22,https://openalex.org/W2064184828
2129,4,10,15,1,0.005414815447710184,6.353993494671025e-22,https://openalex.org/W2075106921
2130,4,10,15,1,0.005414815447710184,6.353993494671025e-22,https://openalex.org/W2084060229
2131,4,10,15,1,0.005414815447710184,6.353993494671025e-22,https://openalex.org/W2091524645
2132,4,10,15,1,0.005414815447710184,6.353993494671025e-22,https://openalex.org/W2094976358
2133,4,10,15,1,0.005414815447710184,6.353993494671025e-22,https://openalex.org/W2096406558
2134,4,10,15,1,0.005414815447710184,6.353993494671025e-22,https://openalex.org/W2103575833
2135,4,10,15,1,0.005414815447710184,6.353993494671025e-22,https://openalex.org/W2107527727
2136,4,10,15,1,0.005414815447710184,6.353993494671025e-22,https://openalex.org/W2111990326
2137,4,10,15,1,0.005414815447710184,6.353993494671025e-22,https://openalex.org/W2136494473
2138,4,10,15,1,0.005414815447710184,6.353993494671025e-22,https://openalex.org/W2149161094
2139,4,10,15,1,0.005414815447710184,6.353993494671025e-22,https://openalex.org/W2165540832
2140,4,10,15,1,0.005414815447710184,6.353993494671025e-22,https://openalex.org/W2168689543
2141,4,10,15,1,0.005414815447710184,6.353993494671025e-22,https://openalex.org/W2943871611
2142,4,10,15,1,0.005414815447710184,6.353993494671025e-22,https://openalex.org/W4246775275
2143,4,10,15,1,0.005414815447710184,6.353993494671025e-22,https://openalex.org/W602886267
70,0,11,0,50,0.1669624200868211,1.0097443102767685e-05,https://openalex.org/W2800995841
2144,0,11,0,1,0.14158401266515588,1.1232452068855372e-07,https://openalex.org/W1420517538
2145,0,11,0,1,0.14158401266515588,1.1232452068855372e-07,https://openalex.org/W1966907333
2146,0,11,0,1,0.14158401266515588,1.1232452068855372e-07,https://openalex.org/W1971585854
2147,0,11,0,1,0.14158401266515588,1.1232452068855372e-07,https://openalex.org/W1989001315
2148,0,11,0,1,0.14158401266515588,1.1232452068855372e-07,https://openalex.org/W2011761219
2152,0,11,0,1,0.14158401266515588,1.1232452068855372e-07,https://openalex.org/W2067758597
2154,0,11,0,1,0.14158401266515588,1.1232452068855372e-07,https://openalex.org/W2078123421
2155,0,11,0,4,0.15569572333341106,1.7351636283048162e-05,https://openalex.org/W2094954772
2229,0,11,0,4,0.15569572333341106,1.7351636283048162e-05,https://openalex.org/W2094954772
3047,0,11,0,4,0.15569572333341106,1.7351636283048162e-05,https://openalex.org/W2094954772
2158,0,11,0,1,0.14158401266515588,1.1232452068855372e-07,https://openalex.org/W2144497181
2160,0,11,0,1,0.14158401266515588,1.1232452068855372e-07,https://openalex.org/W2154628602
2161,0,11,0,1,0.14158401266515588,1.1232452068855372e-07,https://openalex.org/W2408922978
2162,0,11,0,1,0.14158401266515588,1.1232452068855372e-07,https://openalex.org/W2462737623
2163,0,11,0,1,0.14158401266515588,1.1232452068855372e-07,https://openalex.org/W2498119267
2164,0,11,0,1,0.14158401266515588,1.1232452068855372e-07,https://openalex.org/W250794236
2165,0,11,0,1,0.14158401266515588,1.1232452068855372e-07,https://openalex.org/W2521288430
2166,0,11,0,2,0.1434329378328155,1.1801350646608362e-07,https://openalex.org/W2641112480
2372,0,11,0,2,0.1434329378328155,1.1801350646608362e-07,https://openalex.org/W2641112480
2167,0,11,0,1,0.14158401266515588,1.1232452068855372e-07,https://openalex.org/W3022391957
2172,0,15,1,7,0.1504170238214414,0.009256015848273166,https://openalex.org/W2030868199
2173,0,15,1,7,0.1504170238214414,0.009256015848273166,https://openalex.org/W2037605913
2177,0,15,1,7,0.1504170238214414,0.009256015848273166,https://openalex.org/W2106924065
2180,0,15,1,7,0.1504170238214414,0.009256015848273166,https://openalex.org/W2144891055
2185,0,15,1,7,0.1504170238214414,0.009256015848273166,https://openalex.org/W2187956400
2188,0,15,1,7,0.1504170238214414,0.009256015848273166,https://openalex.org/W2428704150
2190,0,15,1,7,0.1504170238214414,0.009256015848273166,https://openalex.org/W2490857485
2192,0,15,1,7,0.1504170238214414,0.009256015848273166,https://openalex.org/W2581049223
2195,0,15,1,7,0.1504170238214414,0.009256015848273166,https://openalex.org/W2622140847
2202,0,15,1,7,0.1504170238214414,0.009256015848273166,https://openalex.org/W89821017
72,0,11,0,105,0.183367341659319,0.0007692402949683207,https://openalex.org/W2725011375
3637,0,11,0,105,0.183367341659319,0.0007692402949683207,https://openalex.org/W2725011375
2205,0,11,0,2,0.15322208820367705,1.7105040015587394e-05,https://openalex.org/W1493773294
2206,0,11,0,2,0.15322208820367705,1.7105040015587394e-05,https://openalex.org/W1506694424
2207,0,11,0,3,0.1538330988165595,1.7110729001364924e-05,https://openalex.org/W1577682341
2344,0,11,0,3,0.1538330988165595,1.7110729001364924e-05,https://openalex.org/W1577682341
2208,0,11,0,2,0.15322208820367705,1.7105040015587394e-05,https://openalex.org/W1657562951
2209,0,11,0,2,0.15322208820367705,1.7105040015587394e-05,https://openalex.org/W1977000593
2211,0,11,0,2,0.15322208820367705,1.7105040015587394e-05,https://openalex.org/W1986092457
2212,0,11,0,2,0.15322208820367705,1.7105040015587394e-05,https://openalex.org/W1987445308
2214,0,11,0,2,0.15322208820367705,1.7105040015587394e-05,https://openalex.org/W2007402616
2215,0,11,0,2,0.15322208820367705,1.7105040015587394e-05,https://openalex.org/W2012161785
2216,0,11,0,2,0.15322208820367705,1.7105040015587394e-05,https://openalex.org/W2022346271
2217,0,11,0,2,0.15322208820367705,1.7105040015587394e-05,https://openalex.org/W2025474519
2218,0,11,0,2,0.15322208820367705,1.7105040015587394e-05,https://openalex.org/W2035151633
2219,0,11,0,2,0.15322208820367705,1.7105040015587394e-05,https://openalex.org/W2037639363
2220,0,11,0,2,0.15322208820367705,1.7105040015587394e-05,https://openalex.org/W2040020326
2222,0,11,0,2,0.15322208820367705,1.7105040015587394e-05,https://openalex.org/W2043391154
2225,0,11,0,3,0.1549179690956909,1.720732241111714e-05,https://openalex.org/W2063307665
3400,0,11,0,3,0.1549179690956909,1.720732241111714e-05,https://openalex.org/W2063307665
2226,0,11,0,2,0.15322208820367705,1.7105040015587394e-05,https://openalex.org/W2073794479
2227,0,11,0,2,0.15322208820367705,1.7105040015587394e-05,https://openalex.org/W2074339253
2228,0,11,0,2,0.15322208820367705,1.7105040015587394e-05,https://openalex.org/W2089466082
2231,0,11,0,2,0.15322208820367705,1.7105040015587394e-05,https://openalex.org/W2102989444
2233,0,11,0,3,0.15507745911191845,1.7281529830439128e-05,https://openalex.org/W2122488227
3205,0,11,0,3,0.15507745911191845,1.7281529830439128e-05,https://openalex.org/W2122488227
2235,0,11,0,2,0.15322208820367705,1.7105040015587394e-05,https://openalex.org/W2132542075
2236,0,11,0,2,0.15322208820367705,1.7105040015587394e-05,https://openalex.org/W2139839572
2239,0,11,0,2,0.15322208820367705,1.7105040015587394e-05,https://openalex.org/W2143628862
2240,0,11,0,2,0.15322208820367705,1.7105040015587394e-05,https://openalex.org/W2144562055
2241,0,11,0,2,0.15322208820367705,1.7105040015587394e-05,https://openalex.org/W2155547356
2242,0,11,0,2,0.15322208820367705,1.7105040015587394e-05,https://openalex.org/W2163318033
2243,0,11,0,3,0.15507745911191845,1.7281529830439128e-05,https://openalex.org/W2165140579
3213,0,11,0,3,0.15507745911191845,1.7281529830439128e-05,https://openalex.org/W2165140579
2244,0,11,0,2,0.15322208820367705,1.7105040015587394e-05,https://openalex.org/W2171443751
2246,0,11,0,2,0.15322208820367705,1.7105040015587394e-05,https://openalex.org/W2260141890
2247,0,11,0,2,0.15322208820367705,1.7105040015587394e-05,https://openalex.org/W2281004844
2248,0,11,0,2,0.15322208820367705,1.7105040015587394e-05,https://openalex.org/W2605010358
2250,0,11,0,2,0.15322208820367705,1.7105040015587394e-05,https://openalex.org/W4249818656
2251,0,11,0,2,0.15322208820367705,1.7105040015587394e-05,https://openalex.org/W46967766
2259,0,15,1,3,0.13871557669553203,0.003070921850313668,https://openalex.org/W1972588404
2260,0,15,1,3,0.13871557669553203,0.003070921850313668,https://openalex.org/W1987386508
2261,0,15,1,3,0.13871557669553203,0.003070921850313668,https://openalex.org/W2012552029
2266,0,15,1,3,0.13871557669553203,0.003070921850313668,https://openalex.org/W2062121040
2267,0,15,1,3,0.13871557669553203,0.003070921850313668,https://openalex.org/W2078876512
2268,0,15,1,3,0.13871557669553203,0.003070921850313668,https://openalex.org/W2084804673
2269,0,15,1,3,0.13871557669553203,0.003070921850313668,https://openalex.org/W2123993803
2271,0,15,1,3,0.13871557669553203,0.003070921850313668,https://openalex.org/W2143426475
2272,0,3,1,6,0.15419303002509932,0.005160708783523605,https://openalex.org/W2145702257
2656,0,3,1,6,0.15419303002509932,0.005160708783523605,https://openalex.org/W2145702257
2763,0,3,1,6,0.15419303002509932,0.005160708783523605,https://openalex.org/W2145702257
3436,0,3,1,6,0.15419303002509932,0.005160708783523605,https://openalex.org/W2145702257
2273,0,15,1,3,0.13871557669553203,0.003070921850313668,https://openalex.org/W2150555728
2276,0,15,1,3,0.13871557669553203,0.003070921850313668,https://openalex.org/W2224527430
2280,0,15,1,3,0.13871557669553203,0.003070921850313668,https://openalex.org/W2510817846
74,0,1,4,65,0.10539315022872367,8.113436671221901e-10,https://openalex.org/W3110689777
2284,0,1,4,1,0.09468033555716589,9.03742788813857e-12,https://openalex.org/W131489487
2285,0,1,4,1,0.09468033555716589,9.03742788813857e-12,https://openalex.org/W1601994579
2286,0,1,4,1,0.09468033555716589,9.03742788813857e-12,https://openalex.org/W1723718611
2287,0,1,4,1,0.09468033555716589,9.03742788813857e-12,https://openalex.org/W1858292025
2288,0,5,4,2,0.11292956377726295,1.6924596549457737e-09,https://openalex.org/W1966718713
3459,0,5,4,2,0.11292956377726295,1.6924596549457737e-09,https://openalex.org/W1966718713
2289,0,1,4,1,0.09468033555716589,9.03742788813857e-12,https://openalex.org/W1971224299
2290,0,1,4,1,0.09468033555716589,9.03742788813857e-12,https://openalex.org/W1990782909
2291,0,1,4,1,0.09468033555716589,9.03742788813857e-12,https://openalex.org/W1992046934
2292,0,1,4,1,0.09468033555716589,9.03742788813857e-12,https://openalex.org/W2044100052
2293,0,1,4,1,0.09468033555716589,9.03742788813857e-12,https://openalex.org/W2052618085
2294,0,1,4,1,0.09468033555716589,9.03742788813857e-12,https://openalex.org/W2082124763
2295,0,1,4,1,0.09468033555716589,9.03742788813857e-12,https://openalex.org/W2111764383
2296,0,1,4,1,0.09468033555716589,9.03742788813857e-12,https://openalex.org/W2138353682
2297,0,1,4,1,0.09468033555716589,9.03742788813857e-12,https://openalex.org/W2167631493
2298,0,1,4,1,0.09468033555716589,9.03742788813857e-12,https://openalex.org/W2212039962
2299,0,1,4,1,0.09468033555716589,9.03742788813857e-12,https://openalex.org/W2270573739
2300,0,1,4,1,0.09468033555716589,9.03742788813857e-12,https://openalex.org/W2287000815
2301,0,1,4,1,0.09468033555716589,9.03742788813857e-12,https://openalex.org/W2291822534
2302,0,1,4,1,0.09468033555716589,9.03742788813857e-12,https://openalex.org/W2521969216
2303,0,1,4,1,0.09468033555716589,9.03742788813857e-12,https://openalex.org/W2600607963
2304,0,1,4,1,0.09468033555716589,9.03742788813857e-12,https://openalex.org/W2616846565
2305,0,1,4,1,0.09468033555716589,9.03742788813857e-12,https://openalex.org/W2760062370
2306,0,1,4,1,0.09468033555716589,9.03742788813857e-12,https://openalex.org/W2761597723
2307,0,1,4,1,0.09468033555716589,9.03742788813857e-12,https://openalex.org/W2764072425
2308,0,1,4,1,0.09468033555716589,9.03742788813857e-12,https://openalex.org/W2766791475
2309,0,1,4,1,0.09468033555716589,9.03742788813857e-12,https://openalex.org/W2792183666
2310,0,1,4,1,0.09468033555716589,9.03742788813857e-12,https://openalex.org/W2795852989
2311,0,1,4,1,0.09468033555716589,9.03742788813857e-12,https://openalex.org/W2809428257
2312,0,1,4,1,0.09468033555716589,9.03742788813857e-12,https://openalex.org/W2889618019
2313,0,1,4,1,0.09468033555716589,9.03742788813857e-12,https://openalex.org/W2889660953
2314,0,1,4,1,0.09468033555716589,9.03742788813857e-12,https://openalex.org/W2897702578
2315,0,1,4,1,0.09468033555716589,9.03742788813857e-12,https://openalex.org/W2898970033
2316,0,1,4,1,0.09468033555716589,9.03742788813857e-12,https://openalex.org/W2915693981
2317,0,1,4,1,0.09468033555716589,9.03742788813857e-12,https://openalex.org/W2936429810
2318,0,1,4,1,0.09468033555716589,9.03742788813857e-12,https://openalex.org/W2944318114
2319,0,1,4,1,0.09468033555716589,9.03742788813857e-12,https://openalex.org/W2946970484
2320,0,1,4,1,0.09468033555716589,9.03742788813857e-12,https://openalex.org/W2947921523
2322,0,1,4,1,0.09468033555716589,9.03742788813857e-12,https://openalex.org/W2954902623
2323,0,1,4,1,0.09468033555716589,9.03742788813857e-12,https://openalex.org/W2963286498
2324,0,1,4,1,0.09468033555716589,9.03742788813857e-12,https://openalex.org/W2982359627
2325,0,1,4,1,0.09468033555716589,9.03742788813857e-12,https://openalex.org/W2997732765
2326,0,1,4,1,0.09468033555716589,9.03742788813857e-12,https://openalex.org/W2999199799
2327,0,1,4,1,0.09468033555716589,9.03742788813857e-12,https://openalex.org/W3011386933
2328,0,1,4,1,0.09468033555716589,9.03742788813857e-12,https://openalex.org/W3022607203
2329,0,1,4,1,0.09468033555716589,9.03742788813857e-12,https://openalex.org/W3042555416
2330,0,1,4,1,0.09468033555716589,9.03742788813857e-12,https://openalex.org/W3125366325
2331,0,1,4,1,0.09468033555716589,9.03742788813857e-12,https://openalex.org/W3166528191
2332,0,1,4,1,0.09468033555716589,9.03742788813857e-12,https://openalex.org/W338282105
2333,0,1,4,1,0.09468033555716589,9.03742788813857e-12,https://openalex.org/W4205928120
2336,0,1,4,1,0.09468033555716589,9.03742788813857e-12,https://openalex.org/W4247537578
2337,0,1,4,1,0.09468033555716589,9.03742788813857e-12,https://openalex.org/W4248887627
2338,0,1,4,1,0.09468033555716589,9.03742788813857e-12,https://openalex.org/W4249749119
2339,0,1,4,1,0.09468033555716589,9.03742788813857e-12,https://openalex.org/W4250558624
2340,0,1,4,1,0.09468033555716589,9.03742788813857e-12,https://openalex.org/W4255626097
2341,0,1,4,1,0.09468033555716589,9.03742788813857e-12,https://openalex.org/W43059464
2342,0,1,4,1,0.09468033555716589,9.03742788813857e-12,https://openalex.org/W4380321043
75,0,11,0,43,0.1409908188164072,5.113981919329013e-07,https://openalex.org/W2916608537
2343,0,11,0,1,0.12245548199771263,5.6889857775299e-09,https://openalex.org/W1537335868
2345,0,11,0,1,0.12245548199771263,5.6889857775299e-09,https://openalex.org/W1915195141
2346,0,11,0,1,0.12245548199771263,5.6889857775299e-09,https://openalex.org/W1963995935
2347,0,11,0,1,0.12245548199771263,5.6889857775299e-09,https://openalex.org/W1966038045
2348,0,11,0,1,0.12245548199771263,5.6889857775299e-09,https://openalex.org/W1982268246
2350,0,11,0,1,0.12245548199771263,5.6889857775299e-09,https://openalex.org/W2004721174
2351,0,11,0,1,0.12245548199771263,5.6889857775299e-09,https://openalex.org/W2005862637
2352,0,11,0,1,0.12245548199771263,5.6889857775299e-09,https://openalex.org/W2008125245
2353,0,11,0,1,0.12245548199771263,5.6889857775299e-09,https://openalex.org/W2018522328
2354,0,11,0,1,0.12245548199771263,5.6889857775299e-09,https://openalex.org/W2026193172
2355,0,11,0,1,0.12245548199771263,5.6889857775299e-09,https://openalex.org/W2030812241
2356,0,11,0,1,0.12245548199771263,5.6889857775299e-09,https://openalex.org/W2043969823
2357,0,11,0,1,0.12245548199771263,5.6889857775299e-09,https://openalex.org/W2051295329
2358,0,11,0,1,0.12245548199771263,5.6889857775299e-09,https://openalex.org/W2064982810
2359,0,11,0,1,0.12245548199771263,5.6889857775299e-09,https://openalex.org/W2072585783
2360,0,11,0,1,0.12245548199771263,5.6889857775299e-09,https://openalex.org/W2100689838
2361,0,11,0,1,0.12245548199771263,5.6889857775299e-09,https://openalex.org/W2106107478
2362,0,11,0,1,0.12245548199771263,5.6889857775299e-09,https://openalex.org/W2108075771
2363,0,11,0,1,0.12245548199771263,5.6889857775299e-09,https://openalex.org/W2120194660
2364,0,11,0,1,0.12245548199771263,5.6889857775299e-09,https://openalex.org/W2121502773
2365,0,11,0,1,0.12245548199771263,5.6889857775299e-09,https://openalex.org/W2123512552
2366,0,11,0,1,0.12245548199771263,5.6889857775299e-09,https://openalex.org/W2128963424
2368,0,11,0,1,0.12245548199771263,5.6889857775299e-09,https://openalex.org/W2148868091
2369,0,11,0,2,0.14869183091872298,4.252105076066722e-07,https://openalex.org/W2168881144
3629,0,11,0,2,0.14869183091872298,4.252105076066722e-07,https://openalex.org/W2168881144
2370,0,11,0,1,0.12245548199771263,5.6889857775299e-09,https://openalex.org/W2254913968
2371,0,11,0,1,0.12245548199771263,5.6889857775299e-09,https://openalex.org/W2521314010
2373,0,11,0,1,0.12245548199771263,5.6889857775299e-09,https://openalex.org/W2811269522
2374,0,11,0,1,0.12245548199771263,5.6889857775299e-09,https://openalex.org/W2970609571
2375,0,11,0,1,0.12245548199771263,5.6889857775299e-09,https://openalex.org/W3012294145
2377,0,11,0,1,0.12245548199771263,5.6889857775299e-09,https://openalex.org/W4301020783
76,0,11,0,127,0.17922209693852195,0.00013201384550024084,https://openalex.org/W3193745980
2378,0,11,0,3,0.15033124279844656,4.402390838462307e-06,https://openalex.org/W134179536
3596,0,11,0,127,0.17922209693852195,0.00013201384550024084,https://openalex.org/W3193745980
3660,0,11,0,127,0.17922209693852195,0.00013201384550024084,https://openalex.org/W3193745980
2379,0,11,0,3,0.15033124279844656,4.402390838462307e-06,https://openalex.org/W1593329604
2380,0,11,0,3,0.15033124279844656,4.402390838462307e-06,https://openalex.org/W1976605571
2381,0,11,0,4,0.15084740157200344,4.403483605461122e-06,https://openalex.org/W1979290264
2614,0,11,0,4,0.15084740157200344,4.403483605461122e-06,https://openalex.org/W1979290264
2382,0,11,0,3,0.15033124279844656,4.402390838462307e-06,https://openalex.org/W1981620905
2383,0,11,0,3,0.15033124279844656,4.402390838462307e-06,https://openalex.org/W1996409699
2384,0,11,0,3,0.15033124279844656,4.402390838462307e-06,https://openalex.org/W2004588465
2386,0,11,0,3,0.15033124279844656,4.402390838462307e-06,https://openalex.org/W2025827184
2387,0,11,0,4,0.15235129851008583,4.821912360291449e-06,https://openalex.org/W2030105099
3610,0,11,0,4,0.15235129851008583,4.821912360291449e-06,https://openalex.org/W2030105099
2389,0,11,0,3,0.15033124279844656,4.402390838462307e-06,https://openalex.org/W2048935034
2390,0,11,0,3,0.15033124279844656,4.402390838462307e-06,https://openalex.org/W2057714145
2391,0,11,0,3,0.15033124279844656,4.402390838462307e-06,https://openalex.org/W2058397757
2392,0,11,0,3,0.15033124279844656,4.402390838462307e-06,https://openalex.org/W2060334426
2393,0,11,0,3,0.15033124279844656,4.402390838462307e-06,https://openalex.org/W2060420112
2394,0,11,0,3,0.15033124279844656,4.402390838462307e-06,https://openalex.org/W2071169991
2395,0,11,0,3,0.15033124279844656,4.402390838462307e-06,https://openalex.org/W2081052781
2396,0,11,0,3,0.15033124279844656,4.402390838462307e-06,https://openalex.org/W2084275069
2397,0,11,0,3,0.15033124279844656,4.402390838462307e-06,https://openalex.org/W2090337505
2398,0,11,0,3,0.15033124279844656,4.402390838462307e-06,https://openalex.org/W2093958885
2400,0,11,0,4,0.15235129851008583,4.821912360291449e-06,https://openalex.org/W2101761001
3617,0,11,0,4,0.15235129851008583,4.821912360291449e-06,https://openalex.org/W2101761001
2401,0,11,0,3,0.15033124279844656,4.402390838462307e-06,https://openalex.org/W2101960310
2402,0,11,0,4,0.15235129851008583,4.821912360291449e-06,https://openalex.org/W2113471284
3618,0,11,0,4,0.15235129851008583,4.821912360291449e-06,https://openalex.org/W2113471284
2403,0,11,0,3,0.15033124279844656,4.402390838462307e-06,https://openalex.org/W2118009198
2404,0,11,0,3,0.15033124279844656,4.402390838462307e-06,https://openalex.org/W2125128154
2405,0,11,0,3,0.15033124279844656,4.402390838462307e-06,https://openalex.org/W2128816921
2406,0,11,0,3,0.15033124279844656,4.402390838462307e-06,https://openalex.org/W2130775869
2407,0,11,0,3,0.15033124279844656,4.402390838462307e-06,https://openalex.org/W2130944789
2408,0,11,0,4,0.1523806547022936,4.504673233992053e-06,https://openalex.org/W2132183026
3413,0,11,0,4,0.1523806547022936,4.504673233992053e-06,https://openalex.org/W2132183026
2409,0,11,0,3,0.15033124279844656,4.402390838462307e-06,https://openalex.org/W2133776815
2410,0,11,0,3,0.15033124279844656,4.402390838462307e-06,https://openalex.org/W2135165791
2411,0,11,0,3,0.15033124279844656,4.402390838462307e-06,https://openalex.org/W2143280167
2412,0,11,0,3,0.15033124279844656,4.402390838462307e-06,https://openalex.org/W2147554606
2413,0,11,0,3,0.15033124279844656,4.402390838462307e-06,https://openalex.org/W2150565608
2414,0,11,0,3,0.15033124279844656,4.402390838462307e-06,https://openalex.org/W2155060527
2416,0,11,0,3,0.15033124279844656,4.402390838462307e-06,https://openalex.org/W2169362019
2417,0,11,0,3,0.15033124279844656,4.402390838462307e-06,https://openalex.org/W2173035098
2418,0,11,0,3,0.15033124279844656,4.402390838462307e-06,https://openalex.org/W2215762190
2419,0,11,0,3,0.15033124279844656,4.402390838462307e-06,https://openalex.org/W2276627270
2420,0,11,0,5,0.15353443726471447,4.9561841070636614e-06,https://openalex.org/W2314277051
3051,0,11,0,5,0.15353443726471447,4.9561841070636614e-06,https://openalex.org/W2314277051
3631,0,11,0,5,0.15353443726471447,4.9561841070636614e-06,https://openalex.org/W2314277051
2421,0,11,0,3,0.15033124279844656,4.402390838462307e-06,https://openalex.org/W2319257943
2422,0,11,0,4,0.15235129851008583,4.821912360291449e-06,https://openalex.org/W2332078948
3632,0,11,0,4,0.15235129851008583,4.821912360291449e-06,https://openalex.org/W2332078948
2423,0,11,0,4,0.1519414962757535,5.432859646948421e-06,https://openalex.org/W2337007737
2925,0,11,0,4,0.1519414962757535,5.432859646948421e-06,https://openalex.org/W2337007737
2424,0,11,0,3,0.15033124279844656,4.402390838462307e-06,https://openalex.org/W2342146675
2425,0,11,0,3,0.15033124279844656,4.402390838462307e-06,https://openalex.org/W2342834200
2426,0,11,0,4,0.15280021306950597,4.5788806533140395e-06,https://openalex.org/W2399147426
3215,0,11,0,4,0.15280021306950597,4.5788806533140395e-06,https://openalex.org/W2399147426
2427,0,11,0,3,0.15033124279844656,4.402390838462307e-06,https://openalex.org/W2499527931
2428,0,11,0,4,0.15631893709057681,2.912914984906837e-05,https://openalex.org/W2532214162
3587,0,11,0,4,0.15631893709057681,2.912914984906837e-05,https://openalex.org/W2532214162
2429,0,11,0,4,0.15235129851008583,4.821912360291449e-06,https://openalex.org/W2555503952
3635,0,11,0,4,0.15235129851008583,4.821912360291449e-06,https://openalex.org/W2555503952
2430,0,11,0,3,0.15033124279844656,4.402390838462307e-06,https://openalex.org/W2562274742
2431,0,11,0,3,0.15033124279844656,4.402390838462307e-06,https://openalex.org/W2735521482
2432,0,11,0,5,0.15816350054824563,2.9548671370897514e-05,https://openalex.org/W2766110043
3589,0,11,0,5,0.15816350054824563,2.9548671370897514e-05,https://openalex.org/W2766110043
3639,0,11,0,5,0.15816350054824563,2.9548671370897514e-05,https://openalex.org/W2766110043
2433,0,11,0,3,0.15033124279844656,4.402390838462307e-06,https://openalex.org/W2790939257
2434,0,11,0,4,0.15235129851008583,4.821912360291449e-06,https://openalex.org/W2804547333
3641,0,11,0,4,0.15235129851008583,4.821912360291449e-06,https://openalex.org/W2804547333
2435,0,11,0,4,0.15235129851008583,4.821912360291449e-06,https://openalex.org/W2891056634
3643,0,11,0,4,0.15235129851008583,4.821912360291449e-06,https://openalex.org/W2891056634
2436,0,11,0,3,0.15033124279844656,4.402390838462307e-06,https://openalex.org/W2895396712
2437,0,11,0,4,0.15631893709057681,2.912914984906837e-05,https://openalex.org/W2906077577
3590,0,11,0,4,0.15631893709057681,2.912914984906837e-05,https://openalex.org/W2906077577
2438,0,11,0,3,0.15033124279844656,4.402390838462307e-06,https://openalex.org/W2907099374
2439,0,11,0,3,0.15033124279844656,4.402390838462307e-06,https://openalex.org/W2913004093
2440,0,11,0,3,0.15033124279844656,4.402390838462307e-06,https://openalex.org/W2926842771
2441,0,11,0,3,0.15033124279844656,4.402390838462307e-06,https://openalex.org/W2970111620
2442,0,11,0,3,0.15033124279844656,4.402390838462307e-06,https://openalex.org/W2985414201
2443,0,11,0,4,0.15235129851008583,4.821912360291449e-06,https://openalex.org/W3004543239
3649,0,11,0,4,0.15235129851008583,4.821912360291449e-06,https://openalex.org/W3004543239
2444,0,11,0,4,0.1516283199580535,4.536662585234519e-06,https://openalex.org/W3008408813
3062,0,11,0,4,0.1516283199580535,4.536662585234519e-06,https://openalex.org/W3008408813
2445,0,11,0,5,0.15816350054824563,2.9548671370897514e-05,https://openalex.org/W3011671762
3592,0,11,0,5,0.15816350054824563,2.9548671370897514e-05,https://openalex.org/W3011671762
3651,0,11,0,5,0.15816350054824563,2.9548671370897514e-05,https://openalex.org/W3011671762
2446,0,11,0,4,0.15235129851008583,4.821912360291449e-06,https://openalex.org/W3027205685
3653,0,11,0,4,0.15235129851008583,4.821912360291449e-06,https://openalex.org/W3027205685
2447,0,11,0,4,0.15235129851008583,4.821912360291449e-06,https://openalex.org/W3097466170
3656,0,11,0,4,0.15235129851008583,4.821912360291449e-06,https://openalex.org/W3097466170
2448,0,11,0,4,0.15235129851008583,4.821912360291449e-06,https://openalex.org/W3112802670
3657,0,11,0,4,0.15235129851008583,4.821912360291449e-06,https://openalex.org/W3112802670
2449,0,11,0,4,0.15235129851008583,4.821912360291449e-06,https://openalex.org/W3179400444
3659,0,11,0,4,0.15235129851008583,4.821912360291449e-06,https://openalex.org/W3179400444
2450,0,11,0,3,0.15033124279844656,4.402390838462307e-06,https://openalex.org/W4213182825
2451,0,11,0,3,0.15033124279844656,4.402390838462307e-06,https://openalex.org/W4230245087
77,0,3,1,80,0.154842136715694,0.0052904733515208545,https://openalex.org/W2991461979
2453,0,3,1,2,0.13278218574339556,0.00011762778126513476,https://openalex.org/W136427863
3288,0,3,1,80,0.154842136715694,0.0052904733515208545,https://openalex.org/W2991461979
2454,0,3,1,2,0.13278218574339556,0.00011762778126513476,https://openalex.org/W1597255911
2456,0,3,1,2,0.13278218574339556,0.00011762778126513476,https://openalex.org/W1612018705
2457,0,3,1,2,0.13278218574339556,0.00011762778126513476,https://openalex.org/W166739243
2458,0,3,1,2,0.13278218574339556,0.00011762778126513476,https://openalex.org/W1974361061
2459,0,3,1,2,0.13278218574339556,0.00011762778126513476,https://openalex.org/W2009253377
2460,0,3,1,2,0.13278218574339556,0.00011762778126513476,https://openalex.org/W2010163891
2461,0,3,1,2,0.13278218574339556,0.00011762778126513476,https://openalex.org/W2016118277
2462,0,3,1,2,0.13278218574339556,0.00011762778126513476,https://openalex.org/W2020137493
2463,0,3,1,2,0.13278218574339556,0.00011762778126513476,https://openalex.org/W2025802167
2466,0,3,1,2,0.13278218574339556,0.00011762778126513476,https://openalex.org/W2054335145
2467,0,3,1,2,0.13278218574339556,0.00011762778126513476,https://openalex.org/W2058085582
2468,0,3,1,2,0.13278218574339556,0.00011762778126513476,https://openalex.org/W2070042123
2469,0,3,1,2,0.13278218574339556,0.00011762778126513476,https://openalex.org/W2083887734
2470,0,3,1,2,0.13278218574339556,0.00011762778126513476,https://openalex.org/W2112289462
2471,0,3,1,3,0.13617762327112282,0.00034806042485734556,https://openalex.org/W2117560801
3265,0,3,1,3,0.13617762327112282,0.00034806042485734556,https://openalex.org/W2117560801
2473,0,3,1,2,0.13278218574339556,0.00011762778126513476,https://openalex.org/W2122062477
2474,0,3,1,2,0.13278218574339556,0.00011762778126513476,https://openalex.org/W2125644205
2475,0,3,1,2,0.13278218574339556,0.00011762778126513476,https://openalex.org/W2128689084
2476,0,3,1,2,0.13278218574339556,0.00011762778126513476,https://openalex.org/W2138319807
2477,0,3,1,2,0.13278218574339556,0.00011762778126513476,https://openalex.org/W2141209791
2478,0,3,1,2,0.13278218574339556,0.00011762778126513476,https://openalex.org/W2149863573
2479,0,3,1,2,0.13278218574339556,0.00011762778126513476,https://openalex.org/W2150058950
2480,0,3,1,2,0.13278218574339556,0.00011762778126513476,https://openalex.org/W2150645335
2481,0,3,1,2,0.13278218574339556,0.00011762778126513476,https://openalex.org/W2158544761
2482,0,3,1,2,0.13278218574339556,0.00011762778126513476,https://openalex.org/W2168496940
2483,0,3,1,2,0.13278218574339556,0.00011762778126513476,https://openalex.org/W2200642569
2485,0,3,1,2,0.13278218574339556,0.00011762778126513476,https://openalex.org/W2569169597
2486,0,3,1,2,0.13278218574339556,0.00011762778126513476,https://openalex.org/W2584689206
2488,0,3,1,2,0.13278218574339556,0.00011762778126513476,https://openalex.org/W2605494996
2490,0,3,1,2,0.13278218574339556,0.00011762778126513476,https://openalex.org/W2735682340
2491,0,3,1,2,0.13278218574339556,0.00011762778126513476,https://openalex.org/W2766173179
2493,0,3,1,3,0.1491967744064198,0.0011917824677047117,https://openalex.org/W2791662370
2665,0,3,1,3,0.1491967744064198,0.0011917824677047117,https://openalex.org/W2791662370
2494,0,3,1,2,0.13278218574339556,0.00011762778126513476,https://openalex.org/W2883088368
2496,0,3,1,3,0.13617762327112282,0.00034806042485734556,https://openalex.org/W2922334049
3285,0,3,1,3,0.13617762327112282,0.00034806042485734556,https://openalex.org/W2922334049
2497,0,3,1,2,0.13278218574339556,0.00011762778126513476,https://openalex.org/W4234413915
2499,0,3,1,2,0.13278218574339556,0.00011762778126513476,https://openalex.org/W4297888485
78,0,11,0,72,0.18595438310298704,0.0046136564392518075,https://openalex.org/W3035800846
2500,0,11,0,1,0.1550090660540458,5.1294141116301763e-05,https://openalex.org/W1227492430
2502,0,11,0,1,0.1550090660540458,5.1294141116301763e-05,https://openalex.org/W1581671376
2503,0,11,0,1,0.1550090660540458,5.1294141116301763e-05,https://openalex.org/W1603242685
2504,0,11,0,1,0.1550090660540458,5.1294141116301763e-05,https://openalex.org/W1907488138
2506,0,11,0,1,0.1550090660540458,5.1294141116301763e-05,https://openalex.org/W1985108728
2507,0,11,0,1,0.1550090660540458,5.1294141116301763e-05,https://openalex.org/W1986576484
2508,0,11,0,1,0.1550090660540458,5.1294141116301763e-05,https://openalex.org/W1995105693
2509,0,11,0,1,0.1550090660540458,5.1294141116301763e-05,https://openalex.org/W2008933922
2510,0,11,0,1,0.1550090660540458,5.1294141116301763e-05,https://openalex.org/W2031942492
2511,0,6,0,2,0.16044177373528667,5.2324609924787877e-05,https://openalex.org/W2039757335
2912,0,6,0,2,0.16044177373528667,5.2324609924787877e-05,https://openalex.org/W2039757335
2513,0,11,0,1,0.1550090660540458,5.1294141116301763e-05,https://openalex.org/W2044784934
2515,0,11,0,1,0.1550090660540458,5.1294141116301763e-05,https://openalex.org/W2105263266
2516,0,11,0,1,0.1550090660540458,5.1294141116301763e-05,https://openalex.org/W2120712763
2519,0,11,0,1,0.1550090660540458,5.1294141116301763e-05,https://openalex.org/W2137540532
2521,0,11,0,1,0.1550090660540458,5.1294141116301763e-05,https://openalex.org/W2143130238
2523,0,11,0,1,0.1550090660540458,5.1294141116301763e-05,https://openalex.org/W2163075259
2524,0,11,0,1,0.1550090660540458,5.1294141116301763e-05,https://openalex.org/W2194583865
2525,0,11,0,1,0.1550090660540458,5.1294141116301763e-05,https://openalex.org/W2306291294
2526,0,11,0,1,0.1550090660540458,5.1294141116301763e-05,https://openalex.org/W2322271163
2528,0,11,0,1,0.1550090660540458,5.1294141116301763e-05,https://openalex.org/W2479840514
2529,0,11,0,1,0.1550090660540458,5.1294141116301763e-05,https://openalex.org/W2550379908
2530,0,11,0,1,0.1550090660540458,5.1294141116301763e-05,https://openalex.org/W2594686157
2531,0,11,0,1,0.1550090660540458,5.1294141116301763e-05,https://openalex.org/W2599228176
2532,0,11,0,1,0.1550090660540458,5.1294141116301763e-05,https://openalex.org/W2768903746
2533,0,11,0,1,0.1550090660540458,5.1294141116301763e-05,https://openalex.org/W2772749861
2534,0,11,0,1,0.1550090660540458,5.1294141116301763e-05,https://openalex.org/W2888687641
2535,0,11,0,1,0.1550090660540458,5.1294141116301763e-05,https://openalex.org/W2991356575
2536,0,11,0,1,0.1550090660540458,5.1294141116301763e-05,https://openalex.org/W4230804826
79,0,13,3,82,0.07436688948102578,3.148565179192878e-17,https://openalex.org/W2994090949
2538,0,13,3,1,0.068868545044085,2.931504764955184e-18,https://openalex.org/W1499259498
2539,0,13,3,1,0.068868545044085,2.931504764955184e-18,https://openalex.org/W1532669942
2541,0,13,3,1,0.068868545044085,2.931504764955184e-18,https://openalex.org/W1821066201
2542,0,13,3,1,0.068868545044085,2.931504764955184e-18,https://openalex.org/W196469326
2543,0,13,3,1,0.068868545044085,2.931504764955184e-18,https://openalex.org/W1965086125
2544,0,13,3,1,0.068868545044085,2.931504764955184e-18,https://openalex.org/W1969608664
2545,0,13,3,1,0.068868545044085,2.931504764955184e-18,https://openalex.org/W1974454624
2546,0,13,3,1,0.068868545044085,2.931504764955184e-18,https://openalex.org/W1982192452
2547,0,13,3,1,0.068868545044085,2.931504764955184e-18,https://openalex.org/W1989019977
2548,0,13,3,1,0.068868545044085,2.931504764955184e-18,https://openalex.org/W1995597615
2549,0,13,3,1,0.068868545044085,2.931504764955184e-18,https://openalex.org/W1998528427
2550,0,13,3,1,0.068868545044085,2.931504764955184e-18,https://openalex.org/W2001177581
2551,0,13,3,1,0.068868545044085,2.931504764955184e-18,https://openalex.org/W2001180667
2553,0,13,3,1,0.068868545044085,2.931504764955184e-18,https://openalex.org/W2015366485
2555,0,13,3,1,0.068868545044085,2.931504764955184e-18,https://openalex.org/W2022093467
2556,0,13,3,1,0.068868545044085,2.931504764955184e-18,https://openalex.org/W2024475444
2558,0,13,3,1,0.068868545044085,2.931504764955184e-18,https://openalex.org/W2026041656
2559,0,13,3,1,0.068868545044085,2.931504764955184e-18,https://openalex.org/W2026449767
2560,0,13,3,1,0.068868545044085,2.931504764955184e-18,https://openalex.org/W2043128308
2561,0,13,3,1,0.068868545044085,2.931504764955184e-18,https://openalex.org/W2049082677
2562,0,13,3,1,0.068868545044085,2.931504764955184e-18,https://openalex.org/W2049795368
2563,0,13,3,1,0.068868545044085,2.931504764955184e-18,https://openalex.org/W2050676017
2565,0,13,3,1,0.068868545044085,2.931504764955184e-18,https://openalex.org/W2057958242
2566,0,13,3,1,0.068868545044085,2.931504764955184e-18,https://openalex.org/W2058040293
2568,0,13,3,1,0.068868545044085,2.931504764955184e-18,https://openalex.org/W2063611796
2569,0,13,3,1,0.068868545044085,2.931504764955184e-18,https://openalex.org/W2074757189
2570,0,13,3,1,0.068868545044085,2.931504764955184e-18,https://openalex.org/W2085525720
2571,0,13,3,1,0.068868545044085,2.931504764955184e-18,https://openalex.org/W2099019452
2572,0,13,3,1,0.068868545044085,2.931504764955184e-18,https://openalex.org/W2100487390
2575,0,13,3,1,0.068868545044085,2.931504764955184e-18,https://openalex.org/W2123371944
2579,0,13,3,1,0.068868545044085,2.931504764955184e-18,https://openalex.org/W2149520595
2581,0,13,3,1,0.068868545044085,2.931504764955184e-18,https://openalex.org/W2160900637
2583,0,13,3,1,0.068868545044085,2.931504764955184e-18,https://openalex.org/W2166284420
2584,0,13,3,1,0.068868545044085,2.931504764955184e-18,https://openalex.org/W2184407280
2585,0,13,3,1,0.068868545044085,2.931504764955184e-18,https://openalex.org/W2186575396
2586,0,13,3,1,0.068868545044085,2.931504764955184e-18,https://openalex.org/W2291250721
2587,0,13,3,1,0.068868545044085,2.931504764955184e-18,https://openalex.org/W2320361824
2588,0,13,3,1,0.068868545044085,2.931504764955184e-18,https://openalex.org/W2331021632
2589,0,13,3,1,0.068868545044085,2.931504764955184e-18,https://openalex.org/W2484962552
2590,0,13,3,1,0.068868545044085,2.931504764955184e-18,https://openalex.org/W2523352121
2591,0,13,3,1,0.068868545044085,2.931504764955184e-18,https://openalex.org/W2556300262
2592,0,13,3,1,0.068868545044085,2.931504764955184e-18,https://openalex.org/W2591903145
2593,0,13,3,1,0.068868545044085,2.931504764955184e-18,https://openalex.org/W260495154
2594,0,13,3,1,0.068868545044085,2.931504764955184e-18,https://openalex.org/W2613591421
2595,0,13,3,1,0.068868545044085,2.931504764955184e-18,https://openalex.org/W2745206256
2596,0,13,3,1,0.068868545044085,2.931504764955184e-18,https://openalex.org/W2750164938
2597,0,13,3,1,0.068868545044085,2.931504764955184e-18,https://openalex.org/W2912777353
2598,0,13,3,1,0.068868545044085,2.931504764955184e-18,https://openalex.org/W309965191
2599,0,13,3,1,0.068868545044085,2.931504764955184e-18,https://openalex.org/W3158860828
2600,0,13,3,1,0.068868545044085,2.931504764955184e-18,https://openalex.org/W35848862
2601,0,13,3,1,0.068868545044085,2.931504764955184e-18,https://openalex.org/W4234424125
2602,0,13,3,1,0.068868545044085,2.931504764955184e-18,https://openalex.org/W4236609053
2603,0,13,3,1,0.068868545044085,2.931504764955184e-18,https://openalex.org/W4238112919
2604,0,13,3,1,0.068868545044085,2.931504764955184e-18,https://openalex.org/W4250462574
2605,0,13,3,1,0.068868545044085,2.931504764955184e-18,https://openalex.org/W4390479642
80,0,14,16,37,0.13020787070737272,9.827856402274922e-08,https://openalex.org/W3035439260
2606,0,14,16,1,0.11423871473329406,1.0927669988165492e-09,https://openalex.org/W1481613157
2607,0,14,16,1,0.11423871473329406,1.0927669988165492e-09,https://openalex.org/W1482461688
2608,0,14,16,1,0.11423871473329406,1.0927669988165492e-09,https://openalex.org/W1545131993
2609,0,14,16,1,0.11423871473329406,1.0927669988165492e-09,https://openalex.org/W1570056301
2610,0,14,16,1,0.11423871473329406,1.0927669988165492e-09,https://openalex.org/W1588516166
2611,0,14,16,1,0.11423871473329406,1.0927669988165492e-09,https://openalex.org/W1772121948
2612,0,14,16,1,0.11423871473329406,1.0927669988165492e-09,https://openalex.org/W1978643436
2613,0,14,16,1,0.11423871473329406,1.0927669988165492e-09,https://openalex.org/W1979128870
2615,0,14,16,1,0.11423871473329406,1.0927669988165492e-09,https://openalex.org/W2006479099
2616,0,14,16,1,0.11423871473329406,1.0927669988165492e-09,https://openalex.org/W2012447057
2617,0,14,16,1,0.11423871473329406,1.0927669988165492e-09,https://openalex.org/W20319142
2618,0,14,16,1,0.11423871473329406,1.0927669988165492e-09,https://openalex.org/W2043384360
2619,0,14,16,1,0.11423871473329406,1.0927669988165492e-09,https://openalex.org/W2058809656
2620,0,14,16,1,0.11423871473329406,1.0927669988165492e-09,https://openalex.org/W2061220710
2621,0,14,16,1,0.11423871473329406,1.0927669988165492e-09,https://openalex.org/W2082475990
2622,0,14,16,1,0.11423871473329406,1.0927669988165492e-09,https://openalex.org/W2101957299
2623,0,14,16,1,0.11423871473329406,1.0927669988165492e-09,https://openalex.org/W2106868160
2624,0,14,16,1,0.11423871473329406,1.0927669988165492e-09,https://openalex.org/W2107067966
2625,0,14,16,1,0.11423871473329406,1.0927669988165492e-09,https://openalex.org/W2138966740
2626,0,14,16,1,0.11423871473329406,1.0927669988165492e-09,https://openalex.org/W2153646932
2627,0,14,16,1,0.11423871473329406,1.0927669988165492e-09,https://openalex.org/W2320649214
2628,0,14,16,1,0.11423871473329406,1.0927669988165492e-09,https://openalex.org/W2326915217
2629,0,14,16,1,0.11423871473329406,1.0927669988165492e-09,https://openalex.org/W2340181789
2630,0,14,16,1,0.11423871473329406,1.0927669988165492e-09,https://openalex.org/W2390008750
2631,0,14,16,1,0.11423871473329406,1.0927669988165492e-09,https://openalex.org/W2515244500
2632,0,14,16,1,0.11423871473329406,1.0927669988165492e-09,https://openalex.org/W2548315234
2633,0,14,16,1,0.11423871473329406,1.0927669988165492e-09,https://openalex.org/W2577761430
2634,0,14,16,1,0.11423871473329406,1.0927669988165492e-09,https://openalex.org/W2609259052
2635,0,14,16,1,0.11423871473329406,1.0927669988165492e-09,https://openalex.org/W2770884220
2636,0,14,16,1,0.11423871473329406,1.0927669988165492e-09,https://openalex.org/W2907000155
2637,0,14,16,1,0.11423871473329406,1.0927669988165492e-09,https://openalex.org/W3093851237
2638,0,14,16,1,0.11423871473329406,1.0927669988165492e-09,https://openalex.org/W4233651611
2639,0,14,16,1,0.11423871473329406,1.0927669988165492e-09,https://openalex.org/W4234392185
2640,0,14,16,1,0.11423871473329406,1.0927669988165492e-09,https://openalex.org/W4248161839
2641,0,14,16,1,0.11423871473329406,1.0927669988165492e-09,https://openalex.org/W6589524
81,0,15,1,156,0.17308327921672753,0.09664265424706195,https://openalex.org/W2983457005
2645,0,15,1,1,0.14596114853104986,0.0010741546864395767,https://openalex.org/W1974966205
2647,0,15,1,1,0.14596114853104986,0.0010741546864395767,https://openalex.org/W1993319978
2649,0,15,1,1,0.14596114853104986,0.0010741546864395767,https://openalex.org/W2021215921
2652,0,15,1,1,0.14596114853104986,0.0010741546864395767,https://openalex.org/W2083985411
2654,0,15,1,1,0.14596114853104986,0.0010741546864395767,https://openalex.org/W2106326623
2662,0,15,1,1,0.14596114853104986,0.0010741546864395767,https://openalex.org/W2562711163
2663,0,15,1,1,0.14596114853104986,0.0010741546864395767,https://openalex.org/W2597360030
2671,0,15,1,1,0.14596114853104986,0.0010741546864395767,https://openalex.org/W4234567833
2672,0,15,1,1,0.14596114853104986,0.0010741546864395767,https://openalex.org/W573789808
82,0,8,11,24,0.09612172995122649,4.4249403464784473e-10,https://openalex.org/W2990953305
2675,0,8,11,1,0.08713042310879802,4.927608010992443e-12,https://openalex.org/W1580465880
2676,0,8,11,1,0.08713042310879802,4.927608010992443e-12,https://openalex.org/W1979311893
2677,0,8,11,1,0.08713042310879802,4.927608010992443e-12,https://openalex.org/W2012778613
2678,0,8,11,1,0.08713042310879802,4.927608010992443e-12,https://openalex.org/W2042318824
2679,0,8,11,1,0.08713042310879802,4.927608010992443e-12,https://openalex.org/W2065445772
2680,0,8,11,1,0.08713042310879802,4.927608010992443e-12,https://openalex.org/W2066985241
2681,0,8,11,1,0.08713042310879802,4.927608010992443e-12,https://openalex.org/W2067404301
2682,0,8,11,1,0.08713042310879802,4.927608010992443e-12,https://openalex.org/W2069019430
2683,0,8,11,1,0.08713042310879802,4.927608010992443e-12,https://openalex.org/W2098137983
2684,0,8,11,1,0.08713042310879802,4.927608010992443e-12,https://openalex.org/W2142225512
2685,0,8,11,1,0.08713042310879802,4.927608010992443e-12,https://openalex.org/W2155997158
2686,0,8,11,1,0.08713042310879802,4.927608010992443e-12,https://openalex.org/W2162798768
2687,0,8,11,1,0.08713042310879802,4.927608010992443e-12,https://openalex.org/W2172100128
2688,0,8,11,1,0.08713042310879802,4.927608010992443e-12,https://openalex.org/W2176769782
2689,0,8,11,1,0.08713042310879802,4.927608010992443e-12,https://openalex.org/W2341034602
2690,0,8,11,1,0.08713042310879802,4.927608010992443e-12,https://openalex.org/W2378919046
2691,0,8,11,1,0.08713042310879802,4.927608010992443e-12,https://openalex.org/W2611325060
2693,0,8,11,1,0.08713042310879802,4.927608010992443e-12,https://openalex.org/W2883469480
2694,0,8,11,1,0.08713042310879802,4.927608010992443e-12,https://openalex.org/W2915686885
2695,0,8,11,1,0.08713042310879802,4.927608010992443e-12,https://openalex.org/W41042948
2696,0,8,11,1,0.08713042310879802,4.927608010992443e-12,https://openalex.org/W42929308
2697,0,8,11,1,0.08713042310879802,4.927608010992443e-12,https://openalex.org/W98434002
83,0,16,6,50,0.1084351436639556,6.80225462956158e-10,https://openalex.org/W3039959558
2698,0,16,6,1,0.09712816295028594,7.551621943493754e-12,https://openalex.org/W1505129894
2699,0,16,6,1,0.09712816295028594,7.551621943493754e-12,https://openalex.org/W1587682423
2700,0,16,6,1,0.09712816295028594,7.551621943493754e-12,https://openalex.org/W1598774187
2701,0,16,6,1,0.09712816295028594,7.551621943493754e-12,https://openalex.org/W1608760034
2703,0,16,6,1,0.09712816295028594,7.551621943493754e-12,https://openalex.org/W1969150202
2704,0,16,6,1,0.09712816295028594,7.551621943493754e-12,https://openalex.org/W1993951689
2705,0,16,6,1,0.09712816295028594,7.551621943493754e-12,https://openalex.org/W1996325890
2706,0,16,6,1,0.09712816295028594,7.551621943493754e-12,https://openalex.org/W2032962639
2707,0,16,6,1,0.09712816295028594,7.551621943493754e-12,https://openalex.org/W2036188247
2708,0,16,6,1,0.09712816295028594,7.551621943493754e-12,https://openalex.org/W2047490287
2709,0,16,6,1,0.09712816295028594,7.551621943493754e-12,https://openalex.org/W2052786148
2710,0,16,6,1,0.09712816295028594,7.551621943493754e-12,https://openalex.org/W2056799610
2711,0,16,6,1,0.09712816295028594,7.551621943493754e-12,https://openalex.org/W2061610289
2712,0,16,6,1,0.09712816295028594,7.551621943493754e-12,https://openalex.org/W2064513208
2713,0,16,6,1,0.09712816295028594,7.551621943493754e-12,https://openalex.org/W2069201391
2714,0,16,6,1,0.09712816295028594,7.551621943493754e-12,https://openalex.org/W2071654117
2715,0,16,6,1,0.09712816295028594,7.551621943493754e-12,https://openalex.org/W2079875205
2716,0,16,6,1,0.09712816295028594,7.551621943493754e-12,https://openalex.org/W2085906159
2717,0,16,6,1,0.09712816295028594,7.551621943493754e-12,https://openalex.org/W2090548399
2718,0,16,6,1,0.09712816295028594,7.551621943493754e-12,https://openalex.org/W2096868453
2719,0,16,6,1,0.09712816295028594,7.551621943493754e-12,https://openalex.org/W2100380498
2720,0,16,6,1,0.09712816295028594,7.551621943493754e-12,https://openalex.org/W2116978432
2721,0,16,6,1,0.09712816295028594,7.551621943493754e-12,https://openalex.org/W2120917629
2722,0,16,6,1,0.09712816295028594,7.551621943493754e-12,https://openalex.org/W2128372969
2723,0,16,6,1,0.09712816295028594,7.551621943493754e-12,https://openalex.org/W2135969267
2724,0,16,6,1,0.09712816295028594,7.551621943493754e-12,https://openalex.org/W2139783553
2725,0,16,6,1,0.09712816295028594,7.551621943493754e-12,https://openalex.org/W2142485549
2726,0,16,6,1,0.09712816295028594,7.551621943493754e-12,https://openalex.org/W2147148364
2727,0,16,6,1,0.09712816295028594,7.551621943493754e-12,https://openalex.org/W2148120729
2728,0,16,6,1,0.09712816295028594,7.551621943493754e-12,https://openalex.org/W2150141667
2729,0,16,6,1,0.09712816295028594,7.551621943493754e-12,https://openalex.org/W2155499456
2730,0,16,6,1,0.09712816295028594,7.551621943493754e-12,https://openalex.org/W2159252474
2731,0,16,6,1,0.09712816295028594,7.551621943493754e-12,https://openalex.org/W2163684370
2732,0,16,6,1,0.09712816295028594,7.551621943493754e-12,https://openalex.org/W2166673651
2733,0,16,6,1,0.09712816295028594,7.551621943493754e-12,https://openalex.org/W2170838887
2734,0,16,6,1,0.09712816295028594,7.551621943493754e-12,https://openalex.org/W2286490553
2735,0,16,6,1,0.09712816295028594,7.551621943493754e-12,https://openalex.org/W2482834658
2736,0,16,6,1,0.09712816295028594,7.551621943493754e-12,https://openalex.org/W2739069361
2737,0,16,6,1,0.09712816295028594,7.551621943493754e-12,https://openalex.org/W2792424146
2738,0,16,6,1,0.09712816295028594,7.551621943493754e-12,https://openalex.org/W2852458049
2739,0,16,6,1,0.09712816295028594,7.551621943493754e-12,https://openalex.org/W2889750549
2740,0,16,6,1,0.09712816295028594,7.551621943493754e-12,https://openalex.org/W2890373521
2741,0,16,6,1,0.09712816295028594,7.551621943493754e-12,https://openalex.org/W3021353408
2742,0,16,6,1,0.09712816295028594,7.551621943493754e-12,https://openalex.org/W4214816511
2743,0,16,6,1,0.09712816295028594,7.551621943493754e-12,https://openalex.org/W4230915430
2744,0,16,6,1,0.09712816295028594,7.551621943493754e-12,https://openalex.org/W4232985782
2745,0,16,6,1,0.09712816295028594,7.551621943493754e-12,https://openalex.org/W4243073173
2746,0,16,6,1,0.09712816295028594,7.551621943493754e-12,https://openalex.org/W4249831151
84,0,3,1,156,0.16211090098728603,0.08710353911160715,https://openalex.org/W3133989721
2748,0,3,1,1,0.1380797944460654,0.0009681381678271576,https://openalex.org/W138713707
2749,0,3,1,1,0.1380797944460654,0.0009681381678271576,https://openalex.org/W1600133009
2750,0,3,1,1,0.1380797944460654,0.0009681381678271576,https://openalex.org/W1790386484
2752,0,3,1,1,0.1380797944460654,0.0009681381678271576,https://openalex.org/W1999091656
2753,0,3,1,1,0.1380797944460654,0.0009681381678271576,https://openalex.org/W2002693231
2756,0,3,1,1,0.1380797944460654,0.0009681381678271576,https://openalex.org/W2041357893
2757,0,3,1,1,0.1380797944460654,0.0009681381678271576,https://openalex.org/W2058138514
2758,0,3,1,1,0.1380797944460654,0.0009681381678271576,https://openalex.org/W2066988869
2759,0,3,1,1,0.1380797944460654,0.0009681381678271576,https://openalex.org/W2073194656
2760,0,3,1,1,0.1380797944460654,0.0009681381678271576,https://openalex.org/W2081243546
2761,0,3,1,1,0.1380797944460654,0.0009681381678271576,https://openalex.org/W2092808253
2762,0,3,1,1,0.1380797944460654,0.0009681381678271576,https://openalex.org/W2099448376
2764,0,3,1,1,0.1380797944460654,0.0009681381678271576,https://openalex.org/W2150292700
2765,0,3,1,1,0.1380797944460654,0.0009681381678271576,https://openalex.org/W2152462308
2766,0,3,1,1,0.1380797944460654,0.0009681381678271576,https://openalex.org/W2155444383
2768,0,3,1,1,0.1380797944460654,0.0009681381678271576,https://openalex.org/W2174994900
2770,0,3,1,1,0.1380797944460654,0.0009681381678271576,https://openalex.org/W2192746706
2771,0,3,1,1,0.1380797944460654,0.0009681381678271576,https://openalex.org/W2277614801
2772,0,3,1,1,0.1380797944460654,0.0009681381678271576,https://openalex.org/W2308907647
2774,0,3,1,1,0.1380797944460654,0.0009681381678271576,https://openalex.org/W2408308441
2775,0,3,1,1,0.1380797944460654,0.0009681381678271576,https://openalex.org/W2415424991
2778,0,3,1,1,0.1380797944460654,0.0009681381678271576,https://openalex.org/W2618384399
2779,0,3,1,1,0.1380797944460654,0.0009681381678271576,https://openalex.org/W2687752893
2780,0,3,1,1,0.1380797944460654,0.0009681381678271576,https://openalex.org/W2708480879
2781,0,3,1,1,0.1380797944460654,0.0009681381678271576,https://openalex.org/W2743078733
2782,0,3,1,1,0.1380797944460654,0.0009681381678271576,https://openalex.org/W2747492750
2784,0,3,1,1,0.1380797944460654,0.0009681381678271576,https://openalex.org/W2885560305
2789,0,3,1,1,0.1380797944460654,0.0009681381678271576,https://openalex.org/W2896398092
2790,0,3,1,1,0.1380797944460654,0.0009681381678271576,https://openalex.org/W2897988035
2791,0,3,1,1,0.1380797944460654,0.0009681381678271576,https://openalex.org/W2898254100
2792,0,3,1,1,0.1380797944460654,0.0009681381678271576,https://openalex.org/W2914490564
2793,0,3,1,1,0.1380797944460654,0.0009681381678271576,https://openalex.org/W2923784457
2794,0,3,1,1,0.1380797944460654,0.0009681381678271576,https://openalex.org/W3015955772
85,0,1,4,36,0.12761295832519415,1.9657734401819927e-06,https://openalex.org/W3011227050
2795,0,1,4,1,0.11223637563741529,2.1866660423233817e-08,https://openalex.org/W104144613
2796,0,1,4,1,0.11223637563741529,2.1866660423233817e-08,https://openalex.org/W1599891097
2797,0,1,4,1,0.11223637563741529,2.1866660423233817e-08,https://openalex.org/W1975617374
2798,0,1,4,1,0.11223637563741529,2.1866660423233817e-08,https://openalex.org/W2010816392
2800,0,1,4,1,0.11223637563741529,2.1866660423233817e-08,https://openalex.org/W2115123524
2801,0,1,4,1,0.11223637563741529,2.1866660423233817e-08,https://openalex.org/W2120340286
2803,0,1,4,1,0.11223637563741529,2.1866660423233817e-08,https://openalex.org/W2142269397
2804,0,1,4,1,0.11223637563741529,2.1866660423233817e-08,https://openalex.org/W217774197
2805,0,1,4,1,0.11223637563741529,2.1866660423233817e-08,https://openalex.org/W2212034912
2806,0,1,4,1,0.11223637563741529,2.1866660423233817e-08,https://openalex.org/W2252351721
2808,0,1,4,1,0.11223637563741529,2.1866660423233817e-08,https://openalex.org/W2344580340
2809,0,1,4,1,0.11223637563741529,2.1866660423233817e-08,https://openalex.org/W2461553096
2811,0,1,4,1,0.11223637563741529,2.1866660423233817e-08,https://openalex.org/W2531444790
2812,0,1,4,1,0.11223637563741529,2.1866660423233817e-08,https://openalex.org/W2582307273
2813,0,1,4,1,0.11223637563741529,2.1866660423233817e-08,https://openalex.org/W2890591950
2814,0,1,4,1,0.11223637563741529,2.1866660423233817e-08,https://openalex.org/W2899388179
2815,0,1,4,1,0.11223637563741529,2.1866660423233817e-08,https://openalex.org/W2936728258
2816,0,1,4,1,0.11223637563741529,2.1866660423233817e-08,https://openalex.org/W3122069398
2817,0,1,4,1,0.11223637563741529,2.1866660423233817e-08,https://openalex.org/W3122659730
2819,0,1,4,1,0.11223637563741529,2.1866660423233817e-08,https://openalex.org/W4229833068
2820,0,1,4,1,0.11223637563741529,2.1866660423233817e-08,https://openalex.org/W4232268312
2822,0,1,4,1,0.11223637563741529,2.1866660423233817e-08,https://openalex.org/W97875496
86,0,0,5,71,0.14257312890273188,1.0636360102690971e-06,https://openalex.org/W3035683435
2824,0,0,5,1,0.12364734436793623,1.1832458408333175e-08,https://openalex.org/W1507482897
2825,0,0,5,1,0.12364734436793623,1.1832458408333175e-08,https://openalex.org/W152461920
2826,0,0,5,1,0.12364734436793623,1.1832458408333175e-08,https://openalex.org/W1540050425
2827,0,0,5,1,0.12364734436793623,1.1832458408333175e-08,https://openalex.org/W1799097789
2828,0,0,5,1,0.12364734436793623,1.1832458408333175e-08,https://openalex.org/W1838363598
2829,0,0,5,1,0.12364734436793623,1.1832458408333175e-08,https://openalex.org/W1881762375
2830,0,0,5,1,0.12364734436793623,1.1832458408333175e-08,https://openalex.org/W1975831560
2831,0,0,5,1,0.12364734436793623,1.1832458408333175e-08,https://openalex.org/W1983994076
2832,0,0,5,1,0.12364734436793623,1.1832458408333175e-08,https://openalex.org/W1992513089
2833,0,0,5,1,0.12364734436793623,1.1832458408333175e-08,https://openalex.org/W2002751278
2834,0,0,5,1,0.12364734436793623,1.1832458408333175e-08,https://openalex.org/W2005593502
2835,0,0,5,1,0.12364734436793623,1.1832458408333175e-08,https://openalex.org/W2010632490
2836,0,0,5,1,0.12364734436793623,1.1832458408333175e-08,https://openalex.org/W2035342780
2837,0,0,5,1,0.12364734436793623,1.1832458408333175e-08,https://openalex.org/W2041037522
2838,0,0,5,1,0.12364734436793623,1.1832458408333175e-08,https://openalex.org/W2057166657
2839,0,0,5,1,0.12364734436793623,1.1832458408333175e-08,https://openalex.org/W2057902960
2841,0,0,5,1,0.12364734436793623,1.1832458408333175e-08,https://openalex.org/W2065511922
2842,0,0,5,1,0.12364734436793623,1.1832458408333175e-08,https://openalex.org/W2066843032
2843,0,0,5,1,0.12364734436793623,1.1832458408333175e-08,https://openalex.org/W2067652354
2844,0,0,5,1,0.12364734436793623,1.1832458408333175e-08,https://openalex.org/W2068014865
2845,0,0,5,1,0.12364734436793623,1.1832458408333175e-08,https://openalex.org/W2068918102
2846,0,0,5,1,0.12364734436793623,1.1832458408333175e-08,https://openalex.org/W2074730690
2848,0,0,5,1,0.12364734436793623,1.1832458408333175e-08,https://openalex.org/W2108594494
2849,0,0,5,1,0.12364734436793623,1.1832458408333175e-08,https://openalex.org/W2118135510
2850,0,0,5,1,0.12364734436793623,1.1832458408333175e-08,https://openalex.org/W2128569464
2851,0,0,5,1,0.12364734436793623,1.1832458408333175e-08,https://openalex.org/W2129058274
2853,0,0,5,1,0.12364734436793623,1.1832458408333175e-08,https://openalex.org/W2199670351
2854,0,0,5,1,0.12364734436793623,1.1832458408333175e-08,https://openalex.org/W2298504533
2855,0,0,5,1,0.12364734436793623,1.1832458408333175e-08,https://openalex.org/W2313408612
2857,0,0,5,1,0.12364734436793623,1.1832458408333175e-08,https://openalex.org/W2335074027
2858,0,0,5,1,0.12364734436793623,1.1832458408333175e-08,https://openalex.org/W2343245455
2859,0,0,5,1,0.12364734436793623,1.1832458408333175e-08,https://openalex.org/W2409330545
2861,0,0,5,1,0.12364734436793623,1.1832458408333175e-08,https://openalex.org/W2418583469
2862,0,0,5,1,0.12364734436793623,1.1832458408333175e-08,https://openalex.org/W2426354393
2863,0,0,5,1,0.12364734436793623,1.1832458408333175e-08,https://openalex.org/W2558404025
2864,0,0,5,1,0.12364734436793623,1.1832458408333175e-08,https://openalex.org/W2575872108
2865,0,0,5,1,0.12364734436793623,1.1832458408333175e-08,https://openalex.org/W2604108882
2866,0,0,5,1,0.12364734436793623,1.1832458408333175e-08,https://openalex.org/W2617133394
2867,0,0,5,1,0.12364734436793623,1.1832458408333175e-08,https://openalex.org/W2750650824
2868,0,0,5,1,0.12364734436793623,1.1832458408333175e-08,https://openalex.org/W2765731874
2869,0,0,5,1,0.12364734436793623,1.1832458408333175e-08,https://openalex.org/W2773847129
2870,0,0,5,1,0.12364734436793623,1.1832458408333175e-08,https://openalex.org/W2783614816
2871,0,0,5,1,0.12364734436793623,1.1832458408333175e-08,https://openalex.org/W2788236387
2872,0,0,5,1,0.12364734436793623,1.1832458408333175e-08,https://openalex.org/W2801022021
2873,0,0,5,1,0.12364734436793623,1.1832458408333175e-08,https://openalex.org/W2806331545
2874,0,0,5,1,0.12364734436793623,1.1832458408333175e-08,https://openalex.org/W2807640090
2875,0,0,5,1,0.12364734436793623,1.1832458408333175e-08,https://openalex.org/W2901150668
2876,0,0,5,1,0.12364734436793623,1.1832458408333175e-08,https://openalex.org/W2911174794
2877,0,0,5,1,0.12364734436793623,1.1832458408333175e-08,https://openalex.org/W2922407379
2878,0,0,5,1,0.12364734436793623,1.1832458408333175e-08,https://openalex.org/W2948003103
2879,0,0,5,1,0.12364734436793623,1.1832458408333175e-08,https://openalex.org/W2982449524
87,0,11,0,44,0.1488457562095291,5.93246891900618e-06,https://openalex.org/W3134845393
2882,0,11,0,1,0.1283377966149348,6.599274675122322e-08,https://openalex.org/W1659952696
2884,0,11,0,1,0.1283377966149348,6.599274675122322e-08,https://openalex.org/W1965733490
2885,0,11,0,1,0.1283377966149348,6.599274675122322e-08,https://openalex.org/W1996548435
2887,0,11,0,1,0.1283377966149348,6.599274675122322e-08,https://openalex.org/W2008573987
2889,0,11,0,1,0.1283377966149348,6.599274675122322e-08,https://openalex.org/W2055493458
2890,0,11,0,1,0.1283377966149348,6.599274675122322e-08,https://openalex.org/W2056989464
2892,0,11,0,1,0.1283377966149348,6.599274675122322e-08,https://openalex.org/W2111708398
2893,0,11,0,1,0.1283377966149348,6.599274675122322e-08,https://openalex.org/W2118197434
2894,0,11,0,1,0.1283377966149348,6.599274675122322e-08,https://openalex.org/W2140762161
2895,0,11,0,1,0.1283377966149348,6.599274675122322e-08,https://openalex.org/W2151534933
2896,0,11,0,1,0.1283377966149348,6.599274675122322e-08,https://openalex.org/W2318247584
2897,0,11,0,1,0.1283377966149348,6.599274675122322e-08,https://openalex.org/W2347022106
2898,0,11,0,1,0.1283377966149348,6.599274675122322e-08,https://openalex.org/W2400837116
2899,0,11,0,1,0.1283377966149348,6.599274675122322e-08,https://openalex.org/W2529268806
2900,0,11,0,1,0.1283377966149348,6.599274675122322e-08,https://openalex.org/W2792057175
2901,0,11,0,1,0.1283377966149348,6.599274675122322e-08,https://openalex.org/W2805253242
2902,0,11,0,1,0.1283377966149348,6.599274675122322e-08,https://openalex.org/W3004846313
2903,0,11,0,1,0.1283377966149348,6.599274675122322e-08,https://openalex.org/W3035976364
2904,0,11,0,1,0.1283377966149348,6.599274675122322e-08,https://openalex.org/W3040968806
2905,0,11,0,1,0.1283377966149348,6.599274675122322e-08,https://openalex.org/W3045133335
88,0,6,0,45,0.1637896759159588,9.269208629291384e-05,https://openalex.org/W4360620777
2906,0,6,0,1,0.13929587436544597,1.030468808486115e-06,https://openalex.org/W1533887339
2907,0,6,0,1,0.13929587436544597,1.030468808486115e-06,https://openalex.org/W1873063852
2908,0,6,0,1,0.13929587436544597,1.030468808486115e-06,https://openalex.org/W1967649176
2909,0,6,0,1,0.13929587436544597,1.030468808486115e-06,https://openalex.org/W1979305378
2910,0,6,0,1,0.13929587436544597,1.030468808486115e-06,https://openalex.org/W2009503341
2911,0,6,0,1,0.13929587436544597,1.030468808486115e-06,https://openalex.org/W2038327547
2913,0,6,0,1,0.13929587436544597,1.030468808486115e-06,https://openalex.org/W2045180938
2915,0,6,0,1,0.13929587436544597,1.030468808486115e-06,https://openalex.org/W2066475428
2916,0,6,0,1,0.13929587436544597,1.030468808486115e-06,https://openalex.org/W2104871900
2918,0,6,0,1,0.13929587436544597,1.030468808486115e-06,https://openalex.org/W2129094238
2919,0,6,0,2,0.15229995238155575,1.4499903303152571e-06,https://openalex.org/W2139104627
3624,0,6,0,2,0.15229995238155575,1.4499903303152571e-06,https://openalex.org/W2139104627
2920,0,6,0,1,0.13929587436544597,1.030468808486115e-06,https://openalex.org/W2171421253
2921,0,6,0,1,0.13929587436544597,1.030468808486115e-06,https://openalex.org/W2216079545
2922,0,6,0,1,0.13929587436544597,1.030468808486115e-06,https://openalex.org/W2268258742
2923,0,6,0,1,0.13929587436544597,1.030468808486115e-06,https://openalex.org/W2318202834
2924,0,6,0,1,0.13929587436544597,1.030468808486115e-06,https://openalex.org/W2319383337
2926,0,6,0,1,0.13929587436544597,1.030468808486115e-06,https://openalex.org/W2521971721
2927,0,6,0,1,0.13929587436544597,1.030468808486115e-06,https://openalex.org/W2560508358
2928,0,6,0,1,0.13929587436544597,1.030468808486115e-06,https://openalex.org/W2763766763
2929,0,6,0,1,0.13929587436544597,1.030468808486115e-06,https://openalex.org/W2887056599
2930,0,6,0,1,0.13929587436544597,1.030468808486115e-06,https://openalex.org/W2943983291
2931,0,6,0,1,0.13929587436544597,1.030468808486115e-06,https://openalex.org/W3006549594
2932,0,6,0,1,0.13929587436544597,1.030468808486115e-06,https://openalex.org/W3078133258
2933,0,6,0,1,0.13929587436544597,1.030468808486115e-06,https://openalex.org/W4239738488
89,0,20,10,63,0.12872950030378513,6.305611055684607e-06,https://openalex.org/W4281719045
2935,0,20,10,1,0.11309914587453654,7.008303089126146e-08,https://openalex.org/W1979149406
2936,0,20,10,1,0.11309914587453654,7.008303089126146e-08,https://openalex.org/W2000032138
2937,0,20,10,1,0.11309914587453654,7.008303089126146e-08,https://openalex.org/W2010476788
2938,0,20,10,1,0.11309914587453654,7.008303089126146e-08,https://openalex.org/W2012231914
2939,0,20,10,1,0.11309914587453654,7.008303089126146e-08,https://openalex.org/W2014134756
2940,0,20,10,1,0.11309914587453654,7.008303089126146e-08,https://openalex.org/W2021258309
2941,0,20,10,1,0.11309914587453654,7.008303089126146e-08,https://openalex.org/W2033015685
2942,0,20,10,1,0.11309914587453654,7.008303089126146e-08,https://openalex.org/W2054154729
2943,0,20,10,1,0.11309914587453654,7.008303089126146e-08,https://openalex.org/W2064311067
2944,0,20,10,1,0.11309914587453654,7.008303089126146e-08,https://openalex.org/W2081165730
2945,0,20,10,1,0.11309914587453654,7.008303089126146e-08,https://openalex.org/W2105012241
2946,0,20,10,1,0.11309914587453654,7.008303089126146e-08,https://openalex.org/W2132852717
2947,0,20,10,1,0.11309914587453654,7.008303089126146e-08,https://openalex.org/W2149201528
2948,0,20,10,1,0.11309914587453654,7.008303089126146e-08,https://openalex.org/W2158672897
2949,0,20,10,1,0.11309914587453654,7.008303089126146e-08,https://openalex.org/W2225097792
2950,0,20,10,1,0.11309914587453654,7.008303089126146e-08,https://openalex.org/W2303185728
2951,0,20,10,1,0.11309914587453654,7.008303089126146e-08,https://openalex.org/W2409542037
2952,0,20,10,1,0.11309914587453654,7.008303089126146e-08,https://openalex.org/W2410101759
2953,0,20,10,1,0.11309914587453654,7.008303089126146e-08,https://openalex.org/W2489296223
2954,0,20,10,1,0.11309914587453654,7.008303089126146e-08,https://openalex.org/W2494717155
2955,0,20,10,1,0.11309914587453654,7.008303089126146e-08,https://openalex.org/W2559981520
2956,0,20,10,1,0.11309914587453654,7.008303089126146e-08,https://openalex.org/W2560279132
2957,0,20,10,2,0.13601367377412876,0.000230502726623102,https://openalex.org/W2567289819
3272,0,20,10,2,0.13601367377412876,0.000230502726623102,https://openalex.org/W2567289819
2958,0,20,10,1,0.11309914587453654,7.008303089126146e-08,https://openalex.org/W2605474355
2959,0,20,10,1,0.11309914587453654,7.008303089126146e-08,https://openalex.org/W2605634262
2960,0,20,10,1,0.11309914587453654,7.008303089126146e-08,https://openalex.org/W2779886828
2961,0,20,10,1,0.11309914587453654,7.008303089126146e-08,https://openalex.org/W2795810251
2962,0,20,10,1,0.11309914587453654,7.008303089126146e-08,https://openalex.org/W2804122914
2963,0,20,10,1,0.11309914587453654,7.008303089126146e-08,https://openalex.org/W2805773401
2964,0,20,10,1,0.11309914587453654,7.008303089126146e-08,https://openalex.org/W2805976071
2965,0,20,10,1,0.11309914587453654,7.008303089126146e-08,https://openalex.org/W2891820965
2966,0,20,10,1,0.11309914587453654,7.008303089126146e-08,https://openalex.org/W2893132147
2967,0,20,10,1,0.11309914587453654,7.008303089126146e-08,https://openalex.org/W2902284454
2968,0,20,10,1,0.11309914587453654,7.008303089126146e-08,https://openalex.org/W2907925840
2969,0,20,10,1,0.11309914587453654,7.008303089126146e-08,https://openalex.org/W2913549539
2970,0,20,10,1,0.11309914587453654,7.008303089126146e-08,https://openalex.org/W2925767563
2971,0,20,10,1,0.11309914587453654,7.008303089126146e-08,https://openalex.org/W2935761200
2972,0,20,10,1,0.11309914587453654,7.008303089126146e-08,https://openalex.org/W2944627930
2973,0,20,10,1,0.11309914587453654,7.008303089126146e-08,https://openalex.org/W2947975034
2974,0,20,10,1,0.11309914587453654,7.008303089126146e-08,https://openalex.org/W2952033450
2975,0,20,10,1,0.11309914587453654,7.008303089126146e-08,https://openalex.org/W2963220664
2976,0,20,10,1,0.11309914587453654,7.008303089126146e-08,https://openalex.org/W2985001966
2977,0,20,10,1,0.11309914587453654,7.008303089126146e-08,https://openalex.org/W2996286161
2978,0,20,10,1,0.11309914587453654,7.008303089126146e-08,https://openalex.org/W3005110759
2979,0,20,10,1,0.11309914587453654,7.008303089126146e-08,https://openalex.org/W3006018007
2980,0,20,10,1,0.11309914587453654,7.008303089126146e-08,https://openalex.org/W3044087203
2981,0,20,10,1,0.11309914587453654,7.008303089126146e-08,https://openalex.org/W3083898040
2982,0,20,10,1,0.11309914587453654,7.008303089126146e-08,https://openalex.org/W3084220925
2983,0,20,10,1,0.11309914587453654,7.008303089126146e-08,https://openalex.org/W3085881446
2984,0,20,10,1,0.11309914587453654,7.008303089126146e-08,https://openalex.org/W3093522104
2985,0,20,10,1,0.11309914587453654,7.008303089126146e-08,https://openalex.org/W3094124941
2986,0,20,10,1,0.11309914587453654,7.008303089126146e-08,https://openalex.org/W3111767884
2987,0,20,10,1,0.11309914587453654,7.008303089126146e-08,https://openalex.org/W3112900607
2988,0,20,10,1,0.11309914587453654,7.008303089126146e-08,https://openalex.org/W4206488967
2990,0,20,10,1,0.11309914587453654,7.008303089126146e-08,https://openalex.org/W4247268056
2991,0,20,10,1,0.11309914587453654,7.008303089126146e-08,https://openalex.org/W4250338314
2992,0,20,10,1,0.11309914587453654,7.008303089126146e-08,https://openalex.org/W4288079856
2993,0,20,10,1,0.11309914587453654,7.008303089126146e-08,https://openalex.org/W4297028041
2994,0,20,10,1,0.11309914587453654,7.008303089126146e-08,https://openalex.org/W626695971
2995,0,20,10,1,0.11309914587453654,7.008303089126146e-08,https://openalex.org/W77903994
90,5,17,18,33,0.009046052631578948,1.0150627903798472e-21,https://openalex.org/W4389109305
2996,5,17,18,1,0.0045926113360323885,1.7714276317499593e-22,https://openalex.org/W1503922730
2997,5,17,18,1,0.0045926113360323885,1.7714276317499593e-22,https://openalex.org/W1553700798
2998,5,17,18,1,0.0045926113360323885,1.7714276317499593e-22,https://openalex.org/W1893371726
2999,5,17,18,1,0.0045926113360323885,1.7714276317499593e-22,https://openalex.org/W1913452143
3000,5,17,18,1,0.0045926113360323885,1.7714276317499593e-22,https://openalex.org/W1965464222
3001,5,17,18,1,0.0045926113360323885,1.7714276317499593e-22,https://openalex.org/W1987140504
3002,5,17,18,1,0.0045926113360323885,1.7714276317499593e-22,https://openalex.org/W2003960890
3003,5,17,18,1,0.0045926113360323885,1.7714276317499593e-22,https://openalex.org/W2007669156
3004,5,17,18,1,0.0045926113360323885,1.7714276317499593e-22,https://openalex.org/W2016593370
3005,5,17,18,1,0.0045926113360323885,1.7714276317499593e-22,https://openalex.org/W2027407045
3006,5,17,18,1,0.0045926113360323885,1.7714276317499593e-22,https://openalex.org/W2036786441
3007,5,17,18,1,0.0045926113360323885,1.7714276317499593e-22,https://openalex.org/W2095253588
3008,5,17,18,1,0.0045926113360323885,1.7714276317499593e-22,https://openalex.org/W2118454401
3009,5,17,18,1,0.0045926113360323885,1.7714276317499593e-22,https://openalex.org/W2128714088
3010,5,17,18,1,0.0045926113360323885,1.7714276317499593e-22,https://openalex.org/W2294531310
3011,5,17,18,1,0.0045926113360323885,1.7714276317499593e-22,https://openalex.org/W2316564403
3012,5,17,18,1,0.0045926113360323885,1.7714276317499593e-22,https://openalex.org/W2358457898
3013,5,17,18,1,0.0045926113360323885,1.7714276317499593e-22,https://openalex.org/W2470063987
3014,5,17,18,1,0.0045926113360323885,1.7714276317499593e-22,https://openalex.org/W2517364396
3015,5,17,18,1,0.0045926113360323885,1.7714276317499593e-22,https://openalex.org/W2533955894
3016,5,17,18,1,0.0045926113360323885,1.7714276317499593e-22,https://openalex.org/W2556910453
3017,5,17,18,1,0.0045926113360323885,1.7714276317499593e-22,https://openalex.org/W2756604504
3018,5,17,18,1,0.0045926113360323885,1.7714276317499593e-22,https://openalex.org/W2762618553
3019,5,17,18,1,0.0045926113360323885,1.7714276317499593e-22,https://openalex.org/W2788196642
3020,5,17,18,1,0.0045926113360323885,1.7714276317499593e-22,https://openalex.org/W2793186845
3021,5,17,18,1,0.0045926113360323885,1.7714276317499593e-22,https://openalex.org/W2894951928
3022,5,17,18,1,0.0045926113360323885,1.7714276317499593e-22,https://openalex.org/W2897421359
3023,5,17,18,1,0.0045926113360323885,1.7714276317499593e-22,https://openalex.org/W2923511331
3024,5,17,18,1,0.0045926113360323885,1.7714276317499593e-22,https://openalex.org/W2924182973
3025,5,17,18,1,0.0045926113360323885,1.7714276317499593e-22,https://openalex.org/W2952337682
3026,5,17,18,1,0.0045926113360323885,1.7714276317499593e-22,https://openalex.org/W3022374788
3027,5,17,18,1,0.0045926113360323885,1.7714276317499593e-22,https://openalex.org/W3095280756
3028,5,17,18,1,0.0045926113360323885,1.7714276317499593e-22,https://openalex.org/W314814923
91,0,11,0,60,0.15796604299450248,1.2070768846256866e-05,https://openalex.org/W4221018637
3029,0,11,0,1,0.13506127026877215,1.342717467722135e-07,https://openalex.org/W1493697127
3031,0,11,0,1,0.13506127026877215,1.342717467722135e-07,https://openalex.org/W1964457637
3034,0,11,0,2,0.14396168074295326,3.1076156162394756e-07,https://openalex.org/W1968318340
3197,0,11,0,2,0.14396168074295326,3.1076156162394756e-07,https://openalex.org/W1968318340
3035,0,11,0,1,0.13506127026877215,1.342717467722135e-07,https://openalex.org/W196918020
3036,0,11,0,1,0.13506127026877215,1.342717467722135e-07,https://openalex.org/W2019768290
3037,0,11,0,1,0.13506127026877215,1.342717467722135e-07,https://openalex.org/W2036374152
3038,0,11,0,1,0.13506127026877215,1.342717467722135e-07,https://openalex.org/W2041773052
3041,0,11,0,1,0.13506127026877215,1.342717467722135e-07,https://openalex.org/W2054188415
3042,0,11,0,1,0.13506127026877215,1.342717467722135e-07,https://openalex.org/W2058192450
3044,0,11,0,1,0.13506127026877215,1.342717467722135e-07,https://openalex.org/W2067770983
3045,0,11,0,1,0.13506127026877215,1.342717467722135e-07,https://openalex.org/W2072097891
3046,0,11,0,1,0.13506127026877215,1.342717467722135e-07,https://openalex.org/W2084087864
3048,0,11,0,1,0.13506127026877215,1.342717467722135e-07,https://openalex.org/W2136616869
3049,0,11,0,1,0.13506127026877215,1.342717467722135e-07,https://openalex.org/W2150947082
3050,0,11,0,1,0.13506127026877215,1.342717467722135e-07,https://openalex.org/W2191667220
3052,0,11,0,1,0.13506127026877215,1.342717467722135e-07,https://openalex.org/W2517467528
3053,0,11,0,1,0.13506127026877215,1.342717467722135e-07,https://openalex.org/W2520563541
3054,0,11,0,1,0.13506127026877215,1.342717467722135e-07,https://openalex.org/W2595038737
3055,0,11,0,1,0.13506127026877215,1.342717467722135e-07,https://openalex.org/W2607055259
3056,0,11,0,1,0.13506127026877215,1.342717467722135e-07,https://openalex.org/W2608038063
3057,0,11,0,1,0.13506127026877215,1.342717467722135e-07,https://openalex.org/W2625357912
3058,0,11,0,1,0.13506127026877215,1.342717467722135e-07,https://openalex.org/W2751230173
3059,0,11,0,1,0.13506127026877215,1.342717467722135e-07,https://openalex.org/W2886025008
3060,0,11,0,1,0.13506127026877215,1.342717467722135e-07,https://openalex.org/W2913371361
3061,0,11,0,1,0.13506127026877215,1.342717467722135e-07,https://openalex.org/W3007043333
3063,0,11,0,2,0.14740994505638252,4.7628350689974624e-05,https://openalex.org/W3022423927
3451,0,11,0,2,0.14740994505638252,4.7628350689974624e-05,https://openalex.org/W3022423927
3064,0,11,0,1,0.13506127026877215,1.342717467722135e-07,https://openalex.org/W4240686008
3065,0,11,0,1,0.13506127026877215,1.342717467722135e-07,https://openalex.org/W824969609
92,0,18,7,91,0.12554153315731684,5.358903924349349e-10,https://openalex.org/W4221050125
3066,0,18,7,1,0.11063092403612466,5.969955431627542e-12,https://openalex.org/W1057886598
3068,0,18,7,1,0.11063092403612466,5.969955431627542e-12,https://openalex.org/W1517229207
3069,0,18,7,1,0.11063092403612466,5.969955431627542e-12,https://openalex.org/W1624568164
3070,0,18,7,1,0.11063092403612466,5.969955431627542e-12,https://openalex.org/W16309552
3071,0,18,7,1,0.11063092403612466,5.969955431627542e-12,https://openalex.org/W1788708638
3072,0,18,7,1,0.11063092403612466,5.969955431627542e-12,https://openalex.org/W1809807064
3073,0,18,7,1,0.11063092403612466,5.969955431627542e-12,https://openalex.org/W1965296421
3074,0,18,7,1,0.11063092403612466,5.969955431627542e-12,https://openalex.org/W1969203828
3075,0,18,7,1,0.11063092403612466,5.969955431627542e-12,https://openalex.org/W1970689833
3076,0,18,7,1,0.11063092403612466,5.969955431627542e-12,https://openalex.org/W1970843826
3077,0,18,7,1,0.11063092403612466,5.969955431627542e-12,https://openalex.org/W1973141483
3078,0,18,7,1,0.11063092403612466,5.969955431627542e-12,https://openalex.org/W1975635725
3079,0,18,7,1,0.11063092403612466,5.969955431627542e-12,https://openalex.org/W1983150389
3080,0,18,7,1,0.11063092403612466,5.969955431627542e-12,https://openalex.org/W1991502979
3081,0,18,7,1,0.11063092403612466,5.969955431627542e-12,https://openalex.org/W1998627566
3082,0,18,7,1,0.11063092403612466,5.969955431627542e-12,https://openalex.org/W1998778493
3083,0,18,7,1,0.11063092403612466,5.969955431627542e-12,https://openalex.org/W1999268558
3084,0,18,7,1,0.11063092403612466,5.969955431627542e-12,https://openalex.org/W2012041761
3085,0,18,7,1,0.11063092403612466,5.969955431627542e-12,https://openalex.org/W2013623290
3086,0,18,7,1,0.11063092403612466,5.969955431627542e-12,https://openalex.org/W2015686877
3087,0,18,7,1,0.11063092403612466,5.969955431627542e-12,https://openalex.org/W2022059719
3088,0,18,7,1,0.11063092403612466,5.969955431627542e-12,https://openalex.org/W2022299663
3089,0,18,7,1,0.11063092403612466,5.969955431627542e-12,https://openalex.org/W2022413678
3090,0,18,7,1,0.11063092403612466,5.969955431627542e-12,https://openalex.org/W2026140573
3091,0,18,7,1,0.11063092403612466,5.969955431627542e-12,https://openalex.org/W2027225330
3092,0,18,7,1,0.11063092403612466,5.969955431627542e-12,https://openalex.org/W2038682635
3093,0,18,7,1,0.11063092403612466,5.969955431627542e-12,https://openalex.org/W2041220996
3094,0,18,7,1,0.11063092403612466,5.969955431627542e-12,https://openalex.org/W2044405167
3095,0,18,7,1,0.11063092403612466,5.969955431627542e-12,https://openalex.org/W2046006297
3096,0,18,7,1,0.11063092403612466,5.969955431627542e-12,https://openalex.org/W2050985325
3097,0,18,7,1,0.11063092403612466,5.969955431627542e-12,https://openalex.org/W2054431730
3098,0,18,7,1,0.11063092403612466,5.969955431627542e-12,https://openalex.org/W2055300972
3099,0,18,7,1,0.11063092403612466,5.969955431627542e-12,https://openalex.org/W2055655470
3100,0,18,7,1,0.11063092403612466,5.969955431627542e-12,https://openalex.org/W2068603644
3101,0,18,7,1,0.11063092403612466,5.969955431627542e-12,https://openalex.org/W2069971618
3102,0,18,7,1,0.11063092403612466,5.969955431627542e-12,https://openalex.org/W2070634900
3103,0,18,7,1,0.11063092403612466,5.969955431627542e-12,https://openalex.org/W2078370746
3104,0,18,7,1,0.11063092403612466,5.969955431627542e-12,https://openalex.org/W2080120616
3105,0,18,7,1,0.11063092403612466,5.969955431627542e-12,https://openalex.org/W2086941332
3106,0,18,7,1,0.11063092403612466,5.969955431627542e-12,https://openalex.org/W2087785133
3108,0,18,7,1,0.11063092403612466,5.969955431627542e-12,https://openalex.org/W2101338329
3109,0,18,7,1,0.11063092403612466,5.969955431627542e-12,https://openalex.org/W2101612816
3110,0,18,7,1,0.11063092403612466,5.969955431627542e-12,https://openalex.org/W2101985111
3111,0,18,7,1,0.11063092403612466,5.969955431627542e-12,https://openalex.org/W2103599714
3112,0,18,7,1,0.11063092403612466,5.969955431627542e-12,https://openalex.org/W2111386624
3113,0,18,7,1,0.11063092403612466,5.969955431627542e-12,https://openalex.org/W2112336557
3114,0,18,7,1,0.11063092403612466,5.969955431627542e-12,https://openalex.org/W2117891525
3115,0,18,7,1,0.11063092403612466,5.969955431627542e-12,https://openalex.org/W2121282904
3116,0,18,7,1,0.11063092403612466,5.969955431627542e-12,https://openalex.org/W2126789885
3117,0,18,7,1,0.11063092403612466,5.969955431627542e-12,https://openalex.org/W2127434429
3118,0,18,7,1,0.11063092403612466,5.969955431627542e-12,https://openalex.org/W2131639346
3119,0,18,7,1,0.11063092403612466,5.969955431627542e-12,https://openalex.org/W2132216351
3120,0,18,7,1,0.11063092403612466,5.969955431627542e-12,https://openalex.org/W2143038096
3121,0,18,7,1,0.11063092403612466,5.969955431627542e-12,https://openalex.org/W2146134048
3122,0,18,7,1,0.11063092403612466,5.969955431627542e-12,https://openalex.org/W2147745468
3123,0,18,7,1,0.11063092403612466,5.969955431627542e-12,https://openalex.org/W2157033945
3124,0,18,7,1,0.11063092403612466,5.969955431627542e-12,https://openalex.org/W2163682975
3125,0,18,7,1,0.11063092403612466,5.969955431627542e-12,https://openalex.org/W2167339704
3126,0,18,7,1,0.11063092403612466,5.969955431627542e-12,https://openalex.org/W2170488209
3127,0,18,7,1,0.11063092403612466,5.969955431627542e-12,https://openalex.org/W2198829320
3128,0,18,7,1,0.11063092403612466,5.969955431627542e-12,https://openalex.org/W2199629696
3129,0,18,7,1,0.11063092403612466,5.969955431627542e-12,https://openalex.org/W2259886736
3130,0,18,7,1,0.11063092403612466,5.969955431627542e-12,https://openalex.org/W2259921148
3131,0,18,7,1,0.11063092403612466,5.969955431627542e-12,https://openalex.org/W2331403782
3132,0,18,7,1,0.11063092403612466,5.969955431627542e-12,https://openalex.org/W2412072801
3133,0,18,7,1,0.11063092403612466,5.969955431627542e-12,https://openalex.org/W2515423874
3134,0,18,7,1,0.11063092403612466,5.969955431627542e-12,https://openalex.org/W2551047011
3135,0,18,7,1,0.11063092403612466,5.969955431627542e-12,https://openalex.org/W2563020631
3136,0,18,7,1,0.11063092403612466,5.969955431627542e-12,https://openalex.org/W2564199120
3137,0,18,7,1,0.11063092403612466,5.969955431627542e-12,https://openalex.org/W2623703952
3138,0,18,7,1,0.11063092403612466,5.969955431627542e-12,https://openalex.org/W2692863388
3139,0,18,7,1,0.11063092403612466,5.969955431627542e-12,https://openalex.org/W2764606914
3140,0,18,7,1,0.11063092403612466,5.969955431627542e-12,https://openalex.org/W2765951996
3141,0,18,7,1,0.11063092403612466,5.969955431627542e-12,https://openalex.org/W2768337983
3142,0,18,7,1,0.11063092403612466,5.969955431627542e-12,https://openalex.org/W2776193527
3143,0,18,7,1,0.11063092403612466,5.969955431627542e-12,https://openalex.org/W2781022301
3144,0,18,7,1,0.11063092403612466,5.969955431627542e-12,https://openalex.org/W2898831599
3145,0,18,7,1,0.11063092403612466,5.969955431627542e-12,https://openalex.org/W2909038262
3146,0,18,7,1,0.11063092403612466,5.969955431627542e-12,https://openalex.org/W2950415685
3147,0,18,7,1,0.11063092403612466,5.969955431627542e-12,https://openalex.org/W2951973168
3148,0,18,7,1,0.11063092403612466,5.969955431627542e-12,https://openalex.org/W2979296636
3149,0,18,7,1,0.11063092403612466,5.969955431627542e-12,https://openalex.org/W3008786884
3150,0,18,7,1,0.11063092403612466,5.969955431627542e-12,https://openalex.org/W3047789540
3151,0,18,7,1,0.11063092403612466,5.969955431627542e-12,https://openalex.org/W4211056260
3152,0,18,7,1,0.11063092403612466,5.969955431627542e-12,https://openalex.org/W4235235940
3153,0,18,7,1,0.11063092403612466,5.969955431627542e-12,https://openalex.org/W4240726377
3154,0,18,7,1,0.11063092403612466,5.969955431627542e-12,https://openalex.org/W4368326944
93,6,19,17,35,0.009594298245614035,1.6352787179223151e-21,https://openalex.org/W4387169428
3155,6,19,17,1,0.0048666730231375546,2.7725719084311853e-22,https://openalex.org/W1986829999
3156,6,19,17,1,0.0048666730231375546,2.7725719084311853e-22,https://openalex.org/W1992848799
3157,6,19,17,1,0.0048666730231375546,2.7725719084311853e-22,https://openalex.org/W2032805593
3158,6,19,17,1,0.0048666730231375546,2.7725719084311853e-22,https://openalex.org/W2047102804
3159,6,19,17,1,0.0048666730231375546,2.7725719084311853e-22,https://openalex.org/W2056775433
3160,6,19,17,1,0.0048666730231375546,2.7725719084311853e-22,https://openalex.org/W2062462937
3161,6,19,17,1,0.0048666730231375546,2.7725719084311853e-22,https://openalex.org/W2093833848
3162,6,19,17,1,0.0048666730231375546,2.7725719084311853e-22,https://openalex.org/W2127575305
3163,6,19,17,1,0.0048666730231375546,2.7725719084311853e-22,https://openalex.org/W2138531478
3164,6,19,17,1,0.0048666730231375546,2.7725719084311853e-22,https://openalex.org/W2156949376
3165,6,19,17,1,0.0048666730231375546,2.7725719084311853e-22,https://openalex.org/W2157346346
3166,6,19,17,1,0.0048666730231375546,2.7725719084311853e-22,https://openalex.org/W2472912389
3167,6,19,17,1,0.0048666730231375546,2.7725719084311853e-22,https://openalex.org/W2479148258
3168,6,19,17,1,0.0048666730231375546,2.7725719084311853e-22,https://openalex.org/W2606394545
3169,6,19,17,1,0.0048666730231375546,2.7725719084311853e-22,https://openalex.org/W2729329806
3170,6,19,17,1,0.0048666730231375546,2.7725719084311853e-22,https://openalex.org/W2750929902
3171,6,19,17,1,0.0048666730231375546,2.7725719084311853e-22,https://openalex.org/W2782338282
3172,6,19,17,1,0.0048666730231375546,2.7725719084311853e-22,https://openalex.org/W2791197325
3173,6,19,17,1,0.0048666730231375546,2.7725719084311853e-22,https://openalex.org/W2804588240
3174,6,19,17,1,0.0048666730231375546,2.7725719084311853e-22,https://openalex.org/W2810245044
3175,6,19,17,1,0.0048666730231375546,2.7725719084311853e-22,https://openalex.org/W2888276673
3176,6,19,17,1,0.0048666730231375546,2.7725719084311853e-22,https://openalex.org/W2909678677
3177,6,19,17,1,0.0048666730231375546,2.7725719084311853e-22,https://openalex.org/W2910399608
3178,6,19,17,1,0.0048666730231375546,2.7725719084311853e-22,https://openalex.org/W2912842935
3179,6,19,17,1,0.0048666730231375546,2.7725719084311853e-22,https://openalex.org/W2927349217
3180,6,19,17,1,0.0048666730231375546,2.7725719084311853e-22,https://openalex.org/W2939256659
3181,6,19,17,1,0.0048666730231375546,2.7725719084311853e-22,https://openalex.org/W2947114009
3182,6,19,17,1,0.0048666730231375546,2.7725719084311853e-22,https://openalex.org/W2962950995
3183,6,19,17,1,0.0048666730231375546,2.7725719084311853e-22,https://openalex.org/W2973166933
3184,6,19,17,1,0.0048666730231375546,2.7725719084311853e-22,https://openalex.org/W2973615165
3185,6,19,17,1,0.0048666730231375546,2.7725719084311853e-22,https://openalex.org/W2995267566
3186,6,19,17,1,0.0048666730231375546,2.7725719084311853e-22,https://openalex.org/W3028662706
3187,6,19,17,1,0.0048666730231375546,2.7725719084311853e-22,https://openalex.org/W3041043908
3188,6,19,17,1,0.0048666730231375546,2.7725719084311853e-22,https://openalex.org/W3046092669
3189,6,19,17,1,0.0048666730231375546,2.7725719084311853e-22,https://openalex.org/W3186935720
94,0,11,0,86,0.1676526399705805,1.586577777312102e-05,https://openalex.org/W4283369041
3191,0,11,0,1,0.14208004001818686,1.7648981485173406e-07,https://openalex.org/W1510070068
3193,0,11,0,1,0.14208004001818686,1.7648981485173406e-07,https://openalex.org/W1837859574
3194,0,11,0,1,0.14208004001818686,1.7648981485173406e-07,https://openalex.org/W1907906534
3203,0,11,0,1,0.14208004001818686,1.7648981485173406e-07,https://openalex.org/W2111888990
3208,0,11,0,1,0.14208004001818686,1.7648981485173406e-07,https://openalex.org/W2136095668
3209,0,11,0,1,0.14208004001818686,1.7648981485173406e-07,https://openalex.org/W2137800079
3210,0,11,0,1,0.14208004001818686,1.7648981485173406e-07,https://openalex.org/W2148031294
3211,0,11,0,1,0.14208004001818686,1.7648981485173406e-07,https://openalex.org/W2160405983
3212,0,11,0,1,0.14208004001818686,1.7648981485173406e-07,https://openalex.org/W2162870386
3216,0,11,0,1,0.14208004001818686,1.7648981485173406e-07,https://openalex.org/W2522261157
3217,0,11,0,1,0.14208004001818686,1.7648981485173406e-07,https://openalex.org/W2546229696
3218,0,11,0,1,0.14208004001818686,1.7648981485173406e-07,https://openalex.org/W2641683363
3219,0,11,0,1,0.14208004001818686,1.7648981485173406e-07,https://openalex.org/W2783674029
3220,0,11,0,1,0.14208004001818686,1.7648981485173406e-07,https://openalex.org/W2787298218
3221,0,11,0,1,0.14208004001818686,1.7648981485173406e-07,https://openalex.org/W2793350103
3222,0,11,0,1,0.14208004001818686,1.7648981485173406e-07,https://openalex.org/W3092224433
3223,0,11,0,1,0.14208004001818686,1.7648981485173406e-07,https://openalex.org/W3107467664
3224,0,11,0,1,0.14208004001818686,1.7648981485173406e-07,https://openalex.org/W3117680158
3225,0,11,0,1,0.14208004001818686,1.7648981485173406e-07,https://openalex.org/W3159249937
3226,0,11,0,1,0.14208004001818686,1.7648981485173406e-07,https://openalex.org/W3174832828
3227,0,11,0,1,0.14208004001818686,1.7648981485173406e-07,https://openalex.org/W3190758029
3228,0,11,0,1,0.14208004001818686,1.7648981485173406e-07,https://openalex.org/W4200542154
3229,0,11,0,1,0.14208004001818686,1.7648981485173406e-07,https://openalex.org/W4280556765
95,0,1,4,24,0.09065109645980549,2.595833261252188e-11,https://openalex.org/W4378086619
3230,0,1,4,1,0.08261131887297048,2.891145693756671e-13,https://openalex.org/W1571330597
3231,0,1,4,1,0.08261131887297048,2.891145693756671e-13,https://openalex.org/W1963991285
3232,0,1,4,1,0.08261131887297048,2.891145693756671e-13,https://openalex.org/W2002222473
3233,0,1,4,1,0.08261131887297048,2.891145693756671e-13,https://openalex.org/W2020802078
3234,0,1,4,1,0.08261131887297048,2.891145693756671e-13,https://openalex.org/W2042038097
3235,0,1,4,1,0.08261131887297048,2.891145693756671e-13,https://openalex.org/W2090155050
3236,0,1,4,1,0.08261131887297048,2.891145693756671e-13,https://openalex.org/W2114483739
3237,0,1,4,1,0.08261131887297048,2.891145693756671e-13,https://openalex.org/W2117164351
3238,0,1,4,1,0.08261131887297048,2.891145693756671e-13,https://openalex.org/W2139726373
3239,0,1,4,1,0.08261131887297048,2.891145693756671e-13,https://openalex.org/W2141905255
3240,0,1,4,1,0.08261131887297048,2.891145693756671e-13,https://openalex.org/W2146988510
3241,0,1,4,1,0.08261131887297048,2.891145693756671e-13,https://openalex.org/W2156511788
3242,0,1,4,1,0.08261131887297048,2.891145693756671e-13,https://openalex.org/W2164868138
3243,0,1,4,1,0.08261131887297048,2.891145693756671e-13,https://openalex.org/W2269251623
3244,0,1,4,1,0.08261131887297048,2.891145693756671e-13,https://openalex.org/W2396441515
3245,0,1,4,1,0.08261131887297048,2.891145693756671e-13,https://openalex.org/W2427259568
3246,0,1,4,1,0.08261131887297048,2.891145693756671e-13,https://openalex.org/W263483357
3248,0,1,4,1,0.08261131887297048,2.891145693756671e-13,https://openalex.org/W3031051743
3249,0,1,4,1,0.08261131887297048,2.891145693756671e-13,https://openalex.org/W4223611556
3250,0,1,4,1,0.08261131887297048,2.891145693756671e-13,https://openalex.org/W4236779056
3251,0,1,4,1,0.08261131887297048,2.891145693756671e-13,https://openalex.org/W4247173862
3252,0,1,4,1,0.08261131887297048,2.891145693756671e-13,https://openalex.org/W70336234
96,0,3,1,90,0.1567371921001344,0.02073472035658007,https://openalex.org/W4200243991
3253,0,3,1,1,0.13416193107833202,0.00023043264359221073,https://openalex.org/W1504525694
3254,0,3,1,1,0.13416193107833202,0.00023043264359221073,https://openalex.org/W1872318212
3255,0,3,1,1,0.13416193107833202,0.00023043264359221073,https://openalex.org/W1978228174
3257,0,3,1,1,0.13416193107833202,0.00023043264359221073,https://openalex.org/W2021365718
3258,0,3,1,1,0.13416193107833202,0.00023043264359221073,https://openalex.org/W2035183892
3260,0,3,1,1,0.13416193107833202,0.00023043264359221073,https://openalex.org/W2047329680
3261,0,3,1,1,0.13416193107833202,0.00023043264359221073,https://openalex.org/W2073478432
3262,0,3,1,1,0.13416193107833202,0.00023043264359221073,https://openalex.org/W2077450236
3266,0,3,1,1,0.13416193107833202,0.00023043264359221073,https://openalex.org/W2121393654
3267,0,3,1,1,0.13416193107833202,0.00023043264359221073,https://openalex.org/W2145555293
3268,0,3,1,1,0.13416193107833202,0.00023043264359221073,https://openalex.org/W2155243985
3270,0,3,1,1,0.13416193107833202,0.00023043264359221073,https://openalex.org/W2500888266
3276,0,3,1,1,0.13416193107833202,0.00023043264359221073,https://openalex.org/W2788534938
3277,0,3,1,1,0.13416193107833202,0.00023043264359221073,https://openalex.org/W2799983917
3278,0,3,1,1,0.13416193107833202,0.00023043264359221073,https://openalex.org/W2810722237
3280,0,3,1,1,0.13416193107833202,0.00023043264359221073,https://openalex.org/W2883177787
3281,0,3,1,1,0.13416193107833202,0.00023043264359221073,https://openalex.org/W2884339238
3282,0,3,1,1,0.13416193107833202,0.00023043264359221073,https://openalex.org/W2894826312
3286,0,3,1,1,0.13416193107833202,0.00023043264359221073,https://openalex.org/W2962585031
3287,0,3,1,1,0.13416193107833202,0.00023043264359221073,https://openalex.org/W2989682329
3289,0,3,1,1,0.13416193107833202,0.00023043264359221073,https://openalex.org/W3080775404
3290,0,3,1,2,0.14406002418093233,0.00027792672253541313,https://openalex.org/W3112455394
3452,0,3,1,2,0.14406002418093233,0.00027792672253541313,https://openalex.org/W3112455394
3291,0,3,1,1,0.13416193107833202,0.00023043264359221073,https://openalex.org/W3128667113
3292,0,3,1,1,0.13416193107833202,0.00023043264359221073,https://openalex.org/W3138115493
3293,0,3,1,1,0.13416193107833202,0.00023043264359221073,https://openalex.org/W3158758591
3294,0,3,1,1,0.13416193107833202,0.00023043264359221073,https://openalex.org/W574252137
97,0,21,0,22,0.1282337445664388,9.349892299986133e-09,https://openalex.org/W4226055404
3296,0,21,0,1,0.11271629172480446,1.0392835339952315e-10,https://openalex.org/W2118889204
3297,0,21,0,1,0.11271629172480446,1.0392835339952315e-10,https://openalex.org/W2756041290
3298,0,21,0,1,0.11271629172480446,1.0392835339952315e-10,https://openalex.org/W2793334788
3299,0,21,0,1,0.11271629172480446,1.0392835339952315e-10,https://openalex.org/W2900536590
3300,0,21,0,1,0.11271629172480446,1.0392835339952315e-10,https://openalex.org/W2904318984
3301,0,21,0,1,0.11271629172480446,1.0392835339952315e-10,https://openalex.org/W3017178742
3302,0,21,0,1,0.11271629172480446,1.0392835339952315e-10,https://openalex.org/W3019512118
3303,0,21,0,1,0.11271629172480446,1.0392835339952315e-10,https://openalex.org/W3022013351
3304,0,21,0,1,0.11271629172480446,1.0392835339952315e-10,https://openalex.org/W3025211948
3305,0,21,0,1,0.11271629172480446,1.0392835339952315e-10,https://openalex.org/W3033615231
3306,0,21,0,1,0.11271629172480446,1.0392835339952315e-10,https://openalex.org/W3041835298
3307,0,21,0,1,0.11271629172480446,1.0392835339952315e-10,https://openalex.org/W3046072662
3308,0,21,0,1,0.11271629172480446,1.0392835339952315e-10,https://openalex.org/W3091484888
3309,0,21,0,2,0.14841278084662252,4.196254501825418e-07,https://openalex.org/W3091929931
3655,0,21,0,2,0.14841278084662252,4.196254501825418e-07,https://openalex.org/W3091929931
3310,0,21,0,1,0.11271629172480446,1.0392835339952315e-10,https://openalex.org/W3095532263
3311,0,21,0,1,0.11271629172480446,1.0392835339952315e-10,https://openalex.org/W3096272784
3312,0,21,0,1,0.11271629172480446,1.0392835339952315e-10,https://openalex.org/W3096386307
3313,0,21,0,1,0.11271629172480446,1.0392835339952315e-10,https://openalex.org/W3112045096
3314,0,21,0,1,0.11271629172480446,1.0392835339952315e-10,https://openalex.org/W3112046458
3315,0,21,0,1,0.11271629172480446,1.0392835339952315e-10,https://openalex.org/W3194066091
3316,0,21,0,1,0.11271629172480446,1.0392835339952315e-10,https://openalex.org/W4205668978
98,0,3,1,96,0.16105442752227037,0.00720313658165506,https://openalex.org/W4365452341
3318,0,3,1,1,0.13731258457980258,8.007967380124865e-05,https://openalex.org/W1976770755
3319,0,3,1,1,0.13731258457980258,8.007967380124865e-05,https://openalex.org/W1980699138
3320,0,3,1,1,0.13731258457980258,8.007967380124865e-05,https://openalex.org/W1985326609
3321,0,3,1,1,0.13731258457980258,8.007967380124865e-05,https://openalex.org/W2033115215
3324,0,3,1,1,0.13731258457980258,8.007967380124865e-05,https://openalex.org/W2068842112
3325,0,3,1,1,0.13731258457980258,8.007967380124865e-05,https://openalex.org/W2072415954
3326,0,3,1,1,0.13731258457980258,8.007967380124865e-05,https://openalex.org/W2078965693
3327,0,3,1,1,0.13731258457980258,8.007967380124865e-05,https://openalex.org/W2093274439
3328,0,3,1,1,0.13731258457980258,8.007967380124865e-05,https://openalex.org/W2110448405
3329,0,3,1,1,0.13731258457980258,8.007967380124865e-05,https://openalex.org/W2112870319
3331,0,3,1,1,0.13731258457980258,8.007967380124865e-05,https://openalex.org/W2148540129
3333,0,3,1,1,0.13731258457980258,8.007967380124865e-05,https://openalex.org/W2169451986
3334,0,3,1,1,0.13731258457980258,8.007967380124865e-05,https://openalex.org/W2205773782
3335,0,3,1,1,0.13731258457980258,8.007967380124865e-05,https://openalex.org/W2233782536
3336,0,3,1,1,0.13731258457980258,8.007967380124865e-05,https://openalex.org/W2276809784
3338,0,3,1,1,0.13731258457980258,8.007967380124865e-05,https://openalex.org/W2321202012
3339,0,3,1,1,0.13731258457980258,8.007967380124865e-05,https://openalex.org/W2339747272
3342,0,3,1,1,0.13731258457980258,8.007967380124865e-05,https://openalex.org/W2534656414
3343,0,3,1,1,0.13731258457980258,8.007967380124865e-05,https://openalex.org/W2573851627
3344,0,3,1,1,0.13731258457980258,8.007967380124865e-05,https://openalex.org/W2606713185
3345,0,3,1,1,0.13731258457980258,8.007967380124865e-05,https://openalex.org/W2626457885
3346,0,3,1,1,0.13731258457980258,8.007967380124865e-05,https://openalex.org/W276182885
3347,0,3,1,1,0.13731258457980258,8.007967380124865e-05,https://openalex.org/W2767764270
3348,0,3,1,1,0.13731258457980258,8.007967380124865e-05,https://openalex.org/W2768157720
3349,0,3,1,1,0.13731258457980258,8.007967380124865e-05,https://openalex.org/W2768589836
3350,0,3,1,1,0.13731258457980258,8.007967380124865e-05,https://openalex.org/W2770838391
3351,0,3,1,1,0.13731258457980258,8.007967380124865e-05,https://openalex.org/W2779713897
3352,0,3,1,1,0.13731258457980258,8.007967380124865e-05,https://openalex.org/W2889390844
3354,0,3,1,1,0.13731258457980258,8.007967380124865e-05,https://openalex.org/W2901838796
3356,0,3,1,1,0.13731258457980258,8.007967380124865e-05,https://openalex.org/W2924983935
3357,0,3,1,1,0.13731258457980258,8.007967380124865e-05,https://openalex.org/W2926479909
3358,0,3,1,1,0.13731258457980258,8.007967380124865e-05,https://openalex.org/W2977269025
3359,0,3,1,1,0.13731258457980258,8.007967380124865e-05,https://openalex.org/W3005987891
3360,0,3,1,1,0.13731258457980258,8.007967380124865e-05,https://openalex.org/W3034773021
3361,0,3,1,1,0.13731258457980258,8.007967380124865e-05,https://openalex.org/W3035440658
3362,0,3,1,1,0.13731258457980258,8.007967380124865e-05,https://openalex.org/W3038513886
3363,0,3,1,1,0.13731258457980258,8.007967380124865e-05,https://openalex.org/W3107962433
3364,0,3,1,1,0.13731258457980258,8.007967380124865e-05,https://openalex.org/W3112458229
3365,0,3,1,1,0.13731258457980258,8.007967380124865e-05,https://openalex.org/W3120952101
3366,0,3,1,1,0.13731258457980258,8.007967380124865e-05,https://openalex.org/W3139397134
3367,0,3,1,1,0.13731258457980258,8.007967380124865e-05,https://openalex.org/W3162993738
3368,0,3,1,1,0.13731258457980258,8.007967380124865e-05,https://openalex.org/W3182744572
3369,0,3,1,1,0.13731258457980258,8.007967380124865e-05,https://openalex.org/W3202384160
3370,0,3,1,1,0.13731258457980258,8.007967380124865e-05,https://openalex.org/W3209913186
3371,0,3,1,1,0.13731258457980258,8.007967380124865e-05,https://openalex.org/W4223582104
3372,0,3,1,1,0.13731258457980258,8.007967380124865e-05,https://openalex.org/W4235600110
3373,0,3,1,1,0.13731258457980258,8.007967380124865e-05,https://openalex.org/W4239194331
3375,0,3,1,1,0.13731258457980258,8.007967380124865e-05,https://openalex.org/W4285259258
99,0,11,0,72,0.16507175342926017,9.194786224950721e-06,https://openalex.org/W4211052767
3376,0,11,0,1,0.14022208479830278,1.0228239552974679e-07,https://openalex.org/W1513053840
3377,0,11,0,1,0.14022208479830278,1.0228239552974679e-07,https://openalex.org/W1548058282
3379,0,11,0,1,0.14022208479830278,1.0228239552974679e-07,https://openalex.org/W1973415313
3380,0,11,0,1,0.14022208479830278,1.0228239552974679e-07,https://openalex.org/W1974304387
3381,0,11,0,1,0.14022208479830278,1.0228239552974679e-07,https://openalex.org/W1976213964
3382,0,11,0,1,0.14022208479830278,1.0228239552974679e-07,https://openalex.org/W1985633821
3383,0,11,0,1,0.14022208479830278,1.0228239552974679e-07,https://openalex.org/W2006569063
3384,0,11,0,1,0.14022208479830278,1.0228239552974679e-07,https://openalex.org/W2020551625
3385,0,11,0,1,0.14022208479830278,1.0228239552974679e-07,https://openalex.org/W2021018230
3386,0,11,0,1,0.14022208479830278,1.0228239552974679e-07,https://openalex.org/W2021530870
3387,0,11,0,1,0.14022208479830278,1.0228239552974679e-07,https://openalex.org/W2029756149
3388,0,11,0,1,0.14022208479830278,1.0228239552974679e-07,https://openalex.org/W2031247145
3389,0,11,0,1,0.14022208479830278,1.0228239552974679e-07,https://openalex.org/W2032593994
3390,0,11,0,1,0.14022208479830278,1.0228239552974679e-07,https://openalex.org/W2033083594
3391,0,11,0,1,0.14022208479830278,1.0228239552974679e-07,https://openalex.org/W2038655904
3392,0,11,0,1,0.14022208479830278,1.0228239552974679e-07,https://openalex.org/W2044594882
3394,0,11,0,1,0.14022208479830278,1.0228239552974679e-07,https://openalex.org/W2045399603
3395,0,11,0,1,0.14022208479830278,1.0228239552974679e-07,https://openalex.org/W2049813862
3396,0,11,0,1,0.14022208479830278,1.0228239552974679e-07,https://openalex.org/W2053425713
3397,0,11,0,1,0.14022208479830278,1.0228239552974679e-07,https://openalex.org/W2054430194
3398,0,11,0,1,0.14022208479830278,1.0228239552974679e-07,https://openalex.org/W2060404644
3399,0,11,0,1,0.14022208479830278,1.0228239552974679e-07,https://openalex.org/W2060467469
3401,0,11,0,1,0.14022208479830278,1.0228239552974679e-07,https://openalex.org/W2065007674
3402,0,11,0,1,0.14022208479830278,1.0228239552974679e-07,https://openalex.org/W2070908688
3403,0,11,0,1,0.14022208479830278,1.0228239552974679e-07,https://openalex.org/W2070964665
3404,0,11,0,1,0.14022208479830278,1.0228239552974679e-07,https://openalex.org/W2076355871
3405,0,11,0,1,0.14022208479830278,1.0228239552974679e-07,https://openalex.org/W2076896921
3406,0,11,0,1,0.14022208479830278,1.0228239552974679e-07,https://openalex.org/W2080301258
3407,0,11,0,1,0.14022208479830278,1.0228239552974679e-07,https://openalex.org/W2095017107
3408,0,11,0,1,0.14022208479830278,1.0228239552974679e-07,https://openalex.org/W2095082311
3410,0,11,0,1,0.14022208479830278,1.0228239552974679e-07,https://openalex.org/W2120161853
3411,0,11,0,1,0.14022208479830278,1.0228239552974679e-07,https://openalex.org/W2130378535
3412,0,11,0,1,0.14022208479830278,1.0228239552974679e-07,https://openalex.org/W2131372615
3414,0,11,0,1,0.14022208479830278,1.0228239552974679e-07,https://openalex.org/W2132539403
3415,0,11,0,1,0.14022208479830278,1.0228239552974679e-07,https://openalex.org/W2136283090
3416,0,11,0,1,0.14022208479830278,1.0228239552974679e-07,https://openalex.org/W2149090449
3417,0,11,0,1,0.14022208479830278,1.0228239552974679e-07,https://openalex.org/W2157815126
3418,0,11,0,1,0.14022208479830278,1.0228239552974679e-07,https://openalex.org/W2161085301
3419,0,11,0,1,0.14022208479830278,1.0228239552974679e-07,https://openalex.org/W2165127714
3420,0,11,0,1,0.14022208479830278,1.0228239552974679e-07,https://openalex.org/W2166777945
3421,0,11,0,1,0.14022208479830278,1.0228239552974679e-07,https://openalex.org/W2468762494
3422,0,11,0,1,0.14022208479830278,1.0228239552974679e-07,https://openalex.org/W2624300317
3423,0,11,0,1,0.14022208479830278,1.0228239552974679e-07,https://openalex.org/W2782672955
3424,0,11,0,1,0.14022208479830278,1.0228239552974679e-07,https://openalex.org/W2884093496
3425,0,11,0,1,0.14022208479830278,1.0228239552974679e-07,https://openalex.org/W3010647430
3426,0,11,0,1,0.14022208479830278,1.0228239552974679e-07,https://openalex.org/W3088637189
3427,0,11,0,1,0.14022208479830278,1.0228239552974679e-07,https://openalex.org/W3124406044
3428,0,11,0,1,0.14022208479830278,1.0228239552974679e-07,https://openalex.org/W4245198606
3430,0,11,0,1,0.14022208479830278,1.0228239552974679e-07,https://openalex.org/W764346744
100,0,3,1,53,0.16140779727344182,0.004272172934853559,https://openalex.org/W4327598178
3431,0,3,1,1,0.13756936639840447,4.7494078943202415e-05,https://openalex.org/W1991196338
3432,0,3,1,1,0.13756936639840447,4.7494078943202415e-05,https://openalex.org/W2019027659
3434,0,3,1,1,0.13756936639840447,4.7494078943202415e-05,https://openalex.org/W2072674802
3435,0,3,1,1,0.13756936639840447,4.7494078943202415e-05,https://openalex.org/W2143709617
3437,0,3,1,1,0.13756936639840447,4.7494078943202415e-05,https://openalex.org/W2161649330
3438,0,3,1,1,0.13756936639840447,4.7494078943202415e-05,https://openalex.org/W2301604999
3440,0,3,1,1,0.13756936639840447,4.7494078943202415e-05,https://openalex.org/W2515383246
3441,0,3,1,1,0.13756936639840447,4.7494078943202415e-05,https://openalex.org/W2548878303
3443,0,3,1,1,0.13756936639840447,4.7494078943202415e-05,https://openalex.org/W2887717200
3444,0,3,1,1,0.13756936639840447,4.7494078943202415e-05,https://openalex.org/W2890892407
3445,0,3,1,1,0.13756936639840447,4.7494078943202415e-05,https://openalex.org/W2902173239
3446,0,3,1,1,0.13756936639840447,4.7494078943202415e-05,https://openalex.org/W2904388137
3447,0,3,1,1,0.13756936639840447,4.7494078943202415e-05,https://openalex.org/W2913488604
3449,0,3,1,1,0.13756936639840447,4.7494078943202415e-05,https://openalex.org/W2955324337
3450,0,3,1,1,0.13756936639840447,4.7494078943202415e-05,https://openalex.org/W2989617484
3453,0,3,1,1,0.13756936639840447,4.7494078943202415e-05,https://openalex.org/W4220886784
3455,0,3,1,1,0.13756936639840447,4.7494078943202415e-05,https://openalex.org/W4254679495
101,0,5,2,55,0.12589628317141258,1.51364010953541e-07,https://openalex.org/W4206643945
3456,0,5,2,1,0.11090631831445594,1.6834222270576352e-09,https://openalex.org/W1529073897
3457,0,5,2,1,0.11090631831445594,1.6834222270576352e-09,https://openalex.org/W1931094051
3458,0,5,2,1,0.11090631831445594,1.6834222270576352e-09,https://openalex.org/W1962301850
3460,0,5,2,1,0.11090631831445594,1.6834222270576352e-09,https://openalex.org/W1972815642
3461,0,5,2,1,0.11090631831445594,1.6834222270576352e-09,https://openalex.org/W1994279947
3462,0,5,2,1,0.11090631831445594,1.6834222270576352e-09,https://openalex.org/W1996585067
3463,0,5,2,1,0.11090631831445594,1.6834222270576352e-09,https://openalex.org/W2005637604
3464,0,5,2,1,0.11090631831445594,1.6834222270576352e-09,https://openalex.org/W2016796239
3465,0,5,2,1,0.11090631831445594,1.6834222270576352e-09,https://openalex.org/W2018460800
3466,0,5,2,1,0.11090631831445594,1.6834222270576352e-09,https://openalex.org/W2019933476
3467,0,5,2,1,0.11090631831445594,1.6834222270576352e-09,https://openalex.org/W2037269084
3468,0,5,2,1,0.11090631831445594,1.6834222270576352e-09,https://openalex.org/W2039426677
3469,0,5,2,1,0.11090631831445594,1.6834222270576352e-09,https://openalex.org/W2041017216
3470,0,5,2,1,0.11090631831445594,1.6834222270576352e-09,https://openalex.org/W2043920660
3472,0,5,2,1,0.11090631831445594,1.6834222270576352e-09,https://openalex.org/W2051274386
3473,0,5,2,1,0.11090631831445594,1.6834222270576352e-09,https://openalex.org/W2052809072
3474,0,5,2,1,0.11090631831445594,1.6834222270576352e-09,https://openalex.org/W2057451933
3475,0,5,2,1,0.11090631831445594,1.6834222270576352e-09,https://openalex.org/W2068971408
3476,0,5,2,1,0.11090631831445594,1.6834222270576352e-09,https://openalex.org/W2108851244
3477,0,5,2,1,0.11090631831445594,1.6834222270576352e-09,https://openalex.org/W2110218280
3478,0,5,2,1,0.11090631831445594,1.6834222270576352e-09,https://openalex.org/W2129695575
3479,0,5,2,1,0.11090631831445594,1.6834222270576352e-09,https://openalex.org/W2131460081
3480,0,5,2,1,0.11090631831445594,1.6834222270576352e-09,https://openalex.org/W2143565172
3481,0,5,2,1,0.11090631831445594,1.6834222270576352e-09,https://openalex.org/W2145601941
3482,0,5,2,1,0.11090631831445594,1.6834222270576352e-09,https://openalex.org/W2176858626
3483,0,5,2,1,0.11090631831445594,1.6834222270576352e-09,https://openalex.org/W2334365377
3484,0,5,2,1,0.11090631831445594,1.6834222270576352e-09,https://openalex.org/W2494042831
3485,0,5,2,1,0.11090631831445594,1.6834222270576352e-09,https://openalex.org/W2619487249
3486,0,5,2,1,0.11090631831445594,1.6834222270576352e-09,https://openalex.org/W2777565875
3487,0,5,2,1,0.11090631831445594,1.6834222270576352e-09,https://openalex.org/W2794638558
3488,0,5,2,1,0.11090631831445594,1.6834222270576352e-09,https://openalex.org/W2915512655
3489,0,5,2,1,0.11090631831445594,1.6834222270576352e-09,https://openalex.org/W2916684541
3490,0,5,2,1,0.11090631831445594,1.6834222270576352e-09,https://openalex.org/W2933278625
3491,0,5,2,1,0.11090631831445594,1.6834222270576352e-09,https://openalex.org/W2950097271
3492,0,5,2,1,0.11090631831445594,1.6834222270576352e-09,https://openalex.org/W2951601789
3493,0,5,2,1,0.11090631831445594,1.6834222270576352e-09,https://openalex.org/W2971123505
3494,0,5,2,1,0.11090631831445594,1.6834222270576352e-09,https://openalex.org/W3001348963
3495,0,5,2,1,0.11090631831445594,1.6834222270576352e-09,https://openalex.org/W3003275820
3496,0,5,2,1,0.11090631831445594,1.6834222270576352e-09,https://openalex.org/W3021390040
3497,0,5,2,1,0.11090631831445594,1.6834222270576352e-09,https://openalex.org/W3096963725
3498,0,5,2,1,0.11090631831445594,1.6834222270576352e-09,https://openalex.org/W3108715068
3499,0,5,2,1,0.11090631831445594,1.6834222270576352e-09,https://openalex.org/W3108749782
3500,0,5,2,1,0.11090631831445594,1.6834222270576352e-09,https://openalex.org/W4230616807
3501,0,5,2,1,0.11090631831445594,1.6834222270576352e-09,https://openalex.org/W4243650441
3502,0,5,2,1,0.11090631831445594,1.6834222270576352e-09,https://openalex.org/W4249334270
3504,0,5,2,1,0.11090631831445594,1.6834222270576352e-09,https://openalex.org/W4253254106
3505,0,5,2,1,0.11090631831445594,1.6834222270576352e-09,https://openalex.org/W632358656
102,7,22,9,68,0.01864035087719298,4.0362145469212555e-19,https://openalex.org/W4391613780
3506,7,22,9,1,0.009389213775178686,4.9909674585581626e-20,https://openalex.org/W144336581
3507,7,22,9,1,0.009389213775178686,4.9909674585581626e-20,https://openalex.org/W1528251861
3508,7,22,9,1,0.009389213775178686,4.9909674585581626e-20,https://openalex.org/W2054926814
3509,7,22,9,1,0.009389213775178686,4.9909674585581626e-20,https://openalex.org/W2131977879
3510,7,22,9,1,0.009389213775178686,4.9909674585581626e-20,https://openalex.org/W2407976382
3511,7,22,9,1,0.009389213775178686,4.9909674585581626e-20,https://openalex.org/W2570812812
3512,7,22,9,1,0.009389213775178686,4.9909674585581626e-20,https://openalex.org/W2581723203
3513,7,22,9,1,0.009389213775178686,4.9909674585581626e-20,https://openalex.org/W2593915160
3514,7,22,9,1,0.009389213775178686,4.9909674585581626e-20,https://openalex.org/W2607155039
3515,7,22,9,1,0.009389213775178686,4.9909674585581626e-20,https://openalex.org/W2618569640
3516,7,22,9,1,0.009389213775178686,4.9909674585581626e-20,https://openalex.org/W2622037114
3517,7,22,9,1,0.009389213775178686,4.9909674585581626e-20,https://openalex.org/W2761032822
3518,7,22,9,1,0.009389213775178686,4.9909674585581626e-20,https://openalex.org/W2761193195
3519,7,22,9,1,0.009389213775178686,4.9909674585581626e-20,https://openalex.org/W2800822823
3520,7,22,9,1,0.009389213775178686,4.9909674585581626e-20,https://openalex.org/W2801680150
3521,7,22,9,1,0.009389213775178686,4.9909674585581626e-20,https://openalex.org/W2893105950
3522,7,22,9,1,0.009389213775178686,4.9909674585581626e-20,https://openalex.org/W2900939487
3523,7,22,9,1,0.009389213775178686,4.9909674585581626e-20,https://openalex.org/W2955273711
3524,7,22,9,1,0.009389213775178686,4.9909674585581626e-20,https://openalex.org/W2959327140
3525,7,22,9,1,0.009389213775178686,4.9909674585581626e-20,https://openalex.org/W2971729640
3526,7,22,9,1,0.009389213775178686,4.9909674585581626e-20,https://openalex.org/W2972056779
3527,7,22,9,1,0.009389213775178686,4.9909674585581626e-20,https://openalex.org/W2979906316
3528,7,22,9,1,0.009389213775178686,4.9909674585581626e-20,https://openalex.org/W2981287764
3529,7,22,9,1,0.009389213775178686,4.9909674585581626e-20,https://openalex.org/W2987399914
3530,7,22,9,1,0.009389213775178686,4.9909674585581626e-20,https://openalex.org/W3000603264
3531,7,22,9,1,0.009389213775178686,4.9909674585581626e-20,https://openalex.org/W3011268228
3532,7,22,9,1,0.009389213775178686,4.9909674585581626e-20,https://openalex.org/W3016058652
3533,7,22,9,1,0.009389213775178686,4.9909674585581626e-20,https://openalex.org/W3038004684
3534,7,22,9,1,0.009389213775178686,4.9909674585581626e-20,https://openalex.org/W3040322941
3535,7,22,9,1,0.009389213775178686,4.9909674585581626e-20,https://openalex.org/W3044724920
3536,7,22,9,1,0.009389213775178686,4.9909674585581626e-20,https://openalex.org/W3044792368
3537,7,22,9,1,0.009389213775178686,4.9909674585581626e-20,https://openalex.org/W3096252686
3538,7,22,9,1,0.009389213775178686,4.9909674585581626e-20,https://openalex.org/W3110021006
3539,7,22,9,1,0.009389213775178686,4.9909674585581626e-20,https://openalex.org/W3110921195
3540,7,22,9,1,0.009389213775178686,4.9909674585581626e-20,https://openalex.org/W3120151967
3541,7,22,9,1,0.009389213775178686,4.9909674585581626e-20,https://openalex.org/W3121443796
3542,7,22,9,1,0.009389213775178686,4.9909674585581626e-20,https://openalex.org/W3154458271
3543,7,22,9,1,0.009389213775178686,4.9909674585581626e-20,https://openalex.org/W3154733448
3544,7,22,9,1,0.009389213775178686,4.9909674585581626e-20,https://openalex.org/W3159419734
3545,7,22,9,1,0.009389213775178686,4.9909674585581626e-20,https://openalex.org/W3160335138
3546,7,22,9,1,0.009389213775178686,4.9909674585581626e-20,https://openalex.org/W3172572707
3547,7,22,9,1,0.009389213775178686,4.9909674585581626e-20,https://openalex.org/W3178738300
3548,7,22,9,1,0.009389213775178686,4.9909674585581626e-20,https://openalex.org/W3180264155
3549,7,22,9,1,0.009389213775178686,4.9909674585581626e-20,https://openalex.org/W3183470358
3550,7,22,9,1,0.009389213775178686,4.9909674585581626e-20,https://openalex.org/W3189259804
3551,7,22,9,1,0.009389213775178686,4.9909674585581626e-20,https://openalex.org/W3197170037
3552,7,22,9,1,0.009389213775178686,4.9909674585581626e-20,https://openalex.org/W3199611285
3553,7,22,9,1,0.009389213775178686,4.9909674585581626e-20,https://openalex.org/W3203438733
3554,7,22,9,1,0.009389213775178686,4.9909674585581626e-20,https://openalex.org/W3206012006
3555,7,22,9,1,0.009389213775178686,4.9909674585581626e-20,https://openalex.org/W4206487457
3556,7,22,9,1,0.009389213775178686,4.9909674585581626e-20,https://openalex.org/W4212985260
3557,7,22,9,1,0.009389213775178686,4.9909674585581626e-20,https://openalex.org/W4225368706
3558,7,22,9,1,0.009389213775178686,4.9909674585581626e-20,https://openalex.org/W4233718138
3559,7,22,9,1,0.009389213775178686,4.9909674585581626e-20,https://openalex.org/W4243526416
3560,7,22,9,1,0.009389213775178686,4.9909674585581626e-20,https://openalex.org/W4244491733
3561,7,22,9,1,0.009389213775178686,4.9909674585581626e-20,https://openalex.org/W4253314500
3562,7,22,9,1,0.009389213775178686,4.9909674585581626e-20,https://openalex.org/W4286214277
3563,7,22,9,1,0.009389213775178686,4.9909674585581626e-20,https://openalex.org/W4289456687
3564,7,22,9,1,0.009389213775178686,4.9909674585581626e-20,https://openalex.org/W4292202284
3565,7,22,9,1,0.009389213775178686,4.9909674585581626e-20,https://openalex.org/W4293030497
3566,7,22,9,1,0.009389213775178686,4.9909674585581626e-20,https://openalex.org/W4296792073
3567,7,22,9,1,0.009389213775178686,4.9909674585581626e-20,https://openalex.org/W4306958142
3568,7,22,9,1,0.009389213775178686,4.9909674585581626e-20,https://openalex.org/W4307635538
3569,7,22,9,1,0.009389213775178686,4.9909674585581626e-20,https://openalex.org/W4312097943
3570,7,22,9,1,0.009389213775178686,4.9909674585581626e-20,https://openalex.org/W4320731137
3571,7,22,9,1,0.009389213775178686,4.9909674585581626e-20,https://openalex.org/W4361274788
3572,7,22,9,1,0.009389213775178686,4.9909674585581626e-20,https://openalex.org/W4362637628
3573,7,22,9,1,0.009389213775178686,4.9909674585581626e-20,https://openalex.org/W4377565371
103,0,11,0,51,0.16932180767395955,0.0022241112839802165,https://openalex.org/W4383710507
3575,0,11,0,1,0.14327701834246365,2.4726759010606065e-05,https://openalex.org/W1597314510
3576,0,11,0,1,0.14327701834246365,2.4726759010606065e-05,https://openalex.org/W1987994933
3578,0,11,0,1,0.14327701834246365,2.4726759010606065e-05,https://openalex.org/W2024993993
3579,0,11,0,1,0.14327701834246365,2.4726759010606065e-05,https://openalex.org/W2029517174
3581,0,11,0,1,0.14327701834246365,2.4726759010606065e-05,https://openalex.org/W2089262464
3582,0,11,0,1,0.14327701834246365,2.4726759010606065e-05,https://openalex.org/W2094710090
3583,0,11,0,1,0.14327701834246365,2.4726759010606065e-05,https://openalex.org/W2095255755
3584,0,11,0,2,0.1565355310255796,2.5146280532435206e-05,https://openalex.org/W2113801465
3620,0,11,0,2,0.1565355310255796,2.5146280532435206e-05,https://openalex.org/W2113801465
3585,0,11,0,1,0.14327701834246365,2.4726759010606065e-05,https://openalex.org/W2117053834
3586,0,11,0,1,0.14327701834246365,2.4726759010606065e-05,https://openalex.org/W2464706539
3588,0,11,0,1,0.14327701834246365,2.4726759010606065e-05,https://openalex.org/W2612259620
3591,0,11,0,2,0.1565355310255796,2.5146280532435206e-05,https://openalex.org/W3010431723
3650,0,11,0,2,0.1565355310255796,2.5146280532435206e-05,https://openalex.org/W3010431723
3593,0,11,0,2,0.1565355310255796,2.5146280532435206e-05,https://openalex.org/W3034823677
3654,0,11,0,2,0.1565355310255796,2.5146280532435206e-05,https://openalex.org/W3034823677
3594,0,11,0,1,0.14327701834246365,2.4726759010606065e-05,https://openalex.org/W3108650400
3595,0,11,0,2,0.1565355310255796,2.5146280532435206e-05,https://openalex.org/W3159206904
3658,0,11,0,2,0.1565355310255796,2.5146280532435206e-05,https://openalex.org/W3159206904
3597,0,11,0,1,0.14327701834246365,2.4726759010606065e-05,https://openalex.org/W4247527350
3598,0,11,0,1,0.14327701834246365,2.4726759010606065e-05,https://openalex.org/W4285493738
3599,0,11,0,1,0.14327701834246365,2.4726759010606065e-05,https://openalex.org/W615644768
104,0,11,0,116,0.17612861976419336,3.7745206167984044e-05,https://openalex.org/W4309495336
3600,0,11,0,1,0.14812090330421954,4.1952152182914223e-07,https://openalex.org/W1485761988
3601,0,11,0,1,0.14812090330421954,4.1952152182914223e-07,https://openalex.org/W1584233812
3604,0,11,0,1,0.14812090330421954,4.1952152182914223e-07,https://openalex.org/W1968859206
3605,0,11,0,1,0.14812090330421954,4.1952152182914223e-07,https://openalex.org/W1974642095
3606,0,11,0,1,0.14812090330421954,4.1952152182914223e-07,https://openalex.org/W1992426791
3609,0,11,0,1,0.14812090330421954,4.1952152182914223e-07,https://openalex.org/W2028047570
3612,0,11,0,1,0.14812090330421954,4.1952152182914223e-07,https://openalex.org/W2064009032
3613,0,11,0,1,0.14812090330421954,4.1952152182914223e-07,https://openalex.org/W2080703676
3614,0,11,0,1,0.14812090330421954,4.1952152182914223e-07,https://openalex.org/W2085057904
3615,0,11,0,1,0.14812090330421954,4.1952152182914223e-07,https://openalex.org/W2086332783
3616,0,11,0,1,0.14812090330421954,4.1952152182914223e-07,https://openalex.org/W2090476187
3621,0,11,0,1,0.14812090330421954,4.1952152182914223e-07,https://openalex.org/W2122433348
3623,0,11,0,1,0.14812090330421954,4.1952152182914223e-07,https://openalex.org/W2132521998
3626,0,11,0,1,0.14812090330421954,4.1952152182914223e-07,https://openalex.org/W2140453756
3627,0,11,0,1,0.14812090330421954,4.1952152182914223e-07,https://openalex.org/W2156195316
3628,0,11,0,1,0.14812090330421954,4.1952152182914223e-07,https://openalex.org/W2161957066
3630,0,11,0,1,0.14812090330421954,4.1952152182914223e-07,https://openalex.org/W2169578473
3633,0,11,0,1,0.14812090330421954,4.1952152182914223e-07,https://openalex.org/W2394693995
3634,0,11,0,1,0.14812090330421954,4.1952152182914223e-07,https://openalex.org/W2416225000
3636,0,11,0,1,0.14812090330421954,4.1952152182914223e-07,https://openalex.org/W2560449667
3638,0,11,0,1,0.14812090330421954,4.1952152182914223e-07,https://openalex.org/W2750789564
3640,0,11,0,1,0.14812090330421954,4.1952152182914223e-07,https://openalex.org/W2790378924
3642,0,11,0,1,0.14812090330421954,4.1952152182914223e-07,https://openalex.org/W2888157924
3644,0,11,0,1,0.14812090330421954,4.1952152182914223e-07,https://openalex.org/W2896897493
3645,0,11,0,1,0.14812090330421954,4.1952152182914223e-07,https://openalex.org/W2902806688
3646,0,11,0,1,0.14812090330421954,4.1952152182914223e-07,https://openalex.org/W2905166257
3647,0,11,0,1,0.14812090330421954,4.1952152182914223e-07,https://openalex.org/W2907546616
3648,0,11,0,1,0.14812090330421954,4.1952152182914223e-07,https://openalex.org/W2981067716
3652,0,11,0,1,0.14812090330421954,4.1952152182914223e-07,https://openalex.org/W3019959760
