source,target,weight,type
1,105,1,directed
1,106,1,directed
1,107,1,directed
1,108,1,directed
1,109,1,directed
1,110,1,directed
1,111,1,directed
1,112,1,directed
1,113,1,directed
1,114,1,directed
1,115,1,directed
1,116,1,directed
1,117,1,directed
1,118,1,directed
1,119,1,directed
1,120,1,directed
1,121,1,directed
1,122,1,directed
1,123,1,directed
1,124,1,directed
1,125,1,directed
1,126,1,directed
1,127,1,directed
1,128,1,directed
1,129,1,directed
1,130,1,directed
1,131,1,directed
1,132,1,directed
1,133,1,directed
1,134,1,directed
1,135,1,directed
1,136,1,directed
1,137,1,directed
1,138,1,directed
1,139,1,directed
1,140,1,directed
1,141,1,directed
1,142,1,directed
1,143,1,directed
1,144,1,directed
1,145,1,directed
1,146,1,directed
1,147,1,directed
1,148,1,directed
1,149,1,directed
1,150,1,directed
1,151,1,directed
1,152,1,directed
1,153,1,directed
1,154,1,directed
1,155,1,directed
1,156,1,directed
1,157,1,directed
1,158,1,directed
1,159,1,directed
1,160,1,directed
1,161,1,directed
1,162,1,directed
1,163,1,directed
1,164,1,directed
1,165,1,directed
1,166,1,directed
1,167,1,directed
1,168,1,directed
1,169,1,directed
1,170,1,directed
1,171,1,directed
1,172,1,directed
1,173,1,directed
1,174,1,directed
1,175,1,directed
1,176,1,directed
1,177,1,directed
1,178,1,directed
1,179,1,directed
1,180,1,directed
1,181,1,directed
1,182,1,directed
1,183,1,directed
1,184,1,directed
1,185,1,directed
1,186,1,directed
1,187,1,directed
1,188,1,directed
1,189,1,directed
1,190,1,directed
1,191,1,directed
1,192,1,directed
1,193,1,directed
1,194,1,directed
1,308,1,directed
1,479,1,directed
1,738,1,directed
1,826,1,directed
1,1316,1,directed
1,1692,1,directed
1,2059,1,directed
1,2537,1,directed
1,195,1,directed
1,196,1,directed
1,197,1,directed
4,198,1,directed
4,199,1,directed
4,200,1,directed
4,201,1,directed
4,202,1,directed
4,203,1,directed
4,204,1,directed
4,205,1,directed
4,206,1,directed
4,207,1,directed
4,208,1,directed
4,2245,1,directed
4,209,1,directed
4,210,1,directed
4,211,1,directed
4,212,1,directed
4,213,1,directed
6,214,1,directed
6,215,1,directed
6,216,1,directed
6,217,1,directed
6,218,1,directed
6,219,1,directed
6,220,1,directed
6,221,1,directed
6,222,1,directed
6,223,1,directed
6,224,1,directed
6,225,1,directed
6,613,1,directed
6,226,1,directed
6,227,1,directed
6,228,1,directed
6,229,1,directed
6,230,1,directed
6,231,1,directed
6,232,1,directed
6,233,1,directed
6,234,1,directed
6,548,1,directed
6,235,1,directed
6,236,1,directed
6,237,1,directed
6,2564,1,directed
6,238,1,directed
6,239,1,directed
6,240,1,directed
6,241,1,directed
6,242,1,directed
6,243,1,directed
6,244,1,directed
6,245,1,directed
6,246,1,directed
6,247,1,directed
6,248,1,directed
6,249,1,directed
6,250,1,directed
6,251,1,directed
6,252,1,directed
6,253,1,directed
6,254,1,directed
6,255,1,directed
6,256,1,directed
6,257,1,directed
6,258,1,directed
6,259,1,directed
6,260,1,directed
6,663,1,directed
6,261,1,directed
6,262,1,directed
6,263,1,directed
9,264,1,directed
9,3067,1,directed
9,265,1,directed
9,1732,1,directed
9,266,1,directed
9,267,1,directed
9,1734,1,directed
9,268,1,directed
9,1735,1,directed
9,269,1,directed
9,270,1,directed
9,1739,1,directed
9,271,1,directed
9,1741,1,directed
9,272,1,directed
9,273,1,directed
9,274,1,directed
9,1744,1,directed
9,275,1,directed
9,1747,1,directed
9,276,1,directed
9,277,1,directed
9,278,1,directed
9,279,1,directed
9,280,1,directed
9,281,1,directed
9,282,1,directed
9,1754,1,directed
9,59,1,directed
9,283,1,directed
9,284,1,directed
9,1759,1,directed
9,285,1,directed
9,286,1,directed
9,654,1,directed
9,800,1,directed
11,287,1,directed
11,486,1,directed
11,805,1,directed
32,287,1,directed
32,486,1,directed
32,805,1,directed
11,288,1,directed
11,806,1,directed
32,288,1,directed
32,806,1,directed
11,289,1,directed
11,807,1,directed
32,289,1,directed
32,807,1,directed
11,290,1,directed
11,808,1,directed
32,290,1,directed
32,808,1,directed
11,291,1,directed
11,809,1,directed
32,291,1,directed
32,809,1,directed
11,292,1,directed
11,810,1,directed
32,292,1,directed
32,810,1,directed
11,293,1,directed
11,811,1,directed
32,293,1,directed
32,811,1,directed
11,294,1,directed
11,812,1,directed
32,294,1,directed
32,812,1,directed
11,295,1,directed
11,813,1,directed
32,295,1,directed
32,813,1,directed
11,296,1,directed
11,814,1,directed
32,296,1,directed
32,814,1,directed
11,297,1,directed
11,815,1,directed
32,297,1,directed
32,815,1,directed
11,298,1,directed
11,816,1,directed
32,298,1,directed
32,816,1,directed
11,299,1,directed
11,817,1,directed
32,299,1,directed
32,817,1,directed
11,300,1,directed
11,818,1,directed
32,300,1,directed
32,818,1,directed
11,301,1,directed
11,819,1,directed
32,301,1,directed
32,819,1,directed
11,302,1,directed
11,820,1,directed
32,302,1,directed
32,820,1,directed
11,303,1,directed
11,821,1,directed
32,303,1,directed
32,821,1,directed
11,304,1,directed
11,822,1,directed
32,304,1,directed
32,822,1,directed
11,305,1,directed
11,823,1,directed
32,305,1,directed
32,823,1,directed
11,306,1,directed
11,824,1,directed
32,306,1,directed
32,824,1,directed
11,307,1,directed
11,825,1,directed
11,877,1,directed
11,3503,1,directed
32,307,1,directed
32,825,1,directed
32,877,1,directed
32,3503,1,directed
11,194,1,directed
11,308,1,directed
11,479,1,directed
11,738,1,directed
11,826,1,directed
11,1316,1,directed
11,1692,1,directed
11,2059,1,directed
11,2537,1,directed
32,194,1,directed
32,308,1,directed
32,479,1,directed
32,738,1,directed
32,826,1,directed
32,1316,1,directed
32,1692,1,directed
32,2059,1,directed
32,2537,1,directed
11,309,1,directed
11,827,1,directed
32,309,1,directed
32,827,1,directed
11,310,1,directed
11,828,1,directed
32,310,1,directed
32,828,1,directed
14,311,1,directed
14,1974,1,directed
14,312,1,directed
14,1975,1,directed
14,313,1,directed
14,1978,1,directed
14,314,1,directed
14,1980,1,directed
14,315,1,directed
14,1161,1,directed
14,1983,1,directed
14,316,1,directed
14,43,1,directed
14,317,1,directed
14,318,1,directed
14,1985,1,directed
14,319,1,directed
14,755,1,directed
14,1986,1,directed
14,320,1,directed
14,321,1,directed
14,1989,1,directed
14,322,1,directed
14,1990,1,directed
14,323,1,directed
14,1993,1,directed
14,324,1,directed
14,1996,1,directed
14,325,1,directed
14,1997,1,directed
14,326,1,directed
14,1172,1,directed
14,327,1,directed
14,1999,1,directed
14,328,1,directed
14,2002,1,directed
14,329,1,directed
14,330,1,directed
14,1343,1,directed
14,2005,1,directed
14,2856,1,directed
14,331,1,directed
14,332,1,directed
14,1344,1,directed
14,2006,1,directed
14,333,1,directed
14,1345,1,directed
14,2007,1,directed
14,334,1,directed
14,1346,1,directed
14,2860,1,directed
14,335,1,directed
14,66,1,directed
14,336,1,directed
14,337,1,directed
14,2008,1,directed
14,338,1,directed
14,339,1,directed
14,2011,1,directed
15,340,1,directed
15,407,1,directed
15,341,1,directed
15,342,1,directed
15,343,1,directed
15,344,1,directed
15,345,1,directed
15,346,1,directed
15,347,1,directed
15,348,1,directed
15,349,1,directed
15,350,1,directed
15,351,1,directed
15,352,1,directed
15,353,1,directed
15,354,1,directed
15,355,1,directed
15,356,1,directed
15,357,1,directed
15,358,1,directed
15,359,1,directed
15,360,1,directed
15,361,1,directed
15,362,1,directed
15,363,1,directed
15,2799,1,directed
15,364,1,directed
15,365,1,directed
15,366,1,directed
15,367,1,directed
15,368,1,directed
15,369,1,directed
15,370,1,directed
15,371,1,directed
15,372,1,directed
15,373,1,directed
15,374,1,directed
15,375,1,directed
15,376,1,directed
15,377,1,directed
15,378,1,directed
15,379,1,directed
15,380,1,directed
15,381,1,directed
15,382,1,directed
15,383,1,directed
15,384,1,directed
15,385,1,directed
15,386,1,directed
15,2810,1,directed
15,387,1,directed
15,388,1,directed
15,389,1,directed
15,390,1,directed
15,391,1,directed
15,392,1,directed
15,393,1,directed
15,3247,1,directed
15,394,1,directed
15,395,1,directed
15,396,1,directed
15,397,1,directed
15,398,1,directed
15,399,1,directed
15,400,1,directed
15,677,1,directed
15,2335,1,directed
15,401,1,directed
15,402,1,directed
15,403,1,directed
15,404,1,directed
15,2821,1,directed
15,405,1,directed
15,406,1,directed
16,340,1,directed
16,407,1,directed
16,408,1,directed
16,409,1,directed
16,410,1,directed
16,411,1,directed
16,412,1,directed
16,1695,1,directed
16,2169,1,directed
16,413,1,directed
16,414,1,directed
16,415,1,directed
16,416,1,directed
16,417,1,directed
16,418,1,directed
16,419,1,directed
16,420,1,directed
16,421,1,directed
16,422,1,directed
16,465,1,directed
16,2802,1,directed
16,423,1,directed
16,2807,1,directed
16,424,1,directed
16,425,1,directed
16,426,1,directed
17,427,1,directed
17,428,1,directed
17,429,1,directed
17,430,1,directed
17,431,1,directed
17,432,1,directed
17,433,1,directed
17,434,1,directed
17,435,1,directed
17,436,1,directed
17,437,1,directed
17,438,1,directed
17,439,1,directed
17,440,1,directed
17,441,1,directed
17,442,1,directed
17,443,1,directed
17,444,1,directed
17,445,1,directed
17,926,1,directed
17,1542,1,directed
17,1812,1,directed
17,446,1,directed
17,447,1,directed
17,448,1,directed
17,449,1,directed
17,450,1,directed
17,451,1,directed
17,452,1,directed
17,453,1,directed
17,454,1,directed
17,455,1,directed
17,456,1,directed
17,457,1,directed
17,458,1,directed
17,459,1,directed
17,936,1,directed
17,1547,1,directed
17,1814,1,directed
17,2081,1,directed
17,460,1,directed
17,461,1,directed
17,462,1,directed
17,463,1,directed
17,464,1,directed
17,422,1,directed
17,465,1,directed
17,2802,1,directed
17,466,1,directed
17,467,1,directed
17,468,1,directed
17,469,1,directed
17,470,1,directed
17,471,1,directed
17,472,1,directed
17,473,1,directed
17,474,1,directed
17,475,1,directed
17,476,1,directed
17,477,1,directed
17,478,1,directed
17,2989,1,directed
17,194,1,directed
17,308,1,directed
17,479,1,directed
17,738,1,directed
17,826,1,directed
17,1316,1,directed
17,1692,1,directed
17,2059,1,directed
17,2537,1,directed
17,480,1,directed
17,1584,1,directed
17,1826,1,directed
17,2104,1,directed
17,481,1,directed
17,482,1,directed
17,483,1,directed
17,484,1,directed
17,485,1,directed
18,287,1,directed
18,486,1,directed
18,805,1,directed
18,487,1,directed
18,488,1,directed
18,489,1,directed
18,490,1,directed
18,491,1,directed
18,492,1,directed
18,493,1,directed
18,494,1,directed
18,495,1,directed
18,496,1,directed
18,497,1,directed
18,498,1,directed
18,499,1,directed
18,500,1,directed
18,501,1,directed
18,1103,1,directed
18,502,1,directed
18,503,1,directed
18,504,1,directed
18,505,1,directed
18,506,1,directed
18,507,1,directed
18,508,1,directed
18,509,1,directed
18,510,1,directed
18,511,1,directed
18,512,1,directed
18,513,1,directed
18,514,1,directed
18,515,1,directed
18,516,1,directed
18,517,1,directed
18,518,1,directed
18,519,1,directed
18,520,1,directed
18,521,1,directed
18,522,1,directed
18,523,1,directed
18,524,1,directed
18,525,1,directed
18,526,1,directed
18,527,1,directed
18,528,1,directed
18,529,1,directed
18,530,1,directed
18,531,1,directed
18,532,1,directed
18,533,1,directed
18,534,1,directed
18,535,1,directed
18,536,1,directed
18,537,1,directed
18,538,1,directed
18,539,1,directed
18,540,1,directed
18,541,1,directed
18,542,1,directed
19,543,1,directed
19,544,1,directed
19,545,1,directed
19,546,1,directed
19,547,1,directed
19,234,1,directed
19,548,1,directed
19,549,1,directed
19,550,1,directed
19,551,1,directed
19,552,1,directed
19,553,1,directed
19,634,1,directed
19,554,1,directed
20,555,1,directed
20,556,1,directed
20,557,1,directed
20,558,1,directed
20,559,1,directed
20,560,1,directed
20,561,1,directed
20,562,1,directed
20,563,1,directed
20,564,1,directed
20,565,1,directed
20,566,1,directed
20,567,1,directed
20,568,1,directed
20,569,1,directed
20,570,1,directed
20,571,1,directed
20,572,1,directed
20,573,1,directed
20,574,1,directed
20,575,1,directed
20,576,1,directed
20,577,1,directed
20,578,1,directed
20,579,1,directed
20,580,1,directed
20,581,1,directed
20,582,1,directed
20,583,1,directed
20,584,1,directed
20,585,1,directed
20,2321,1,directed
20,586,1,directed
20,587,1,directed
20,588,1,directed
20,589,1,directed
20,590,1,directed
22,591,1,directed
22,592,1,directed
22,593,1,directed
22,594,1,directed
22,595,1,directed
22,596,1,directed
22,597,1,directed
22,598,1,directed
22,599,1,directed
22,600,1,directed
22,601,1,directed
22,602,1,directed
22,603,1,directed
22,648,1,directed
22,604,1,directed
23,605,1,directed
23,606,1,directed
23,607,1,directed
23,608,1,directed
23,609,1,directed
23,610,1,directed
23,611,1,directed
23,612,1,directed
23,225,1,directed
23,613,1,directed
23,614,1,directed
23,615,1,directed
23,616,1,directed
23,617,1,directed
23,618,1,directed
23,619,1,directed
23,620,1,directed
23,621,1,directed
23,622,1,directed
23,623,1,directed
23,624,1,directed
23,625,1,directed
23,626,1,directed
23,627,1,directed
23,628,1,directed
23,1924,1,directed
23,629,1,directed
23,630,1,directed
23,631,1,directed
23,632,1,directed
23,633,1,directed
23,553,1,directed
23,634,1,directed
23,635,1,directed
23,636,1,directed
23,637,1,directed
23,2577,1,directed
23,638,1,directed
23,639,1,directed
23,640,1,directed
23,641,1,directed
23,642,1,directed
23,643,1,directed
23,644,1,directed
23,645,1,directed
23,646,1,directed
23,647,1,directed
23,603,1,directed
23,648,1,directed
23,649,1,directed
23,650,1,directed
23,651,1,directed
23,652,1,directed
23,653,1,directed
23,286,1,directed
23,654,1,directed
23,800,1,directed
23,655,1,directed
23,656,1,directed
23,657,1,directed
23,658,1,directed
23,659,1,directed
23,660,1,directed
23,661,1,directed
23,662,1,directed
23,260,1,directed
23,663,1,directed
23,664,1,directed
23,665,1,directed
23,666,1,directed
24,667,1,directed
24,668,1,directed
24,669,1,directed
24,670,1,directed
24,671,1,directed
24,672,1,directed
24,673,1,directed
24,674,1,directed
24,675,1,directed
24,676,1,directed
24,2334,1,directed
24,2818,1,directed
24,400,1,directed
24,677,1,directed
24,2335,1,directed
24,678,1,directed
24,679,1,directed
24,680,1,directed
24,681,1,directed
25,682,1,directed
25,683,1,directed
25,684,1,directed
25,685,1,directed
25,686,1,directed
25,1448,1,directed
25,1832,1,directed
25,2754,1,directed
25,687,1,directed
25,688,1,directed
25,689,1,directed
25,690,1,directed
25,691,1,directed
25,1839,1,directed
25,692,1,directed
25,3264,1,directed
25,693,1,directed
25,694,1,directed
25,1881,1,directed
25,695,1,directed
25,1304,1,directed
25,696,1,directed
25,697,1,directed
25,1714,1,directed
25,2484,1,directed
25,3337,1,directed
25,698,1,directed
25,2096,1,directed
25,2279,1,directed
25,2776,1,directed
25,699,1,directed
25,1560,1,directed
25,3340,1,directed
25,700,1,directed
25,701,1,directed
25,844,1,directed
25,1460,1,directed
25,1482,1,directed
25,1521,1,directed
25,1561,1,directed
25,2189,1,directed
25,2777,1,directed
25,3341,1,directed
25,3439,1,directed
25,702,1,directed
25,703,1,directed
25,704,1,directed
25,705,1,directed
25,944,1,directed
25,706,1,directed
25,1498,1,directed
25,2281,1,directed
25,707,1,directed
25,846,1,directed
25,1462,1,directed
25,1484,1,directed
25,2194,1,directed
25,2487,1,directed
25,3442,1,directed
25,708,1,directed
25,709,1,directed
25,710,1,directed
25,711,1,directed
25,712,1,directed
25,713,1,directed
25,28,1,directed
25,714,1,directed
25,1848,1,directed
25,3273,1,directed
25,715,1,directed
25,1569,1,directed
25,1719,1,directed
25,3275,1,directed
25,716,1,directed
25,717,1,directed
25,718,1,directed
25,3279,1,directed
25,719,1,directed
25,720,1,directed
25,721,1,directed
25,722,1,directed
25,723,1,directed
25,724,1,directed
25,725,1,directed
25,1574,1,directed
25,726,1,directed
25,1528,1,directed
25,1578,1,directed
25,1724,1,directed
25,1823,1,directed
25,2199,1,directed
25,2669,1,directed
25,2786,1,directed
25,3353,1,directed
25,54,1,directed
25,727,1,directed
25,1503,1,directed
25,1529,1,directed
25,1824,1,directed
25,1896,1,directed
25,2200,1,directed
25,2670,1,directed
25,2788,1,directed
25,3283,1,directed
25,728,1,directed
25,62,1,directed
25,729,1,directed
25,730,1,directed
25,2495,1,directed
25,3284,1,directed
25,3355,1,directed
25,3448,1,directed
25,731,1,directed
25,732,1,directed
25,733,1,directed
25,734,1,directed
25,735,1,directed
25,736,1,directed
25,847,1,directed
25,1465,1,directed
25,1485,1,directed
25,1850,1,directed
25,737,1,directed
25,194,1,directed
25,308,1,directed
25,479,1,directed
25,738,1,directed
25,826,1,directed
25,1316,1,directed
25,1692,1,directed
25,2059,1,directed
25,2537,1,directed
25,739,1,directed
25,953,1,directed
25,1320,1,directed
25,1532,1,directed
25,1727,1,directed
25,1853,1,directed
25,2201,1,directed
25,2674,1,directed
25,3295,1,directed
26,740,1,directed
26,741,1,directed
26,742,1,directed
26,743,1,directed
26,744,1,directed
29,745,1,directed
29,746,1,directed
29,747,1,directed
29,748,1,directed
29,749,1,directed
29,750,1,directed
29,751,1,directed
29,752,1,directed
29,753,1,directed
29,754,1,directed
29,319,1,directed
29,755,1,directed
29,1986,1,directed
29,756,1,directed
29,757,1,directed
29,1987,1,directed
29,758,1,directed
29,759,1,directed
29,760,1,directed
29,761,1,directed
29,762,1,directed
29,1991,1,directed
29,763,1,directed
29,1994,1,directed
29,764,1,directed
29,765,1,directed
29,766,1,directed
29,767,1,directed
29,768,1,directed
29,769,1,directed
29,770,1,directed
29,771,1,directed
29,772,1,directed
29,773,1,directed
30,774,1,directed
1938,774,1,directed
30,775,1,directed
1938,775,1,directed
30,776,1,directed
30,2540,1,directed
1938,776,1,directed
1938,2540,1,directed
30,777,1,directed
1938,777,1,directed
30,778,1,directed
1938,778,1,directed
30,779,1,directed
1938,779,1,directed
30,780,1,directed
30,2552,1,directed
1938,780,1,directed
1938,2552,1,directed
30,781,1,directed
30,2557,1,directed
1938,781,1,directed
1938,2557,1,directed
30,782,1,directed
30,1913,1,directed
1938,782,1,directed
1938,1913,1,directed
30,783,1,directed
1938,783,1,directed
30,784,1,directed
1938,784,1,directed
30,785,1,directed
1938,785,1,directed
30,786,1,directed
30,2567,1,directed
1938,786,1,directed
1938,2567,1,directed
30,787,1,directed
1938,787,1,directed
30,788,1,directed
1938,788,1,directed
30,789,1,directed
1938,789,1,directed
30,790,1,directed
30,2576,1,directed
1938,790,1,directed
1938,2576,1,directed
30,791,1,directed
1938,791,1,directed
30,792,1,directed
1938,792,1,directed
30,793,1,directed
1938,793,1,directed
30,794,1,directed
1938,794,1,directed
30,795,1,directed
1938,795,1,directed
30,796,1,directed
30,1931,1,directed
30,2580,1,directed
1938,796,1,directed
1938,1931,1,directed
1938,2580,1,directed
30,797,1,directed
30,1932,1,directed
1938,797,1,directed
1938,1932,1,directed
30,798,1,directed
30,2582,1,directed
1938,798,1,directed
1938,2582,1,directed
30,799,1,directed
1938,799,1,directed
30,286,1,directed
30,654,1,directed
30,800,1,directed
1938,286,1,directed
1938,654,1,directed
1938,800,1,directed
30,801,1,directed
1938,801,1,directed
30,802,1,directed
1938,802,1,directed
30,803,1,directed
1938,803,1,directed
30,804,1,directed
1938,804,1,directed
33,829,1,directed
33,1467,1,directed
33,3317,1,directed
51,829,1,directed
51,1467,1,directed
51,3317,1,directed
2492,829,1,directed
2492,1467,1,directed
2492,3317,1,directed
3274,829,1,directed
3274,1467,1,directed
3274,3317,1,directed
33,830,1,directed
33,1468,1,directed
51,830,1,directed
51,1468,1,directed
2492,830,1,directed
2492,1468,1,directed
3274,830,1,directed
3274,1468,1,directed
33,831,1,directed
33,1469,1,directed
51,831,1,directed
51,1469,1,directed
2492,831,1,directed
2492,1469,1,directed
3274,831,1,directed
3274,1469,1,directed
33,36,1,directed
33,832,1,directed
33,1446,1,directed
33,1470,1,directed
33,1489,1,directed
33,1509,1,directed
33,1536,1,directed
33,1697,1,directed
33,1808,1,directed
33,1858,1,directed
33,2069,1,directed
33,2170,1,directed
33,2258,1,directed
33,2644,1,directed
33,2751,1,directed
51,36,1,directed
51,832,1,directed
51,1446,1,directed
51,1470,1,directed
51,1489,1,directed
51,1509,1,directed
51,1536,1,directed
51,1697,1,directed
51,1808,1,directed
51,1858,1,directed
51,2069,1,directed
51,2170,1,directed
51,2258,1,directed
51,2644,1,directed
51,2751,1,directed
2492,36,1,directed
2492,832,1,directed
2492,1446,1,directed
2492,1470,1,directed
2492,1489,1,directed
2492,1509,1,directed
2492,1536,1,directed
2492,1697,1,directed
2492,1808,1,directed
2492,1858,1,directed
2492,2069,1,directed
2492,2170,1,directed
2492,2258,1,directed
2492,2644,1,directed
2492,2751,1,directed
3274,36,1,directed
3274,832,1,directed
3274,1446,1,directed
3274,1470,1,directed
3274,1489,1,directed
3274,1509,1,directed
3274,1536,1,directed
3274,1697,1,directed
3274,1808,1,directed
3274,1858,1,directed
3274,2069,1,directed
3274,2170,1,directed
3274,2258,1,directed
3274,2644,1,directed
3274,2751,1,directed
33,833,1,directed
33,1471,1,directed
51,833,1,directed
51,1471,1,directed
2492,833,1,directed
2492,1471,1,directed
3274,833,1,directed
3274,1471,1,directed
33,834,1,directed
33,1472,1,directed
51,834,1,directed
51,1472,1,directed
2492,834,1,directed
2492,1472,1,directed
3274,834,1,directed
3274,1472,1,directed
33,835,1,directed
33,1473,1,directed
33,2464,1,directed
33,3322,1,directed
51,835,1,directed
51,1473,1,directed
51,2464,1,directed
51,3322,1,directed
2492,835,1,directed
2492,1473,1,directed
2492,2464,1,directed
2492,3322,1,directed
3274,835,1,directed
3274,1473,1,directed
3274,2464,1,directed
3274,3322,1,directed
33,836,1,directed
33,1474,1,directed
51,836,1,directed
51,1474,1,directed
2492,836,1,directed
2492,1474,1,directed
3274,836,1,directed
3274,1474,1,directed
33,837,1,directed
33,932,1,directed
33,1475,1,directed
33,1706,1,directed
33,2175,1,directed
33,3580,1,directed
51,837,1,directed
51,932,1,directed
51,1475,1,directed
51,1706,1,directed
51,2175,1,directed
51,3580,1,directed
2492,837,1,directed
2492,932,1,directed
2492,1475,1,directed
2492,1706,1,directed
2492,2175,1,directed
2492,3580,1,directed
3274,837,1,directed
3274,932,1,directed
3274,1475,1,directed
3274,1706,1,directed
3274,2175,1,directed
3274,3580,1,directed
33,838,1,directed
33,1476,1,directed
51,838,1,directed
51,1476,1,directed
2492,838,1,directed
2492,1476,1,directed
3274,838,1,directed
3274,1476,1,directed
33,839,1,directed
33,1477,1,directed
51,839,1,directed
51,1477,1,directed
2492,839,1,directed
2492,1477,1,directed
3274,839,1,directed
3274,1477,1,directed
33,840,1,directed
33,1478,1,directed
51,840,1,directed
51,1478,1,directed
2492,840,1,directed
2492,1478,1,directed
3274,840,1,directed
3274,1478,1,directed
33,841,1,directed
33,1479,1,directed
51,841,1,directed
51,1479,1,directed
2492,841,1,directed
2492,1479,1,directed
3274,841,1,directed
3274,1479,1,directed
33,842,1,directed
33,1480,1,directed
51,842,1,directed
51,1480,1,directed
2492,842,1,directed
2492,1480,1,directed
3274,842,1,directed
3274,1480,1,directed
33,843,1,directed
33,1481,1,directed
51,843,1,directed
51,1481,1,directed
2492,843,1,directed
2492,1481,1,directed
3274,843,1,directed
3274,1481,1,directed
33,701,1,directed
33,844,1,directed
33,1460,1,directed
33,1482,1,directed
33,1521,1,directed
33,1561,1,directed
33,2189,1,directed
33,2777,1,directed
33,3341,1,directed
33,3439,1,directed
51,701,1,directed
51,844,1,directed
51,1460,1,directed
51,1482,1,directed
51,1521,1,directed
51,1561,1,directed
51,2189,1,directed
51,2777,1,directed
51,3341,1,directed
51,3439,1,directed
2492,701,1,directed
2492,844,1,directed
2492,1460,1,directed
2492,1482,1,directed
2492,1521,1,directed
2492,1561,1,directed
2492,2189,1,directed
2492,2777,1,directed
2492,3341,1,directed
2492,3439,1,directed
3274,701,1,directed
3274,844,1,directed
3274,1460,1,directed
3274,1482,1,directed
3274,1521,1,directed
3274,1561,1,directed
3274,2189,1,directed
3274,2777,1,directed
3274,3341,1,directed
3274,3439,1,directed
33,845,1,directed
33,1483,1,directed
33,1497,1,directed
33,2191,1,directed
33,3271,1,directed
51,845,1,directed
51,1483,1,directed
51,1497,1,directed
51,2191,1,directed
51,3271,1,directed
2492,845,1,directed
2492,1483,1,directed
2492,1497,1,directed
2492,2191,1,directed
2492,3271,1,directed
3274,845,1,directed
3274,1483,1,directed
3274,1497,1,directed
3274,2191,1,directed
3274,3271,1,directed
33,707,1,directed
33,846,1,directed
33,1462,1,directed
33,1484,1,directed
33,2194,1,directed
33,2487,1,directed
33,3442,1,directed
51,707,1,directed
51,846,1,directed
51,1462,1,directed
51,1484,1,directed
51,2194,1,directed
51,2487,1,directed
51,3442,1,directed
2492,707,1,directed
2492,846,1,directed
2492,1462,1,directed
2492,1484,1,directed
2492,2194,1,directed
2492,2487,1,directed
2492,3442,1,directed
3274,707,1,directed
3274,846,1,directed
3274,1462,1,directed
3274,1484,1,directed
3274,2194,1,directed
3274,2487,1,directed
3274,3442,1,directed
33,736,1,directed
33,847,1,directed
33,1465,1,directed
33,1485,1,directed
33,1850,1,directed
51,736,1,directed
51,847,1,directed
51,1465,1,directed
51,1485,1,directed
51,1850,1,directed
2492,736,1,directed
2492,847,1,directed
2492,1465,1,directed
2492,1485,1,directed
2492,1850,1,directed
3274,736,1,directed
3274,847,1,directed
3274,1465,1,directed
3274,1485,1,directed
3274,1850,1,directed
33,848,1,directed
33,1486,1,directed
33,2498,1,directed
51,848,1,directed
51,1486,1,directed
51,2498,1,directed
2492,848,1,directed
2492,1486,1,directed
2492,2498,1,directed
3274,848,1,directed
3274,1486,1,directed
3274,2498,1,directed
34,849,1,directed
34,850,1,directed
34,851,1,directed
34,852,1,directed
34,853,1,directed
34,854,1,directed
34,855,1,directed
34,856,1,directed
34,857,1,directed
34,858,1,directed
34,859,1,directed
34,860,1,directed
34,861,1,directed
34,862,1,directed
34,863,1,directed
34,864,1,directed
34,865,1,directed
34,866,1,directed
34,867,1,directed
34,868,1,directed
34,869,1,directed
34,870,1,directed
34,871,1,directed
34,872,1,directed
34,873,1,directed
34,874,1,directed
34,875,1,directed
34,876,1,directed
34,307,1,directed
34,825,1,directed
34,877,1,directed
34,3503,1,directed
35,878,1,directed
35,879,1,directed
35,880,1,directed
35,881,1,directed
35,882,1,directed
35,883,1,directed
35,884,1,directed
35,885,1,directed
35,886,1,directed
35,887,1,directed
35,888,1,directed
35,889,1,directed
35,890,1,directed
35,891,1,directed
35,892,1,directed
35,893,1,directed
35,894,1,directed
35,895,1,directed
35,896,1,directed
35,897,1,directed
35,898,1,directed
35,899,1,directed
35,900,1,directed
35,901,1,directed
35,902,1,directed
35,903,1,directed
35,904,1,directed
35,905,1,directed
35,906,1,directed
35,907,1,directed
35,908,1,directed
35,909,1,directed
35,910,1,directed
35,911,1,directed
35,912,1,directed
35,913,1,directed
35,914,1,directed
35,915,1,directed
35,916,1,directed
35,917,1,directed
35,918,1,directed
36,919,1,directed
36,1487,1,directed
36,1506,1,directed
36,1533,1,directed
36,1694,1,directed
36,1805,1,directed
36,1854,1,directed
36,2064,1,directed
36,2168,1,directed
36,2253,1,directed
36,2642,1,directed
36,2747,1,directed
832,919,1,directed
832,1487,1,directed
832,1506,1,directed
832,1533,1,directed
832,1694,1,directed
832,1805,1,directed
832,1854,1,directed
832,2064,1,directed
832,2168,1,directed
832,2253,1,directed
832,2642,1,directed
832,2747,1,directed
1446,919,1,directed
1446,1487,1,directed
1446,1506,1,directed
1446,1533,1,directed
1446,1694,1,directed
1446,1805,1,directed
1446,1854,1,directed
1446,2064,1,directed
1446,2168,1,directed
1446,2253,1,directed
1446,2642,1,directed
1446,2747,1,directed
1470,919,1,directed
1470,1487,1,directed
1470,1506,1,directed
1470,1533,1,directed
1470,1694,1,directed
1470,1805,1,directed
1470,1854,1,directed
1470,2064,1,directed
1470,2168,1,directed
1470,2253,1,directed
1470,2642,1,directed
1470,2747,1,directed
1489,919,1,directed
1489,1487,1,directed
1489,1506,1,directed
1489,1533,1,directed
1489,1694,1,directed
1489,1805,1,directed
1489,1854,1,directed
1489,2064,1,directed
1489,2168,1,directed
1489,2253,1,directed
1489,2642,1,directed
1489,2747,1,directed
1509,919,1,directed
1509,1487,1,directed
1509,1506,1,directed
1509,1533,1,directed
1509,1694,1,directed
1509,1805,1,directed
1509,1854,1,directed
1509,2064,1,directed
1509,2168,1,directed
1509,2253,1,directed
1509,2642,1,directed
1509,2747,1,directed
1536,919,1,directed
1536,1487,1,directed
1536,1506,1,directed
1536,1533,1,directed
1536,1694,1,directed
1536,1805,1,directed
1536,1854,1,directed
1536,2064,1,directed
1536,2168,1,directed
1536,2253,1,directed
1536,2642,1,directed
1536,2747,1,directed
1697,919,1,directed
1697,1487,1,directed
1697,1506,1,directed
1697,1533,1,directed
1697,1694,1,directed
1697,1805,1,directed
1697,1854,1,directed
1697,2064,1,directed
1697,2168,1,directed
1697,2253,1,directed
1697,2642,1,directed
1697,2747,1,directed
1808,919,1,directed
1808,1487,1,directed
1808,1506,1,directed
1808,1533,1,directed
1808,1694,1,directed
1808,1805,1,directed
1808,1854,1,directed
1808,2064,1,directed
1808,2168,1,directed
1808,2253,1,directed
1808,2642,1,directed
1808,2747,1,directed
1858,919,1,directed
1858,1487,1,directed
1858,1506,1,directed
1858,1533,1,directed
1858,1694,1,directed
1858,1805,1,directed
1858,1854,1,directed
1858,2064,1,directed
1858,2168,1,directed
1858,2253,1,directed
1858,2642,1,directed
1858,2747,1,directed
2069,919,1,directed
2069,1487,1,directed
2069,1506,1,directed
2069,1533,1,directed
2069,1694,1,directed
2069,1805,1,directed
2069,1854,1,directed
2069,2064,1,directed
2069,2168,1,directed
2069,2253,1,directed
2069,2642,1,directed
2069,2747,1,directed
2170,919,1,directed
2170,1487,1,directed
2170,1506,1,directed
2170,1533,1,directed
2170,1694,1,directed
2170,1805,1,directed
2170,1854,1,directed
2170,2064,1,directed
2170,2168,1,directed
2170,2253,1,directed
2170,2642,1,directed
2170,2747,1,directed
2258,919,1,directed
2258,1487,1,directed
2258,1506,1,directed
2258,1533,1,directed
2258,1694,1,directed
2258,1805,1,directed
2258,1854,1,directed
2258,2064,1,directed
2258,2168,1,directed
2258,2253,1,directed
2258,2642,1,directed
2258,2747,1,directed
2644,919,1,directed
2644,1487,1,directed
2644,1506,1,directed
2644,1533,1,directed
2644,1694,1,directed
2644,1805,1,directed
2644,1854,1,directed
2644,2064,1,directed
2644,2168,1,directed
2644,2253,1,directed
2644,2642,1,directed
2644,2747,1,directed
2751,919,1,directed
2751,1487,1,directed
2751,1506,1,directed
2751,1533,1,directed
2751,1694,1,directed
2751,1805,1,directed
2751,1854,1,directed
2751,2064,1,directed
2751,2168,1,directed
2751,2253,1,directed
2751,2642,1,directed
2751,2747,1,directed
36,920,1,directed
36,1534,1,directed
36,2254,1,directed
36,2501,1,directed
832,920,1,directed
832,1534,1,directed
832,2254,1,directed
832,2501,1,directed
1446,920,1,directed
1446,1534,1,directed
1446,2254,1,directed
1446,2501,1,directed
1470,920,1,directed
1470,1534,1,directed
1470,2254,1,directed
1470,2501,1,directed
1489,920,1,directed
1489,1534,1,directed
1489,2254,1,directed
1489,2501,1,directed
1509,920,1,directed
1509,1534,1,directed
1509,2254,1,directed
1509,2501,1,directed
1536,920,1,directed
1536,1534,1,directed
1536,2254,1,directed
1536,2501,1,directed
1697,920,1,directed
1697,1534,1,directed
1697,2254,1,directed
1697,2501,1,directed
1808,920,1,directed
1808,1534,1,directed
1808,2254,1,directed
1808,2501,1,directed
1858,920,1,directed
1858,1534,1,directed
1858,2254,1,directed
1858,2501,1,directed
2069,920,1,directed
2069,1534,1,directed
2069,2254,1,directed
2069,2501,1,directed
2170,920,1,directed
2170,1534,1,directed
2170,2254,1,directed
2170,2501,1,directed
2258,920,1,directed
2258,1534,1,directed
2258,2254,1,directed
2258,2501,1,directed
2644,920,1,directed
2644,1534,1,directed
2644,2254,1,directed
2644,2501,1,directed
2751,920,1,directed
2751,1534,1,directed
2751,2254,1,directed
2751,2501,1,directed
36,921,1,directed
36,1324,1,directed
36,2204,1,directed
832,921,1,directed
832,1324,1,directed
832,2204,1,directed
1446,921,1,directed
1446,1324,1,directed
1446,2204,1,directed
1470,921,1,directed
1470,1324,1,directed
1470,2204,1,directed
1489,921,1,directed
1489,1324,1,directed
1489,2204,1,directed
1509,921,1,directed
1509,1324,1,directed
1509,2204,1,directed
1536,921,1,directed
1536,1324,1,directed
1536,2204,1,directed
1697,921,1,directed
1697,1324,1,directed
1697,2204,1,directed
1808,921,1,directed
1808,1324,1,directed
1808,2204,1,directed
1858,921,1,directed
1858,1324,1,directed
1858,2204,1,directed
2069,921,1,directed
2069,1324,1,directed
2069,2204,1,directed
2170,921,1,directed
2170,1324,1,directed
2170,2204,1,directed
2258,921,1,directed
2258,1324,1,directed
2258,2204,1,directed
2644,921,1,directed
2644,1324,1,directed
2644,2204,1,directed
2751,921,1,directed
2751,1324,1,directed
2751,2204,1,directed
36,922,1,directed
36,2256,1,directed
36,2643,1,directed
832,922,1,directed
832,2256,1,directed
832,2643,1,directed
1446,922,1,directed
1446,2256,1,directed
1446,2643,1,directed
1470,922,1,directed
1470,2256,1,directed
1470,2643,1,directed
1489,922,1,directed
1489,2256,1,directed
1489,2643,1,directed
1509,922,1,directed
1509,2256,1,directed
1509,2643,1,directed
1536,922,1,directed
1536,2256,1,directed
1536,2643,1,directed
1697,922,1,directed
1697,2256,1,directed
1697,2643,1,directed
1808,922,1,directed
1808,2256,1,directed
1808,2643,1,directed
1858,922,1,directed
1858,2256,1,directed
1858,2643,1,directed
2069,922,1,directed
2069,2256,1,directed
2069,2643,1,directed
2170,922,1,directed
2170,2256,1,directed
2170,2643,1,directed
2258,922,1,directed
2258,2256,1,directed
2258,2643,1,directed
2644,922,1,directed
2644,2256,1,directed
2644,2643,1,directed
2751,922,1,directed
2751,2256,1,directed
2751,2643,1,directed
36,923,1,directed
832,923,1,directed
1446,923,1,directed
1470,923,1,directed
1489,923,1,directed
1509,923,1,directed
1536,923,1,directed
1697,923,1,directed
1808,923,1,directed
1858,923,1,directed
2069,923,1,directed
2170,923,1,directed
2258,923,1,directed
2644,923,1,directed
2751,923,1,directed
36,924,1,directed
36,1490,1,directed
36,1511,1,directed
36,1539,1,directed
36,1702,1,directed
36,1810,1,directed
36,1865,1,directed
36,2075,1,directed
36,2171,1,directed
36,2262,1,directed
36,2648,1,directed
36,2755,1,directed
832,924,1,directed
832,1490,1,directed
832,1511,1,directed
832,1539,1,directed
832,1702,1,directed
832,1810,1,directed
832,1865,1,directed
832,2075,1,directed
832,2171,1,directed
832,2262,1,directed
832,2648,1,directed
832,2755,1,directed
1446,924,1,directed
1446,1490,1,directed
1446,1511,1,directed
1446,1539,1,directed
1446,1702,1,directed
1446,1810,1,directed
1446,1865,1,directed
1446,2075,1,directed
1446,2171,1,directed
1446,2262,1,directed
1446,2648,1,directed
1446,2755,1,directed
1470,924,1,directed
1470,1490,1,directed
1470,1511,1,directed
1470,1539,1,directed
1470,1702,1,directed
1470,1810,1,directed
1470,1865,1,directed
1470,2075,1,directed
1470,2171,1,directed
1470,2262,1,directed
1470,2648,1,directed
1470,2755,1,directed
1489,924,1,directed
1489,1490,1,directed
1489,1511,1,directed
1489,1539,1,directed
1489,1702,1,directed
1489,1810,1,directed
1489,1865,1,directed
1489,2075,1,directed
1489,2171,1,directed
1489,2262,1,directed
1489,2648,1,directed
1489,2755,1,directed
1509,924,1,directed
1509,1490,1,directed
1509,1511,1,directed
1509,1539,1,directed
1509,1702,1,directed
1509,1810,1,directed
1509,1865,1,directed
1509,2075,1,directed
1509,2171,1,directed
1509,2262,1,directed
1509,2648,1,directed
1509,2755,1,directed
1536,924,1,directed
1536,1490,1,directed
1536,1511,1,directed
1536,1539,1,directed
1536,1702,1,directed
1536,1810,1,directed
1536,1865,1,directed
1536,2075,1,directed
1536,2171,1,directed
1536,2262,1,directed
1536,2648,1,directed
1536,2755,1,directed
1697,924,1,directed
1697,1490,1,directed
1697,1511,1,directed
1697,1539,1,directed
1697,1702,1,directed
1697,1810,1,directed
1697,1865,1,directed
1697,2075,1,directed
1697,2171,1,directed
1697,2262,1,directed
1697,2648,1,directed
1697,2755,1,directed
1808,924,1,directed
1808,1490,1,directed
1808,1511,1,directed
1808,1539,1,directed
1808,1702,1,directed
1808,1810,1,directed
1808,1865,1,directed
1808,2075,1,directed
1808,2171,1,directed
1808,2262,1,directed
1808,2648,1,directed
1808,2755,1,directed
1858,924,1,directed
1858,1490,1,directed
1858,1511,1,directed
1858,1539,1,directed
1858,1702,1,directed
1858,1810,1,directed
1858,1865,1,directed
1858,2075,1,directed
1858,2171,1,directed
1858,2262,1,directed
1858,2648,1,directed
1858,2755,1,directed
2069,924,1,directed
2069,1490,1,directed
2069,1511,1,directed
2069,1539,1,directed
2069,1702,1,directed
2069,1810,1,directed
2069,1865,1,directed
2069,2075,1,directed
2069,2171,1,directed
2069,2262,1,directed
2069,2648,1,directed
2069,2755,1,directed
2170,924,1,directed
2170,1490,1,directed
2170,1511,1,directed
2170,1539,1,directed
2170,1702,1,directed
2170,1810,1,directed
2170,1865,1,directed
2170,2075,1,directed
2170,2171,1,directed
2170,2262,1,directed
2170,2648,1,directed
2170,2755,1,directed
2258,924,1,directed
2258,1490,1,directed
2258,1511,1,directed
2258,1539,1,directed
2258,1702,1,directed
2258,1810,1,directed
2258,1865,1,directed
2258,2075,1,directed
2258,2171,1,directed
2258,2262,1,directed
2258,2648,1,directed
2258,2755,1,directed
2644,924,1,directed
2644,1490,1,directed
2644,1511,1,directed
2644,1539,1,directed
2644,1702,1,directed
2644,1810,1,directed
2644,1865,1,directed
2644,2075,1,directed
2644,2171,1,directed
2644,2262,1,directed
2644,2648,1,directed
2644,2755,1,directed
2751,924,1,directed
2751,1490,1,directed
2751,1511,1,directed
2751,1539,1,directed
2751,1702,1,directed
2751,1810,1,directed
2751,1865,1,directed
2751,2075,1,directed
2751,2171,1,directed
2751,2262,1,directed
2751,2648,1,directed
2751,2755,1,directed
36,925,1,directed
832,925,1,directed
1446,925,1,directed
1470,925,1,directed
1489,925,1,directed
1509,925,1,directed
1536,925,1,directed
1697,925,1,directed
1808,925,1,directed
1858,925,1,directed
2069,925,1,directed
2170,925,1,directed
2258,925,1,directed
2644,925,1,directed
2751,925,1,directed
36,445,1,directed
36,926,1,directed
36,1542,1,directed
36,1812,1,directed
832,445,1,directed
832,926,1,directed
832,1542,1,directed
832,1812,1,directed
1446,445,1,directed
1446,926,1,directed
1446,1542,1,directed
1446,1812,1,directed
1470,445,1,directed
1470,926,1,directed
1470,1542,1,directed
1470,1812,1,directed
1489,445,1,directed
1489,926,1,directed
1489,1542,1,directed
1489,1812,1,directed
1509,445,1,directed
1509,926,1,directed
1509,1542,1,directed
1509,1812,1,directed
1536,445,1,directed
1536,926,1,directed
1536,1542,1,directed
1536,1812,1,directed
1697,445,1,directed
1697,926,1,directed
1697,1542,1,directed
1697,1812,1,directed
1808,445,1,directed
1808,926,1,directed
1808,1542,1,directed
1808,1812,1,directed
1858,445,1,directed
1858,926,1,directed
1858,1542,1,directed
1858,1812,1,directed
2069,445,1,directed
2069,926,1,directed
2069,1542,1,directed
2069,1812,1,directed
2170,445,1,directed
2170,926,1,directed
2170,1542,1,directed
2170,1812,1,directed
2258,445,1,directed
2258,926,1,directed
2258,1542,1,directed
2258,1812,1,directed
2644,445,1,directed
2644,926,1,directed
2644,1542,1,directed
2644,1812,1,directed
2751,445,1,directed
2751,926,1,directed
2751,1542,1,directed
2751,1812,1,directed
36,927,1,directed
36,1868,1,directed
832,927,1,directed
832,1868,1,directed
1446,927,1,directed
1446,1868,1,directed
1470,927,1,directed
1470,1868,1,directed
1489,927,1,directed
1489,1868,1,directed
1509,927,1,directed
1509,1868,1,directed
1536,927,1,directed
1536,1868,1,directed
1697,927,1,directed
1697,1868,1,directed
1808,927,1,directed
1808,1868,1,directed
1858,927,1,directed
1858,1868,1,directed
2069,927,1,directed
2069,1868,1,directed
2170,927,1,directed
2170,1868,1,directed
2258,927,1,directed
2258,1868,1,directed
2644,927,1,directed
2644,1868,1,directed
2751,927,1,directed
2751,1868,1,directed
36,928,1,directed
36,1543,1,directed
36,2264,1,directed
36,2465,1,directed
36,2512,1,directed
832,928,1,directed
832,1543,1,directed
832,2264,1,directed
832,2465,1,directed
832,2512,1,directed
1446,928,1,directed
1446,1543,1,directed
1446,2264,1,directed
1446,2465,1,directed
1446,2512,1,directed
1470,928,1,directed
1470,1543,1,directed
1470,2264,1,directed
1470,2465,1,directed
1470,2512,1,directed
1489,928,1,directed
1489,1543,1,directed
1489,2264,1,directed
1489,2465,1,directed
1489,2512,1,directed
1509,928,1,directed
1509,1543,1,directed
1509,2264,1,directed
1509,2465,1,directed
1509,2512,1,directed
1536,928,1,directed
1536,1543,1,directed
1536,2264,1,directed
1536,2465,1,directed
1536,2512,1,directed
1697,928,1,directed
1697,1543,1,directed
1697,2264,1,directed
1697,2465,1,directed
1697,2512,1,directed
1808,928,1,directed
1808,1543,1,directed
1808,2264,1,directed
1808,2465,1,directed
1808,2512,1,directed
1858,928,1,directed
1858,1543,1,directed
1858,2264,1,directed
1858,2465,1,directed
1858,2512,1,directed
2069,928,1,directed
2069,1543,1,directed
2069,2264,1,directed
2069,2465,1,directed
2069,2512,1,directed
2170,928,1,directed
2170,1543,1,directed
2170,2264,1,directed
2170,2465,1,directed
2170,2512,1,directed
2258,928,1,directed
2258,1543,1,directed
2258,2264,1,directed
2258,2465,1,directed
2258,2512,1,directed
2644,928,1,directed
2644,1543,1,directed
2644,2264,1,directed
2644,2465,1,directed
2644,2512,1,directed
2751,928,1,directed
2751,1543,1,directed
2751,2264,1,directed
2751,2465,1,directed
2751,2512,1,directed
36,929,1,directed
36,1704,1,directed
36,2174,1,directed
36,2650,1,directed
832,929,1,directed
832,1704,1,directed
832,2174,1,directed
832,2650,1,directed
1446,929,1,directed
1446,1704,1,directed
1446,2174,1,directed
1446,2650,1,directed
1470,929,1,directed
1470,1704,1,directed
1470,2174,1,directed
1470,2650,1,directed
1489,929,1,directed
1489,1704,1,directed
1489,2174,1,directed
1489,2650,1,directed
1509,929,1,directed
1509,1704,1,directed
1509,2174,1,directed
1509,2650,1,directed
1536,929,1,directed
1536,1704,1,directed
1536,2174,1,directed
1536,2650,1,directed
1697,929,1,directed
1697,1704,1,directed
1697,2174,1,directed
1697,2650,1,directed
1808,929,1,directed
1808,1704,1,directed
1808,2174,1,directed
1808,2650,1,directed
1858,929,1,directed
1858,1704,1,directed
1858,2174,1,directed
1858,2650,1,directed
2069,929,1,directed
2069,1704,1,directed
2069,2174,1,directed
2069,2650,1,directed
2170,929,1,directed
2170,1704,1,directed
2170,2174,1,directed
2170,2650,1,directed
2258,929,1,directed
2258,1704,1,directed
2258,2174,1,directed
2258,2650,1,directed
2644,929,1,directed
2644,1704,1,directed
2644,2174,1,directed
2644,2650,1,directed
2751,929,1,directed
2751,1704,1,directed
2751,2174,1,directed
2751,2650,1,directed
36,930,1,directed
832,930,1,directed
1446,930,1,directed
1470,930,1,directed
1489,930,1,directed
1509,930,1,directed
1536,930,1,directed
1697,930,1,directed
1808,930,1,directed
1858,930,1,directed
2069,930,1,directed
2170,930,1,directed
2258,930,1,directed
2644,930,1,directed
2751,930,1,directed
36,931,1,directed
36,2265,1,directed
36,2651,1,directed
832,931,1,directed
832,2265,1,directed
832,2651,1,directed
1446,931,1,directed
1446,2265,1,directed
1446,2651,1,directed
1470,931,1,directed
1470,2265,1,directed
1470,2651,1,directed
1489,931,1,directed
1489,2265,1,directed
1489,2651,1,directed
1509,931,1,directed
1509,2265,1,directed
1509,2651,1,directed
1536,931,1,directed
1536,2265,1,directed
1536,2651,1,directed
1697,931,1,directed
1697,2265,1,directed
1697,2651,1,directed
1808,931,1,directed
1808,2265,1,directed
1808,2651,1,directed
1858,931,1,directed
1858,2265,1,directed
1858,2651,1,directed
2069,931,1,directed
2069,2265,1,directed
2069,2651,1,directed
2170,931,1,directed
2170,2265,1,directed
2170,2651,1,directed
2258,931,1,directed
2258,2265,1,directed
2258,2651,1,directed
2644,931,1,directed
2644,2265,1,directed
2644,2651,1,directed
2751,931,1,directed
2751,2265,1,directed
2751,2651,1,directed
36,837,1,directed
36,932,1,directed
36,1475,1,directed
36,1706,1,directed
36,2175,1,directed
36,3580,1,directed
832,837,1,directed
832,932,1,directed
832,1475,1,directed
832,1706,1,directed
832,2175,1,directed
832,3580,1,directed
1446,837,1,directed
1446,932,1,directed
1446,1475,1,directed
1446,1706,1,directed
1446,2175,1,directed
1446,3580,1,directed
1470,837,1,directed
1470,932,1,directed
1470,1475,1,directed
1470,1706,1,directed
1470,2175,1,directed
1470,3580,1,directed
1489,837,1,directed
1489,932,1,directed
1489,1475,1,directed
1489,1706,1,directed
1489,2175,1,directed
1489,3580,1,directed
1509,837,1,directed
1509,932,1,directed
1509,1475,1,directed
1509,1706,1,directed
1509,2175,1,directed
1509,3580,1,directed
1536,837,1,directed
1536,932,1,directed
1536,1475,1,directed
1536,1706,1,directed
1536,2175,1,directed
1536,3580,1,directed
1697,837,1,directed
1697,932,1,directed
1697,1475,1,directed
1697,1706,1,directed
1697,2175,1,directed
1697,3580,1,directed
1808,837,1,directed
1808,932,1,directed
1808,1475,1,directed
1808,1706,1,directed
1808,2175,1,directed
1808,3580,1,directed
1858,837,1,directed
1858,932,1,directed
1858,1475,1,directed
1858,1706,1,directed
1858,2175,1,directed
1858,3580,1,directed
2069,837,1,directed
2069,932,1,directed
2069,1475,1,directed
2069,1706,1,directed
2069,2175,1,directed
2069,3580,1,directed
2170,837,1,directed
2170,932,1,directed
2170,1475,1,directed
2170,1706,1,directed
2170,2175,1,directed
2170,3580,1,directed
2258,837,1,directed
2258,932,1,directed
2258,1475,1,directed
2258,1706,1,directed
2258,2175,1,directed
2258,3580,1,directed
2644,837,1,directed
2644,932,1,directed
2644,1475,1,directed
2644,1706,1,directed
2644,2175,1,directed
2644,3580,1,directed
2751,837,1,directed
2751,932,1,directed
2751,1475,1,directed
2751,1706,1,directed
2751,2175,1,directed
2751,3580,1,directed
36,933,1,directed
832,933,1,directed
1446,933,1,directed
1470,933,1,directed
1489,933,1,directed
1509,933,1,directed
1536,933,1,directed
1697,933,1,directed
1808,933,1,directed
1858,933,1,directed
2069,933,1,directed
2170,933,1,directed
2258,933,1,directed
2644,933,1,directed
2751,933,1,directed
36,934,1,directed
36,2653,1,directed
832,934,1,directed
832,2653,1,directed
1446,934,1,directed
1446,2653,1,directed
1470,934,1,directed
1470,2653,1,directed
1489,934,1,directed
1489,2653,1,directed
1509,934,1,directed
1509,2653,1,directed
1536,934,1,directed
1536,2653,1,directed
1697,934,1,directed
1697,2653,1,directed
1808,934,1,directed
1808,2653,1,directed
1858,934,1,directed
1858,2653,1,directed
2069,934,1,directed
2069,2653,1,directed
2170,934,1,directed
2170,2653,1,directed
2258,934,1,directed
2258,2653,1,directed
2644,934,1,directed
2644,2653,1,directed
2751,934,1,directed
2751,2653,1,directed
36,935,1,directed
36,1492,1,directed
36,2176,1,directed
832,935,1,directed
832,1492,1,directed
832,2176,1,directed
1446,935,1,directed
1446,1492,1,directed
1446,2176,1,directed
1470,935,1,directed
1470,1492,1,directed
1470,2176,1,directed
1489,935,1,directed
1489,1492,1,directed
1489,2176,1,directed
1509,935,1,directed
1509,1492,1,directed
1509,2176,1,directed
1536,935,1,directed
1536,1492,1,directed
1536,2176,1,directed
1697,935,1,directed
1697,1492,1,directed
1697,2176,1,directed
1808,935,1,directed
1808,1492,1,directed
1808,2176,1,directed
1858,935,1,directed
1858,1492,1,directed
1858,2176,1,directed
2069,935,1,directed
2069,1492,1,directed
2069,2176,1,directed
2170,935,1,directed
2170,1492,1,directed
2170,2176,1,directed
2258,935,1,directed
2258,1492,1,directed
2258,2176,1,directed
2644,935,1,directed
2644,1492,1,directed
2644,2176,1,directed
2751,935,1,directed
2751,1492,1,directed
2751,2176,1,directed
36,459,1,directed
36,936,1,directed
36,1547,1,directed
36,1814,1,directed
36,2081,1,directed
832,459,1,directed
832,936,1,directed
832,1547,1,directed
832,1814,1,directed
832,2081,1,directed
1446,459,1,directed
1446,936,1,directed
1446,1547,1,directed
1446,1814,1,directed
1446,2081,1,directed
1470,459,1,directed
1470,936,1,directed
1470,1547,1,directed
1470,1814,1,directed
1470,2081,1,directed
1489,459,1,directed
1489,936,1,directed
1489,1547,1,directed
1489,1814,1,directed
1489,2081,1,directed
1509,459,1,directed
1509,936,1,directed
1509,1547,1,directed
1509,1814,1,directed
1509,2081,1,directed
1536,459,1,directed
1536,936,1,directed
1536,1547,1,directed
1536,1814,1,directed
1536,2081,1,directed
1697,459,1,directed
1697,936,1,directed
1697,1547,1,directed
1697,1814,1,directed
1697,2081,1,directed
1808,459,1,directed
1808,936,1,directed
1808,1547,1,directed
1808,1814,1,directed
1808,2081,1,directed
1858,459,1,directed
1858,936,1,directed
1858,1547,1,directed
1858,1814,1,directed
1858,2081,1,directed
2069,459,1,directed
2069,936,1,directed
2069,1547,1,directed
2069,1814,1,directed
2069,2081,1,directed
2170,459,1,directed
2170,936,1,directed
2170,1547,1,directed
2170,1814,1,directed
2170,2081,1,directed
2258,459,1,directed
2258,936,1,directed
2258,1547,1,directed
2258,1814,1,directed
2258,2081,1,directed
2644,459,1,directed
2644,936,1,directed
2644,1547,1,directed
2644,1814,1,directed
2644,2081,1,directed
2751,459,1,directed
2751,936,1,directed
2751,1547,1,directed
2751,1814,1,directed
2751,2081,1,directed
36,937,1,directed
36,2472,1,directed
832,937,1,directed
832,2472,1,directed
1446,937,1,directed
1446,2472,1,directed
1470,937,1,directed
1470,2472,1,directed
1489,937,1,directed
1489,2472,1,directed
1509,937,1,directed
1509,2472,1,directed
1536,937,1,directed
1536,2472,1,directed
1697,937,1,directed
1697,2472,1,directed
1808,937,1,directed
1808,2472,1,directed
1858,937,1,directed
1858,2472,1,directed
2069,937,1,directed
2069,2472,1,directed
2170,937,1,directed
2170,2472,1,directed
2258,937,1,directed
2258,2472,1,directed
2644,937,1,directed
2644,2472,1,directed
2751,937,1,directed
2751,2472,1,directed
36,938,1,directed
36,1493,1,directed
36,1549,1,directed
36,2084,1,directed
36,2179,1,directed
36,2270,1,directed
36,2655,1,directed
832,938,1,directed
832,1493,1,directed
832,1549,1,directed
832,2084,1,directed
832,2179,1,directed
832,2270,1,directed
832,2655,1,directed
1446,938,1,directed
1446,1493,1,directed
1446,1549,1,directed
1446,2084,1,directed
1446,2179,1,directed
1446,2270,1,directed
1446,2655,1,directed
1470,938,1,directed
1470,1493,1,directed
1470,1549,1,directed
1470,2084,1,directed
1470,2179,1,directed
1470,2270,1,directed
1470,2655,1,directed
1489,938,1,directed
1489,1493,1,directed
1489,1549,1,directed
1489,2084,1,directed
1489,2179,1,directed
1489,2270,1,directed
1489,2655,1,directed
1509,938,1,directed
1509,1493,1,directed
1509,1549,1,directed
1509,2084,1,directed
1509,2179,1,directed
1509,2270,1,directed
1509,2655,1,directed
1536,938,1,directed
1536,1493,1,directed
1536,1549,1,directed
1536,2084,1,directed
1536,2179,1,directed
1536,2270,1,directed
1536,2655,1,directed
1697,938,1,directed
1697,1493,1,directed
1697,1549,1,directed
1697,2084,1,directed
1697,2179,1,directed
1697,2270,1,directed
1697,2655,1,directed
1808,938,1,directed
1808,1493,1,directed
1808,1549,1,directed
1808,2084,1,directed
1808,2179,1,directed
1808,2270,1,directed
1808,2655,1,directed
1858,938,1,directed
1858,1493,1,directed
1858,1549,1,directed
1858,2084,1,directed
1858,2179,1,directed
1858,2270,1,directed
1858,2655,1,directed
2069,938,1,directed
2069,1493,1,directed
2069,1549,1,directed
2069,2084,1,directed
2069,2179,1,directed
2069,2270,1,directed
2069,2655,1,directed
2170,938,1,directed
2170,1493,1,directed
2170,1549,1,directed
2170,2084,1,directed
2170,2179,1,directed
2170,2270,1,directed
2170,2655,1,directed
2258,938,1,directed
2258,1493,1,directed
2258,1549,1,directed
2258,2084,1,directed
2258,2179,1,directed
2258,2270,1,directed
2258,2655,1,directed
2644,938,1,directed
2644,1493,1,directed
2644,1549,1,directed
2644,2084,1,directed
2644,2179,1,directed
2644,2270,1,directed
2644,2655,1,directed
2751,938,1,directed
2751,1493,1,directed
2751,1549,1,directed
2751,2084,1,directed
2751,2179,1,directed
2751,2270,1,directed
2751,2655,1,directed
36,939,1,directed
36,1552,1,directed
36,2181,1,directed
832,939,1,directed
832,1552,1,directed
832,2181,1,directed
1446,939,1,directed
1446,1552,1,directed
1446,2181,1,directed
1470,939,1,directed
1470,1552,1,directed
1470,2181,1,directed
1489,939,1,directed
1489,1552,1,directed
1489,2181,1,directed
1509,939,1,directed
1509,1552,1,directed
1509,2181,1,directed
1536,939,1,directed
1536,1552,1,directed
1536,2181,1,directed
1697,939,1,directed
1697,1552,1,directed
1697,2181,1,directed
1808,939,1,directed
1808,1552,1,directed
1808,2181,1,directed
1858,939,1,directed
1858,1552,1,directed
1858,2181,1,directed
2069,939,1,directed
2069,1552,1,directed
2069,2181,1,directed
2170,939,1,directed
2170,1552,1,directed
2170,2181,1,directed
2258,939,1,directed
2258,1552,1,directed
2258,2181,1,directed
2644,939,1,directed
2644,1552,1,directed
2644,2181,1,directed
2751,939,1,directed
2751,1552,1,directed
2751,2181,1,directed
36,940,1,directed
36,1517,1,directed
36,1553,1,directed
36,1711,1,directed
36,1817,1,directed
36,1884,1,directed
36,2088,1,directed
36,2182,1,directed
36,2274,1,directed
36,2658,1,directed
832,940,1,directed
832,1517,1,directed
832,1553,1,directed
832,1711,1,directed
832,1817,1,directed
832,1884,1,directed
832,2088,1,directed
832,2182,1,directed
832,2274,1,directed
832,2658,1,directed
1446,940,1,directed
1446,1517,1,directed
1446,1553,1,directed
1446,1711,1,directed
1446,1817,1,directed
1446,1884,1,directed
1446,2088,1,directed
1446,2182,1,directed
1446,2274,1,directed
1446,2658,1,directed
1470,940,1,directed
1470,1517,1,directed
1470,1553,1,directed
1470,1711,1,directed
1470,1817,1,directed
1470,1884,1,directed
1470,2088,1,directed
1470,2182,1,directed
1470,2274,1,directed
1470,2658,1,directed
1489,940,1,directed
1489,1517,1,directed
1489,1553,1,directed
1489,1711,1,directed
1489,1817,1,directed
1489,1884,1,directed
1489,2088,1,directed
1489,2182,1,directed
1489,2274,1,directed
1489,2658,1,directed
1509,940,1,directed
1509,1517,1,directed
1509,1553,1,directed
1509,1711,1,directed
1509,1817,1,directed
1509,1884,1,directed
1509,2088,1,directed
1509,2182,1,directed
1509,2274,1,directed
1509,2658,1,directed
1536,940,1,directed
1536,1517,1,directed
1536,1553,1,directed
1536,1711,1,directed
1536,1817,1,directed
1536,1884,1,directed
1536,2088,1,directed
1536,2182,1,directed
1536,2274,1,directed
1536,2658,1,directed
1697,940,1,directed
1697,1517,1,directed
1697,1553,1,directed
1697,1711,1,directed
1697,1817,1,directed
1697,1884,1,directed
1697,2088,1,directed
1697,2182,1,directed
1697,2274,1,directed
1697,2658,1,directed
1808,940,1,directed
1808,1517,1,directed
1808,1553,1,directed
1808,1711,1,directed
1808,1817,1,directed
1808,1884,1,directed
1808,2088,1,directed
1808,2182,1,directed
1808,2274,1,directed
1808,2658,1,directed
1858,940,1,directed
1858,1517,1,directed
1858,1553,1,directed
1858,1711,1,directed
1858,1817,1,directed
1858,1884,1,directed
1858,2088,1,directed
1858,2182,1,directed
1858,2274,1,directed
1858,2658,1,directed
2069,940,1,directed
2069,1517,1,directed
2069,1553,1,directed
2069,1711,1,directed
2069,1817,1,directed
2069,1884,1,directed
2069,2088,1,directed
2069,2182,1,directed
2069,2274,1,directed
2069,2658,1,directed
2170,940,1,directed
2170,1517,1,directed
2170,1553,1,directed
2170,1711,1,directed
2170,1817,1,directed
2170,1884,1,directed
2170,2088,1,directed
2170,2182,1,directed
2170,2274,1,directed
2170,2658,1,directed
2258,940,1,directed
2258,1517,1,directed
2258,1553,1,directed
2258,1711,1,directed
2258,1817,1,directed
2258,1884,1,directed
2258,2088,1,directed
2258,2182,1,directed
2258,2274,1,directed
2258,2658,1,directed
2644,940,1,directed
2644,1517,1,directed
2644,1553,1,directed
2644,1711,1,directed
2644,1817,1,directed
2644,1884,1,directed
2644,2088,1,directed
2644,2182,1,directed
2644,2274,1,directed
2644,2658,1,directed
2751,940,1,directed
2751,1517,1,directed
2751,1553,1,directed
2751,1711,1,directed
2751,1817,1,directed
2751,1884,1,directed
2751,2088,1,directed
2751,2182,1,directed
2751,2274,1,directed
2751,2658,1,directed
36,941,1,directed
36,1554,1,directed
36,2089,1,directed
36,2183,1,directed
36,2659,1,directed
36,2767,1,directed
832,941,1,directed
832,1554,1,directed
832,2089,1,directed
832,2183,1,directed
832,2659,1,directed
832,2767,1,directed
1446,941,1,directed
1446,1554,1,directed
1446,2089,1,directed
1446,2183,1,directed
1446,2659,1,directed
1446,2767,1,directed
1470,941,1,directed
1470,1554,1,directed
1470,2089,1,directed
1470,2183,1,directed
1470,2659,1,directed
1470,2767,1,directed
1489,941,1,directed
1489,1554,1,directed
1489,2089,1,directed
1489,2183,1,directed
1489,2659,1,directed
1489,2767,1,directed
1509,941,1,directed
1509,1554,1,directed
1509,2089,1,directed
1509,2183,1,directed
1509,2659,1,directed
1509,2767,1,directed
1536,941,1,directed
1536,1554,1,directed
1536,2089,1,directed
1536,2183,1,directed
1536,2659,1,directed
1536,2767,1,directed
1697,941,1,directed
1697,1554,1,directed
1697,2089,1,directed
1697,2183,1,directed
1697,2659,1,directed
1697,2767,1,directed
1808,941,1,directed
1808,1554,1,directed
1808,2089,1,directed
1808,2183,1,directed
1808,2659,1,directed
1808,2767,1,directed
1858,941,1,directed
1858,1554,1,directed
1858,2089,1,directed
1858,2183,1,directed
1858,2659,1,directed
1858,2767,1,directed
2069,941,1,directed
2069,1554,1,directed
2069,2089,1,directed
2069,2183,1,directed
2069,2659,1,directed
2069,2767,1,directed
2170,941,1,directed
2170,1554,1,directed
2170,2089,1,directed
2170,2183,1,directed
2170,2659,1,directed
2170,2767,1,directed
2258,941,1,directed
2258,1554,1,directed
2258,2089,1,directed
2258,2183,1,directed
2258,2659,1,directed
2258,2767,1,directed
2644,941,1,directed
2644,1554,1,directed
2644,2089,1,directed
2644,2183,1,directed
2644,2659,1,directed
2644,2767,1,directed
2751,941,1,directed
2751,1554,1,directed
2751,2089,1,directed
2751,2183,1,directed
2751,2659,1,directed
2751,2767,1,directed
36,942,1,directed
36,1305,1,directed
36,1495,1,directed
36,1518,1,directed
36,1555,1,directed
36,1713,1,directed
36,1818,1,directed
36,1885,1,directed
36,2091,1,directed
36,2184,1,directed
36,2275,1,directed
36,2769,1,directed
832,942,1,directed
832,1305,1,directed
832,1495,1,directed
832,1518,1,directed
832,1555,1,directed
832,1713,1,directed
832,1818,1,directed
832,1885,1,directed
832,2091,1,directed
832,2184,1,directed
832,2275,1,directed
832,2769,1,directed
1446,942,1,directed
1446,1305,1,directed
1446,1495,1,directed
1446,1518,1,directed
1446,1555,1,directed
1446,1713,1,directed
1446,1818,1,directed
1446,1885,1,directed
1446,2091,1,directed
1446,2184,1,directed
1446,2275,1,directed
1446,2769,1,directed
1470,942,1,directed
1470,1305,1,directed
1470,1495,1,directed
1470,1518,1,directed
1470,1555,1,directed
1470,1713,1,directed
1470,1818,1,directed
1470,1885,1,directed
1470,2091,1,directed
1470,2184,1,directed
1470,2275,1,directed
1470,2769,1,directed
1489,942,1,directed
1489,1305,1,directed
1489,1495,1,directed
1489,1518,1,directed
1489,1555,1,directed
1489,1713,1,directed
1489,1818,1,directed
1489,1885,1,directed
1489,2091,1,directed
1489,2184,1,directed
1489,2275,1,directed
1489,2769,1,directed
1509,942,1,directed
1509,1305,1,directed
1509,1495,1,directed
1509,1518,1,directed
1509,1555,1,directed
1509,1713,1,directed
1509,1818,1,directed
1509,1885,1,directed
1509,2091,1,directed
1509,2184,1,directed
1509,2275,1,directed
1509,2769,1,directed
1536,942,1,directed
1536,1305,1,directed
1536,1495,1,directed
1536,1518,1,directed
1536,1555,1,directed
1536,1713,1,directed
1536,1818,1,directed
1536,1885,1,directed
1536,2091,1,directed
1536,2184,1,directed
1536,2275,1,directed
1536,2769,1,directed
1697,942,1,directed
1697,1305,1,directed
1697,1495,1,directed
1697,1518,1,directed
1697,1555,1,directed
1697,1713,1,directed
1697,1818,1,directed
1697,1885,1,directed
1697,2091,1,directed
1697,2184,1,directed
1697,2275,1,directed
1697,2769,1,directed
1808,942,1,directed
1808,1305,1,directed
1808,1495,1,directed
1808,1518,1,directed
1808,1555,1,directed
1808,1713,1,directed
1808,1818,1,directed
1808,1885,1,directed
1808,2091,1,directed
1808,2184,1,directed
1808,2275,1,directed
1808,2769,1,directed
1858,942,1,directed
1858,1305,1,directed
1858,1495,1,directed
1858,1518,1,directed
1858,1555,1,directed
1858,1713,1,directed
1858,1818,1,directed
1858,1885,1,directed
1858,2091,1,directed
1858,2184,1,directed
1858,2275,1,directed
1858,2769,1,directed
2069,942,1,directed
2069,1305,1,directed
2069,1495,1,directed
2069,1518,1,directed
2069,1555,1,directed
2069,1713,1,directed
2069,1818,1,directed
2069,1885,1,directed
2069,2091,1,directed
2069,2184,1,directed
2069,2275,1,directed
2069,2769,1,directed
2170,942,1,directed
2170,1305,1,directed
2170,1495,1,directed
2170,1518,1,directed
2170,1555,1,directed
2170,1713,1,directed
2170,1818,1,directed
2170,1885,1,directed
2170,2091,1,directed
2170,2184,1,directed
2170,2275,1,directed
2170,2769,1,directed
2258,942,1,directed
2258,1305,1,directed
2258,1495,1,directed
2258,1518,1,directed
2258,1555,1,directed
2258,1713,1,directed
2258,1818,1,directed
2258,1885,1,directed
2258,2091,1,directed
2258,2184,1,directed
2258,2275,1,directed
2258,2769,1,directed
2644,942,1,directed
2644,1305,1,directed
2644,1495,1,directed
2644,1518,1,directed
2644,1555,1,directed
2644,1713,1,directed
2644,1818,1,directed
2644,1885,1,directed
2644,2091,1,directed
2644,2184,1,directed
2644,2275,1,directed
2644,2769,1,directed
2751,942,1,directed
2751,1305,1,directed
2751,1495,1,directed
2751,1518,1,directed
2751,1555,1,directed
2751,1713,1,directed
2751,1818,1,directed
2751,1885,1,directed
2751,2091,1,directed
2751,2184,1,directed
2751,2275,1,directed
2751,2769,1,directed
36,943,1,directed
36,1496,1,directed
36,1520,1,directed
36,1558,1,directed
36,1715,1,directed
36,1819,1,directed
36,2093,1,directed
36,2187,1,directed
36,2278,1,directed
36,2773,1,directed
832,943,1,directed
832,1496,1,directed
832,1520,1,directed
832,1558,1,directed
832,1715,1,directed
832,1819,1,directed
832,2093,1,directed
832,2187,1,directed
832,2278,1,directed
832,2773,1,directed
1446,943,1,directed
1446,1496,1,directed
1446,1520,1,directed
1446,1558,1,directed
1446,1715,1,directed
1446,1819,1,directed
1446,2093,1,directed
1446,2187,1,directed
1446,2278,1,directed
1446,2773,1,directed
1470,943,1,directed
1470,1496,1,directed
1470,1520,1,directed
1470,1558,1,directed
1470,1715,1,directed
1470,1819,1,directed
1470,2093,1,directed
1470,2187,1,directed
1470,2278,1,directed
1470,2773,1,directed
1489,943,1,directed
1489,1496,1,directed
1489,1520,1,directed
1489,1558,1,directed
1489,1715,1,directed
1489,1819,1,directed
1489,2093,1,directed
1489,2187,1,directed
1489,2278,1,directed
1489,2773,1,directed
1509,943,1,directed
1509,1496,1,directed
1509,1520,1,directed
1509,1558,1,directed
1509,1715,1,directed
1509,1819,1,directed
1509,2093,1,directed
1509,2187,1,directed
1509,2278,1,directed
1509,2773,1,directed
1536,943,1,directed
1536,1496,1,directed
1536,1520,1,directed
1536,1558,1,directed
1536,1715,1,directed
1536,1819,1,directed
1536,2093,1,directed
1536,2187,1,directed
1536,2278,1,directed
1536,2773,1,directed
1697,943,1,directed
1697,1496,1,directed
1697,1520,1,directed
1697,1558,1,directed
1697,1715,1,directed
1697,1819,1,directed
1697,2093,1,directed
1697,2187,1,directed
1697,2278,1,directed
1697,2773,1,directed
1808,943,1,directed
1808,1496,1,directed
1808,1520,1,directed
1808,1558,1,directed
1808,1715,1,directed
1808,1819,1,directed
1808,2093,1,directed
1808,2187,1,directed
1808,2278,1,directed
1808,2773,1,directed
1858,943,1,directed
1858,1496,1,directed
1858,1520,1,directed
1858,1558,1,directed
1858,1715,1,directed
1858,1819,1,directed
1858,2093,1,directed
1858,2187,1,directed
1858,2278,1,directed
1858,2773,1,directed
2069,943,1,directed
2069,1496,1,directed
2069,1520,1,directed
2069,1558,1,directed
2069,1715,1,directed
2069,1819,1,directed
2069,2093,1,directed
2069,2187,1,directed
2069,2278,1,directed
2069,2773,1,directed
2170,943,1,directed
2170,1496,1,directed
2170,1520,1,directed
2170,1558,1,directed
2170,1715,1,directed
2170,1819,1,directed
2170,2093,1,directed
2170,2187,1,directed
2170,2278,1,directed
2170,2773,1,directed
2258,943,1,directed
2258,1496,1,directed
2258,1520,1,directed
2258,1558,1,directed
2258,1715,1,directed
2258,1819,1,directed
2258,2093,1,directed
2258,2187,1,directed
2258,2278,1,directed
2258,2773,1,directed
2644,943,1,directed
2644,1496,1,directed
2644,1520,1,directed
2644,1558,1,directed
2644,1715,1,directed
2644,1819,1,directed
2644,2093,1,directed
2644,2187,1,directed
2644,2278,1,directed
2644,2773,1,directed
2751,943,1,directed
2751,1496,1,directed
2751,1520,1,directed
2751,1558,1,directed
2751,1715,1,directed
2751,1819,1,directed
2751,2093,1,directed
2751,2187,1,directed
2751,2278,1,directed
2751,2773,1,directed
36,705,1,directed
36,944,1,directed
832,705,1,directed
832,944,1,directed
1446,705,1,directed
1446,944,1,directed
1470,705,1,directed
1470,944,1,directed
1489,705,1,directed
1489,944,1,directed
1509,705,1,directed
1509,944,1,directed
1536,705,1,directed
1536,944,1,directed
1697,705,1,directed
1697,944,1,directed
1808,705,1,directed
1808,944,1,directed
1858,705,1,directed
1858,944,1,directed
2069,705,1,directed
2069,944,1,directed
2170,705,1,directed
2170,944,1,directed
2258,705,1,directed
2258,944,1,directed
2644,705,1,directed
2644,944,1,directed
2751,705,1,directed
2751,944,1,directed
36,945,1,directed
832,945,1,directed
1446,945,1,directed
1470,945,1,directed
1489,945,1,directed
1509,945,1,directed
1536,945,1,directed
1697,945,1,directed
1808,945,1,directed
1858,945,1,directed
2069,945,1,directed
2170,945,1,directed
2258,945,1,directed
2644,945,1,directed
2751,945,1,directed
36,946,1,directed
36,1499,1,directed
36,1571,1,directed
36,1720,1,directed
36,2196,1,directed
36,2282,1,directed
36,2664,1,directed
36,2783,1,directed
832,946,1,directed
832,1499,1,directed
832,1571,1,directed
832,1720,1,directed
832,2196,1,directed
832,2282,1,directed
832,2664,1,directed
832,2783,1,directed
1446,946,1,directed
1446,1499,1,directed
1446,1571,1,directed
1446,1720,1,directed
1446,2196,1,directed
1446,2282,1,directed
1446,2664,1,directed
1446,2783,1,directed
1470,946,1,directed
1470,1499,1,directed
1470,1571,1,directed
1470,1720,1,directed
1470,2196,1,directed
1470,2282,1,directed
1470,2664,1,directed
1470,2783,1,directed
1489,946,1,directed
1489,1499,1,directed
1489,1571,1,directed
1489,1720,1,directed
1489,2196,1,directed
1489,2282,1,directed
1489,2664,1,directed
1489,2783,1,directed
1509,946,1,directed
1509,1499,1,directed
1509,1571,1,directed
1509,1720,1,directed
1509,2196,1,directed
1509,2282,1,directed
1509,2664,1,directed
1509,2783,1,directed
1536,946,1,directed
1536,1499,1,directed
1536,1571,1,directed
1536,1720,1,directed
1536,2196,1,directed
1536,2282,1,directed
1536,2664,1,directed
1536,2783,1,directed
1697,946,1,directed
1697,1499,1,directed
1697,1571,1,directed
1697,1720,1,directed
1697,2196,1,directed
1697,2282,1,directed
1697,2664,1,directed
1697,2783,1,directed
1808,946,1,directed
1808,1499,1,directed
1808,1571,1,directed
1808,1720,1,directed
1808,2196,1,directed
1808,2282,1,directed
1808,2664,1,directed
1808,2783,1,directed
1858,946,1,directed
1858,1499,1,directed
1858,1571,1,directed
1858,1720,1,directed
1858,2196,1,directed
1858,2282,1,directed
1858,2664,1,directed
1858,2783,1,directed
2069,946,1,directed
2069,1499,1,directed
2069,1571,1,directed
2069,1720,1,directed
2069,2196,1,directed
2069,2282,1,directed
2069,2664,1,directed
2069,2783,1,directed
2170,946,1,directed
2170,1499,1,directed
2170,1571,1,directed
2170,1720,1,directed
2170,2196,1,directed
2170,2282,1,directed
2170,2664,1,directed
2170,2783,1,directed
2258,946,1,directed
2258,1499,1,directed
2258,1571,1,directed
2258,1720,1,directed
2258,2196,1,directed
2258,2282,1,directed
2258,2664,1,directed
2258,2783,1,directed
2644,946,1,directed
2644,1499,1,directed
2644,1571,1,directed
2644,1720,1,directed
2644,2196,1,directed
2644,2282,1,directed
2644,2664,1,directed
2644,2783,1,directed
2751,946,1,directed
2751,1499,1,directed
2751,1571,1,directed
2751,1720,1,directed
2751,2196,1,directed
2751,2282,1,directed
2751,2664,1,directed
2751,2783,1,directed
36,947,1,directed
832,947,1,directed
1446,947,1,directed
1470,947,1,directed
1489,947,1,directed
1509,947,1,directed
1536,947,1,directed
1697,947,1,directed
1808,947,1,directed
1858,947,1,directed
2069,947,1,directed
2170,947,1,directed
2258,947,1,directed
2644,947,1,directed
2751,947,1,directed
36,948,1,directed
832,948,1,directed
1446,948,1,directed
1470,948,1,directed
1489,948,1,directed
1509,948,1,directed
1536,948,1,directed
1697,948,1,directed
1808,948,1,directed
1858,948,1,directed
2069,948,1,directed
2170,948,1,directed
2258,948,1,directed
2644,948,1,directed
2751,948,1,directed
36,949,1,directed
832,949,1,directed
1446,949,1,directed
1470,949,1,directed
1489,949,1,directed
1509,949,1,directed
1536,949,1,directed
1697,949,1,directed
1808,949,1,directed
1858,949,1,directed
2069,949,1,directed
2170,949,1,directed
2258,949,1,directed
2644,949,1,directed
2751,949,1,directed
36,950,1,directed
832,950,1,directed
1446,950,1,directed
1470,950,1,directed
1489,950,1,directed
1509,950,1,directed
1536,950,1,directed
1697,950,1,directed
1808,950,1,directed
1858,950,1,directed
2069,950,1,directed
2170,950,1,directed
2258,950,1,directed
2644,950,1,directed
2751,950,1,directed
36,951,1,directed
832,951,1,directed
1446,951,1,directed
1470,951,1,directed
1489,951,1,directed
1509,951,1,directed
1536,951,1,directed
1697,951,1,directed
1808,951,1,directed
1858,951,1,directed
2069,951,1,directed
2170,951,1,directed
2258,951,1,directed
2644,951,1,directed
2751,951,1,directed
36,952,1,directed
36,2673,1,directed
832,952,1,directed
832,2673,1,directed
1446,952,1,directed
1446,2673,1,directed
1470,952,1,directed
1470,2673,1,directed
1489,952,1,directed
1489,2673,1,directed
1509,952,1,directed
1509,2673,1,directed
1536,952,1,directed
1536,2673,1,directed
1697,952,1,directed
1697,2673,1,directed
1808,952,1,directed
1808,2673,1,directed
1858,952,1,directed
1858,2673,1,directed
2069,952,1,directed
2069,2673,1,directed
2170,952,1,directed
2170,2673,1,directed
2258,952,1,directed
2258,2673,1,directed
2644,952,1,directed
2644,2673,1,directed
2751,952,1,directed
2751,2673,1,directed
36,739,1,directed
36,953,1,directed
36,1320,1,directed
36,1532,1,directed
36,1727,1,directed
36,1853,1,directed
36,2201,1,directed
36,2674,1,directed
36,3295,1,directed
832,739,1,directed
832,953,1,directed
832,1320,1,directed
832,1532,1,directed
832,1727,1,directed
832,1853,1,directed
832,2201,1,directed
832,2674,1,directed
832,3295,1,directed
1446,739,1,directed
1446,953,1,directed
1446,1320,1,directed
1446,1532,1,directed
1446,1727,1,directed
1446,1853,1,directed
1446,2201,1,directed
1446,2674,1,directed
1446,3295,1,directed
1470,739,1,directed
1470,953,1,directed
1470,1320,1,directed
1470,1532,1,directed
1470,1727,1,directed
1470,1853,1,directed
1470,2201,1,directed
1470,2674,1,directed
1470,3295,1,directed
1489,739,1,directed
1489,953,1,directed
1489,1320,1,directed
1489,1532,1,directed
1489,1727,1,directed
1489,1853,1,directed
1489,2201,1,directed
1489,2674,1,directed
1489,3295,1,directed
1509,739,1,directed
1509,953,1,directed
1509,1320,1,directed
1509,1532,1,directed
1509,1727,1,directed
1509,1853,1,directed
1509,2201,1,directed
1509,2674,1,directed
1509,3295,1,directed
1536,739,1,directed
1536,953,1,directed
1536,1320,1,directed
1536,1532,1,directed
1536,1727,1,directed
1536,1853,1,directed
1536,2201,1,directed
1536,2674,1,directed
1536,3295,1,directed
1697,739,1,directed
1697,953,1,directed
1697,1320,1,directed
1697,1532,1,directed
1697,1727,1,directed
1697,1853,1,directed
1697,2201,1,directed
1697,2674,1,directed
1697,3295,1,directed
1808,739,1,directed
1808,953,1,directed
1808,1320,1,directed
1808,1532,1,directed
1808,1727,1,directed
1808,1853,1,directed
1808,2201,1,directed
1808,2674,1,directed
1808,3295,1,directed
1858,739,1,directed
1858,953,1,directed
1858,1320,1,directed
1858,1532,1,directed
1858,1727,1,directed
1858,1853,1,directed
1858,2201,1,directed
1858,2674,1,directed
1858,3295,1,directed
2069,739,1,directed
2069,953,1,directed
2069,1320,1,directed
2069,1532,1,directed
2069,1727,1,directed
2069,1853,1,directed
2069,2201,1,directed
2069,2674,1,directed
2069,3295,1,directed
2170,739,1,directed
2170,953,1,directed
2170,1320,1,directed
2170,1532,1,directed
2170,1727,1,directed
2170,1853,1,directed
2170,2201,1,directed
2170,2674,1,directed
2170,3295,1,directed
2258,739,1,directed
2258,953,1,directed
2258,1320,1,directed
2258,1532,1,directed
2258,1727,1,directed
2258,1853,1,directed
2258,2201,1,directed
2258,2674,1,directed
2258,3295,1,directed
2644,739,1,directed
2644,953,1,directed
2644,1320,1,directed
2644,1532,1,directed
2644,1727,1,directed
2644,1853,1,directed
2644,2201,1,directed
2644,2674,1,directed
2644,3295,1,directed
2751,739,1,directed
2751,953,1,directed
2751,1320,1,directed
2751,1532,1,directed
2751,1727,1,directed
2751,1853,1,directed
2751,2201,1,directed
2751,2674,1,directed
2751,3295,1,directed
37,954,1,directed
37,955,1,directed
37,956,1,directed
37,957,1,directed
37,958,1,directed
37,959,1,directed
37,960,1,directed
37,961,1,directed
37,962,1,directed
37,963,1,directed
37,964,1,directed
37,965,1,directed
37,966,1,directed
37,967,1,directed
37,968,1,directed
37,969,1,directed
37,970,1,directed
37,971,1,directed
37,972,1,directed
37,973,1,directed
37,974,1,directed
37,975,1,directed
37,976,1,directed
37,977,1,directed
37,978,1,directed
37,979,1,directed
37,980,1,directed
37,981,1,directed
37,982,1,directed
37,983,1,directed
37,984,1,directed
37,985,1,directed
37,986,1,directed
37,987,1,directed
37,988,1,directed
37,989,1,directed
37,990,1,directed
37,991,1,directed
37,992,1,directed
37,993,1,directed
37,994,1,directed
37,995,1,directed
37,996,1,directed
37,997,1,directed
37,998,1,directed
37,999,1,directed
37,1000,1,directed
37,2062,1,directed
37,1001,1,directed
37,1002,1,directed
37,2063,1,directed
37,1003,1,directed
37,1004,1,directed
38,1005,1,directed
38,1006,1,directed
38,1774,1,directed
38,1951,1,directed
38,2883,1,directed
38,3602,1,directed
38,1007,1,directed
38,1008,1,directed
38,1009,1,directed
38,1010,1,directed
38,1011,1,directed
38,1228,1,directed
38,2213,1,directed
38,2886,1,directed
38,3198,1,directed
38,3577,1,directed
38,1012,1,directed
38,1013,1,directed
38,1014,1,directed
38,1015,1,directed
38,3199,1,directed
38,1016,1,directed
38,2221,1,directed
38,1017,1,directed
38,1082,1,directed
38,2153,1,directed
38,1018,1,directed
38,1019,1,directed
38,1020,1,directed
38,1021,1,directed
38,1087,1,directed
38,1963,1,directed
38,2237,1,directed
38,1022,1,directed
38,1058,1,directed
38,1090,1,directed
38,1023,1,directed
38,1024,1,directed
40,1025,1,directed
40,1026,1,directed
40,1027,1,directed
40,1028,1,directed
40,1029,1,directed
40,1030,1,directed
40,1031,1,directed
40,1032,1,directed
40,1033,1,directed
40,1034,1,directed
40,1035,1,directed
40,1036,1,directed
40,1037,1,directed
40,1038,1,directed
40,1039,1,directed
40,1040,1,directed
40,1784,1,directed
40,2149,1,directed
40,2223,1,directed
40,2388,1,directed
40,2514,1,directed
40,3039,1,directed
40,3200,1,directed
40,3393,1,directed
40,3611,1,directed
40,1041,1,directed
40,1042,1,directed
40,1043,1,directed
40,1044,1,directed
40,1045,1,directed
40,1247,1,directed
40,1641,1,directed
40,2399,1,directed
40,3202,1,directed
40,1046,1,directed
40,1047,1,directed
40,1048,1,directed
40,1049,1,directed
40,1399,1,directed
40,1646,1,directed
40,3206,1,directed
40,1050,1,directed
40,1051,1,directed
40,1052,1,directed
40,3625,1,directed
40,1053,1,directed
40,1054,1,directed
40,1055,1,directed
40,1056,1,directed
40,1057,1,directed
40,1022,1,directed
40,1058,1,directed
40,1090,1,directed
40,1059,1,directed
40,1060,1,directed
40,2249,1,directed
40,1061,1,directed
40,1062,1,directed
40,1092,1,directed
40,1196,1,directed
40,1267,1,directed
40,1321,1,directed
40,1693,1,directed
40,1973,1,directed
40,2252,1,directed
40,2452,1,directed
40,2934,1,directed
40,1063,1,directed
41,1064,1,directed
41,1065,1,directed
41,2881,1,directed
41,3192,1,directed
41,3574,1,directed
41,1066,1,directed
41,3030,1,directed
41,1067,1,directed
41,1068,1,directed
41,1069,1,directed
41,1070,1,directed
41,1071,1,directed
41,2210,1,directed
41,1072,1,directed
41,1073,1,directed
41,1074,1,directed
41,1075,1,directed
41,1076,1,directed
41,1077,1,directed
41,1078,1,directed
41,1235,1,directed
41,2150,1,directed
41,1079,1,directed
41,1080,1,directed
41,1081,1,directed
41,1017,1,directed
41,1082,1,directed
41,2153,1,directed
41,1083,1,directed
41,1084,1,directed
41,1085,1,directed
41,1086,1,directed
41,1021,1,directed
41,1087,1,directed
41,1963,1,directed
41,2237,1,directed
41,1088,1,directed
41,2159,1,directed
41,1089,1,directed
41,1022,1,directed
41,1058,1,directed
41,1090,1,directed
41,1091,1,directed
41,1062,1,directed
41,1092,1,directed
41,1196,1,directed
41,1267,1,directed
41,1321,1,directed
41,1693,1,directed
41,1973,1,directed
41,2252,1,directed
41,2452,1,directed
41,2934,1,directed
42,1093,1,directed
2702,1093,1,directed
42,1094,1,directed
2702,1094,1,directed
42,1095,1,directed
2702,1095,1,directed
42,1096,1,directed
2702,1096,1,directed
42,1097,1,directed
2702,1097,1,directed
42,1098,1,directed
2702,1098,1,directed
42,1099,1,directed
2702,1099,1,directed
42,1100,1,directed
2702,1100,1,directed
42,1101,1,directed
2702,1101,1,directed
42,1102,1,directed
2702,1102,1,directed
42,501,1,directed
42,1103,1,directed
2702,501,1,directed
2702,1103,1,directed
42,1104,1,directed
2702,1104,1,directed
42,1105,1,directed
2702,1105,1,directed
42,1106,1,directed
2702,1106,1,directed
42,1107,1,directed
2702,1107,1,directed
42,1108,1,directed
2702,1108,1,directed
42,1109,1,directed
2702,1109,1,directed
42,1110,1,directed
2702,1110,1,directed
42,1111,1,directed
2702,1111,1,directed
42,1112,1,directed
2702,1112,1,directed
42,1113,1,directed
42,2030,1,directed
2702,1113,1,directed
2702,2030,1,directed
42,1114,1,directed
2702,1114,1,directed
42,1115,1,directed
2702,1115,1,directed
42,1116,1,directed
2702,1116,1,directed
42,1117,1,directed
2702,1117,1,directed
42,1118,1,directed
2702,1118,1,directed
42,1119,1,directed
2702,1119,1,directed
42,1120,1,directed
2702,1120,1,directed
42,1121,1,directed
2702,1121,1,directed
42,1122,1,directed
2702,1122,1,directed
42,1123,1,directed
2702,1123,1,directed
42,1124,1,directed
2702,1124,1,directed
42,1125,1,directed
2702,1125,1,directed
42,1126,1,directed
2702,1126,1,directed
42,1127,1,directed
2702,1127,1,directed
42,1128,1,directed
2702,1128,1,directed
42,1129,1,directed
2702,1129,1,directed
42,1130,1,directed
2702,1130,1,directed
42,1131,1,directed
2702,1131,1,directed
42,1132,1,directed
2702,1132,1,directed
42,1133,1,directed
2702,1133,1,directed
42,1134,1,directed
2702,1134,1,directed
42,1135,1,directed
2702,1135,1,directed
42,1136,1,directed
2702,1136,1,directed
42,1137,1,directed
2702,1137,1,directed
42,1138,1,directed
2702,1138,1,directed
42,1139,1,directed
2702,1139,1,directed
42,1140,1,directed
2702,1140,1,directed
42,1141,1,directed
2702,1141,1,directed
42,1142,1,directed
2702,1142,1,directed
42,1143,1,directed
2702,1143,1,directed
42,1144,1,directed
2702,1144,1,directed
42,1145,1,directed
2702,1145,1,directed
42,1146,1,directed
2702,1146,1,directed
42,1147,1,directed
2702,1147,1,directed
42,1148,1,directed
2702,1148,1,directed
42,1149,1,directed
2702,1149,1,directed
43,1150,1,directed
43,1323,1,directed
43,2823,1,directed
317,1150,1,directed
317,1323,1,directed
317,2823,1,directed
43,1151,1,directed
317,1151,1,directed
43,1152,1,directed
317,1152,1,directed
43,1153,1,directed
317,1153,1,directed
43,1154,1,directed
43,1976,1,directed
317,1154,1,directed
317,1976,1,directed
43,1155,1,directed
317,1155,1,directed
43,1156,1,directed
317,1156,1,directed
43,1157,1,directed
317,1157,1,directed
43,1158,1,directed
317,1158,1,directed
43,1159,1,directed
317,1159,1,directed
43,1160,1,directed
317,1160,1,directed
43,315,1,directed
43,1161,1,directed
43,1983,1,directed
317,315,1,directed
317,1161,1,directed
317,1983,1,directed
43,1162,1,directed
317,1162,1,directed
43,1163,1,directed
317,1163,1,directed
43,1164,1,directed
317,1164,1,directed
43,1165,1,directed
317,1165,1,directed
43,1166,1,directed
317,1166,1,directed
43,1167,1,directed
317,1167,1,directed
43,1168,1,directed
317,1168,1,directed
43,1169,1,directed
317,1169,1,directed
43,1170,1,directed
317,1170,1,directed
43,1171,1,directed
43,1333,1,directed
317,1171,1,directed
317,1333,1,directed
43,326,1,directed
43,1172,1,directed
317,326,1,directed
317,1172,1,directed
43,1173,1,directed
317,1173,1,directed
43,1174,1,directed
43,1335,1,directed
317,1174,1,directed
317,1335,1,directed
43,1175,1,directed
317,1175,1,directed
43,1176,1,directed
317,1176,1,directed
43,1177,1,directed
317,1177,1,directed
43,1178,1,directed
317,1178,1,directed
43,1179,1,directed
317,1179,1,directed
43,1180,1,directed
317,1180,1,directed
43,1181,1,directed
317,1181,1,directed
43,1182,1,directed
317,1182,1,directed
43,1183,1,directed
317,1183,1,directed
43,1184,1,directed
317,1184,1,directed
43,1185,1,directed
317,1185,1,directed
43,1186,1,directed
317,1186,1,directed
43,1187,1,directed
317,1187,1,directed
43,1188,1,directed
317,1188,1,directed
43,1189,1,directed
317,1189,1,directed
43,1190,1,directed
317,1190,1,directed
43,1191,1,directed
317,1191,1,directed
43,1192,1,directed
43,1218,1,directed
43,2376,1,directed
317,1192,1,directed
317,1218,1,directed
317,2376,1,directed
43,1193,1,directed
43,3661,1,directed
317,1193,1,directed
317,3661,1,directed
43,1194,1,directed
43,1350,1,directed
43,3429,1,directed
317,1194,1,directed
317,1350,1,directed
317,3429,1,directed
43,1195,1,directed
317,1195,1,directed
43,1062,1,directed
43,1092,1,directed
43,1196,1,directed
43,1267,1,directed
43,1321,1,directed
43,1693,1,directed
43,1973,1,directed
43,2252,1,directed
43,2452,1,directed
43,2934,1,directed
317,1062,1,directed
317,1092,1,directed
317,1196,1,directed
317,1267,1,directed
317,1321,1,directed
317,1693,1,directed
317,1973,1,directed
317,2252,1,directed
317,2452,1,directed
317,2934,1,directed
44,1197,1,directed
44,1198,1,directed
44,1199,1,directed
44,1618,1,directed
44,1200,1,directed
44,3032,1,directed
44,1201,1,directed
44,2505,1,directed
44,3033,1,directed
44,1202,1,directed
44,1203,1,directed
44,1204,1,directed
44,3040,1,directed
44,1205,1,directed
44,1206,1,directed
44,1207,1,directed
44,1208,1,directed
44,1209,1,directed
44,1210,1,directed
44,1211,1,directed
44,1249,1,directed
44,2232,1,directed
44,3204,1,directed
44,3619,1,directed
44,1212,1,directed
44,1213,1,directed
44,1214,1,directed
44,2522,1,directed
44,1215,1,directed
44,1216,1,directed
44,1217,1,directed
44,1192,1,directed
44,1218,1,directed
44,2376,1,directed
44,1219,1,directed
45,1220,1,directed
45,2203,1,directed
45,1221,1,directed
45,1222,1,directed
45,1223,1,directed
45,1224,1,directed
45,1225,1,directed
45,1226,1,directed
45,1227,1,directed
45,1011,1,directed
45,1228,1,directed
45,2213,1,directed
45,2886,1,directed
45,3198,1,directed
45,3577,1,directed
45,1229,1,directed
45,1230,1,directed
45,2385,1,directed
45,3607,1,directed
45,1231,1,directed
45,1232,1,directed
45,3323,1,directed
45,3433,1,directed
45,1233,1,directed
45,1234,1,directed
45,1078,1,directed
45,1235,1,directed
45,2150,1,directed
45,1236,1,directed
45,1237,1,directed
45,1238,1,directed
45,1239,1,directed
45,1240,1,directed
45,2151,1,directed
45,3043,1,directed
45,1241,1,directed
45,1242,1,directed
45,1243,1,directed
45,1244,1,directed
45,1245,1,directed
45,1246,1,directed
45,1045,1,directed
45,1247,1,directed
45,1641,1,directed
45,2399,1,directed
45,3202,1,directed
45,1248,1,directed
45,1211,1,directed
45,1249,1,directed
45,2232,1,directed
45,3204,1,directed
45,3619,1,directed
45,1250,1,directed
45,1251,1,directed
45,2367,1,directed
45,3207,1,directed
45,1252,1,directed
45,1253,1,directed
45,1254,1,directed
45,1255,1,directed
45,1256,1,directed
45,1257,1,directed
45,1258,1,directed
45,1259,1,directed
45,3214,1,directed
45,1260,1,directed
45,1261,1,directed
45,1262,1,directed
45,1263,1,directed
45,1264,1,directed
45,1265,1,directed
45,1266,1,directed
45,3374,1,directed
45,3454,1,directed
45,1062,1,directed
45,1092,1,directed
45,1196,1,directed
45,1267,1,directed
45,1321,1,directed
45,1693,1,directed
45,1973,1,directed
45,2252,1,directed
45,2452,1,directed
45,2934,1,directed
46,1268,1,directed
2186,1268,1,directed
2660,1268,1,directed
46,1269,1,directed
2186,1269,1,directed
2660,1269,1,directed
46,1270,1,directed
2186,1270,1,directed
2660,1270,1,directed
46,1271,1,directed
2186,1271,1,directed
2660,1271,1,directed
46,1272,1,directed
2186,1272,1,directed
2660,1272,1,directed
46,1273,1,directed
2186,1273,1,directed
2660,1273,1,directed
46,1274,1,directed
2186,1274,1,directed
2660,1274,1,directed
46,1275,1,directed
46,1857,1,directed
46,2455,1,directed
2186,1275,1,directed
2186,1857,1,directed
2186,2455,1,directed
2660,1275,1,directed
2660,1857,1,directed
2660,2455,1,directed
46,1276,1,directed
2186,1276,1,directed
2660,1276,1,directed
46,1277,1,directed
2186,1277,1,directed
2660,1277,1,directed
46,1278,1,directed
2186,1278,1,directed
2660,1278,1,directed
46,1279,1,directed
2186,1279,1,directed
2660,1279,1,directed
46,1280,1,directed
2186,1280,1,directed
2660,1280,1,directed
46,1281,1,directed
2186,1281,1,directed
2660,1281,1,directed
46,1282,1,directed
2186,1282,1,directed
2660,1282,1,directed
46,1283,1,directed
46,1447,1,directed
2186,1283,1,directed
2186,1447,1,directed
2660,1283,1,directed
2660,1447,1,directed
46,1284,1,directed
46,1829,1,directed
46,3256,1,directed
2186,1284,1,directed
2186,1829,1,directed
2186,3256,1,directed
2660,1284,1,directed
2660,1829,1,directed
2660,3256,1,directed
46,1285,1,directed
2186,1285,1,directed
2660,1285,1,directed
46,1286,1,directed
2186,1286,1,directed
2660,1286,1,directed
46,1287,1,directed
46,1538,1,directed
46,1831,1,directed
2186,1287,1,directed
2186,1538,1,directed
2186,1831,1,directed
2660,1287,1,directed
2660,1538,1,directed
2660,1831,1,directed
46,1288,1,directed
2186,1288,1,directed
2660,1288,1,directed
46,1289,1,directed
2186,1289,1,directed
2660,1289,1,directed
46,1290,1,directed
46,3259,1,directed
2186,1290,1,directed
2186,3259,1,directed
2660,1290,1,directed
2660,3259,1,directed
46,1291,1,directed
2186,1291,1,directed
2660,1291,1,directed
46,1292,1,directed
2186,1292,1,directed
2660,1292,1,directed
46,1293,1,directed
2186,1293,1,directed
2660,1293,1,directed
46,1294,1,directed
46,1835,1,directed
46,3263,1,directed
2186,1294,1,directed
2186,1835,1,directed
2186,3263,1,directed
2660,1294,1,directed
2660,1835,1,directed
2660,3263,1,directed
46,1295,1,directed
2186,1295,1,directed
2660,1295,1,directed
46,1296,1,directed
2186,1296,1,directed
2660,1296,1,directed
46,1297,1,directed
2186,1297,1,directed
2660,1297,1,directed
46,1298,1,directed
46,1836,1,directed
2186,1298,1,directed
2186,1836,1,directed
2660,1298,1,directed
2660,1836,1,directed
46,1299,1,directed
2186,1299,1,directed
2660,1299,1,directed
46,1300,1,directed
2186,1300,1,directed
2660,1300,1,directed
46,1301,1,directed
2186,1301,1,directed
2660,1301,1,directed
46,1302,1,directed
2186,1302,1,directed
2660,1302,1,directed
46,1303,1,directed
2186,1303,1,directed
2660,1303,1,directed
46,695,1,directed
46,1304,1,directed
2186,695,1,directed
2186,1304,1,directed
2660,695,1,directed
2660,1304,1,directed
46,942,1,directed
46,1305,1,directed
46,1495,1,directed
46,1518,1,directed
46,1555,1,directed
46,1713,1,directed
46,1818,1,directed
46,1885,1,directed
46,2091,1,directed
46,2184,1,directed
46,2275,1,directed
46,2769,1,directed
2186,942,1,directed
2186,1305,1,directed
2186,1495,1,directed
2186,1518,1,directed
2186,1555,1,directed
2186,1713,1,directed
2186,1818,1,directed
2186,1885,1,directed
2186,2091,1,directed
2186,2184,1,directed
2186,2275,1,directed
2186,2769,1,directed
2660,942,1,directed
2660,1305,1,directed
2660,1495,1,directed
2660,1518,1,directed
2660,1555,1,directed
2660,1713,1,directed
2660,1818,1,directed
2660,1885,1,directed
2660,2091,1,directed
2660,2184,1,directed
2660,2275,1,directed
2660,2769,1,directed
46,1306,1,directed
2186,1306,1,directed
2660,1306,1,directed
46,1307,1,directed
2186,1307,1,directed
2660,1307,1,directed
46,1308,1,directed
2186,1308,1,directed
2660,1308,1,directed
46,1309,1,directed
2186,1309,1,directed
2660,1309,1,directed
46,1310,1,directed
2186,1310,1,directed
2660,1310,1,directed
46,1311,1,directed
2186,1311,1,directed
2660,1311,1,directed
46,1312,1,directed
2186,1312,1,directed
2660,1312,1,directed
46,1313,1,directed
2186,1313,1,directed
2660,1313,1,directed
46,1314,1,directed
2186,1314,1,directed
2660,1314,1,directed
46,1315,1,directed
2186,1315,1,directed
2660,1315,1,directed
46,194,1,directed
46,308,1,directed
46,479,1,directed
46,738,1,directed
46,826,1,directed
46,1316,1,directed
46,1692,1,directed
46,2059,1,directed
46,2537,1,directed
2186,194,1,directed
2186,308,1,directed
2186,479,1,directed
2186,738,1,directed
2186,826,1,directed
2186,1316,1,directed
2186,1692,1,directed
2186,2059,1,directed
2186,2537,1,directed
2660,194,1,directed
2660,308,1,directed
2660,479,1,directed
2660,738,1,directed
2660,826,1,directed
2660,1316,1,directed
2660,1692,1,directed
2660,2059,1,directed
2660,2537,1,directed
46,1317,1,directed
2186,1317,1,directed
2660,1317,1,directed
46,1318,1,directed
2186,1318,1,directed
2660,1318,1,directed
46,1319,1,directed
2186,1319,1,directed
2660,1319,1,directed
46,739,1,directed
46,953,1,directed
46,1320,1,directed
46,1532,1,directed
46,1727,1,directed
46,1853,1,directed
46,2201,1,directed
46,2674,1,directed
46,3295,1,directed
2186,739,1,directed
2186,953,1,directed
2186,1320,1,directed
2186,1532,1,directed
2186,1727,1,directed
2186,1853,1,directed
2186,2201,1,directed
2186,2674,1,directed
2186,3295,1,directed
2660,739,1,directed
2660,953,1,directed
2660,1320,1,directed
2660,1532,1,directed
2660,1727,1,directed
2660,1853,1,directed
2660,2201,1,directed
2660,2674,1,directed
2660,3295,1,directed
46,1062,1,directed
46,1092,1,directed
46,1196,1,directed
46,1267,1,directed
46,1321,1,directed
46,1693,1,directed
46,1973,1,directed
46,2252,1,directed
46,2452,1,directed
46,2934,1,directed
2186,1062,1,directed
2186,1092,1,directed
2186,1196,1,directed
2186,1267,1,directed
2186,1321,1,directed
2186,1693,1,directed
2186,1973,1,directed
2186,2252,1,directed
2186,2452,1,directed
2186,2934,1,directed
2660,1062,1,directed
2660,1092,1,directed
2660,1196,1,directed
2660,1267,1,directed
2660,1321,1,directed
2660,1693,1,directed
2660,1973,1,directed
2660,2252,1,directed
2660,2452,1,directed
2660,2934,1,directed
47,1322,1,directed
47,1150,1,directed
47,1323,1,directed
47,2823,1,directed
47,921,1,directed
47,1324,1,directed
47,2204,1,directed
47,1325,1,directed
47,1326,1,directed
47,1327,1,directed
47,1328,1,directed
47,1329,1,directed
47,1330,1,directed
47,1331,1,directed
47,1332,1,directed
47,1171,1,directed
47,1333,1,directed
47,1334,1,directed
47,1174,1,directed
47,1335,1,directed
47,1336,1,directed
47,1337,1,directed
47,1338,1,directed
47,1339,1,directed
47,1340,1,directed
47,1341,1,directed
47,2852,1,directed
47,1342,1,directed
47,330,1,directed
47,1343,1,directed
47,2005,1,directed
47,2856,1,directed
47,332,1,directed
47,1344,1,directed
47,2006,1,directed
47,333,1,directed
47,1345,1,directed
47,2007,1,directed
47,334,1,directed
47,1346,1,directed
47,2860,1,directed
47,1347,1,directed
47,1348,1,directed
47,1349,1,directed
47,1194,1,directed
47,1350,1,directed
47,3429,1,directed
48,1351,1,directed
48,1352,1,directed
48,1617,1,directed
48,3190,1,directed
48,1353,1,directed
48,1354,1,directed
48,1355,1,directed
48,1356,1,directed
48,1776,1,directed
48,3196,1,directed
48,1357,1,directed
48,1358,1,directed
48,1359,1,directed
48,1360,1,directed
48,1361,1,directed
48,1362,1,directed
48,1363,1,directed
48,1364,1,directed
48,1365,1,directed
48,1366,1,directed
48,1367,1,directed
48,1368,1,directed
48,1369,1,directed
48,1370,1,directed
48,1371,1,directed
48,1372,1,directed
48,1373,1,directed
48,1374,1,directed
48,1375,1,directed
48,1376,1,directed
48,1377,1,directed
48,1378,1,directed
48,1379,1,directed
48,1380,1,directed
48,1381,1,directed
48,1382,1,directed
48,1383,1,directed
48,1384,1,directed
48,1385,1,directed
48,1386,1,directed
48,1387,1,directed
48,1388,1,directed
48,1389,1,directed
48,1390,1,directed
48,1391,1,directed
48,1392,1,directed
48,1393,1,directed
48,1394,1,directed
48,1395,1,directed
48,1396,1,directed
48,1397,1,directed
48,1398,1,directed
48,1049,1,directed
48,1399,1,directed
48,1646,1,directed
48,3206,1,directed
48,1400,1,directed
48,2917,1,directed
48,1401,1,directed
48,1402,1,directed
48,1403,1,directed
48,1404,1,directed
48,1651,1,directed
48,1405,1,directed
48,1406,1,directed
48,1407,1,directed
48,1408,1,directed
48,1409,1,directed
48,1410,1,directed
48,1411,1,directed
48,1412,1,directed
48,1413,1,directed
48,1414,1,directed
48,1415,1,directed
48,1416,1,directed
48,1417,1,directed
48,1418,1,directed
48,1419,1,directed
48,1420,1,directed
48,1421,1,directed
48,1422,1,directed
49,1423,1,directed
49,1424,1,directed
49,1425,1,directed
49,1426,1,directed
49,1427,1,directed
49,1428,1,directed
49,1429,1,directed
49,1430,1,directed
49,1431,1,directed
49,1432,1,directed
49,1433,1,directed
49,1434,1,directed
49,1435,1,directed
49,1436,1,directed
49,1437,1,directed
49,1438,1,directed
49,1439,1,directed
49,1440,1,directed
49,1441,1,directed
49,1442,1,directed
49,1443,1,directed
49,1444,1,directed
49,1445,1,directed
50,36,1,directed
50,832,1,directed
50,1446,1,directed
50,1470,1,directed
50,1489,1,directed
50,1509,1,directed
50,1536,1,directed
50,1697,1,directed
50,1808,1,directed
50,1858,1,directed
50,2069,1,directed
50,2170,1,directed
50,2258,1,directed
50,2644,1,directed
50,2751,1,directed
50,1283,1,directed
50,1447,1,directed
50,686,1,directed
50,1448,1,directed
50,1832,1,directed
50,2754,1,directed
50,1449,1,directed
50,1450,1,directed
50,1451,1,directed
50,1452,1,directed
50,1453,1,directed
50,1454,1,directed
50,1455,1,directed
50,1456,1,directed
50,1457,1,directed
50,1458,1,directed
50,1459,1,directed
50,701,1,directed
50,844,1,directed
50,1460,1,directed
50,1482,1,directed
50,1521,1,directed
50,1561,1,directed
50,2189,1,directed
50,2777,1,directed
50,3341,1,directed
50,3439,1,directed
50,1461,1,directed
50,707,1,directed
50,846,1,directed
50,1462,1,directed
50,1484,1,directed
50,2194,1,directed
50,2487,1,directed
50,3442,1,directed
50,1463,1,directed
50,1464,1,directed
50,736,1,directed
50,847,1,directed
50,1465,1,directed
50,1485,1,directed
50,1850,1,directed
50,1466,1,directed
52,919,1,directed
52,1487,1,directed
52,1506,1,directed
52,1533,1,directed
52,1694,1,directed
52,1805,1,directed
52,1854,1,directed
52,2064,1,directed
52,2168,1,directed
52,2253,1,directed
52,2642,1,directed
52,2747,1,directed
1722,919,1,directed
1722,1487,1,directed
1722,1506,1,directed
1722,1533,1,directed
1722,1694,1,directed
1722,1805,1,directed
1722,1854,1,directed
1722,2064,1,directed
1722,2168,1,directed
1722,2253,1,directed
1722,2642,1,directed
1722,2747,1,directed
2197,919,1,directed
2197,1487,1,directed
2197,1506,1,directed
2197,1533,1,directed
2197,1694,1,directed
2197,1805,1,directed
2197,1854,1,directed
2197,2064,1,directed
2197,2168,1,directed
2197,2253,1,directed
2197,2642,1,directed
2197,2747,1,directed
2785,919,1,directed
2785,1487,1,directed
2785,1506,1,directed
2785,1533,1,directed
2785,1694,1,directed
2785,1805,1,directed
2785,1854,1,directed
2785,2064,1,directed
2785,2168,1,directed
2785,2253,1,directed
2785,2642,1,directed
2785,2747,1,directed
52,1488,1,directed
52,1696,1,directed
1722,1488,1,directed
1722,1696,1,directed
2197,1488,1,directed
2197,1696,1,directed
2785,1488,1,directed
2785,1696,1,directed
52,36,1,directed
52,832,1,directed
52,1446,1,directed
52,1470,1,directed
52,1489,1,directed
52,1509,1,directed
52,1536,1,directed
52,1697,1,directed
52,1808,1,directed
52,1858,1,directed
52,2069,1,directed
52,2170,1,directed
52,2258,1,directed
52,2644,1,directed
52,2751,1,directed
1722,36,1,directed
1722,832,1,directed
1722,1446,1,directed
1722,1470,1,directed
1722,1489,1,directed
1722,1509,1,directed
1722,1536,1,directed
1722,1697,1,directed
1722,1808,1,directed
1722,1858,1,directed
1722,2069,1,directed
1722,2170,1,directed
1722,2258,1,directed
1722,2644,1,directed
1722,2751,1,directed
2197,36,1,directed
2197,832,1,directed
2197,1446,1,directed
2197,1470,1,directed
2197,1489,1,directed
2197,1509,1,directed
2197,1536,1,directed
2197,1697,1,directed
2197,1808,1,directed
2197,1858,1,directed
2197,2069,1,directed
2197,2170,1,directed
2197,2258,1,directed
2197,2644,1,directed
2197,2751,1,directed
2785,36,1,directed
2785,832,1,directed
2785,1446,1,directed
2785,1470,1,directed
2785,1489,1,directed
2785,1509,1,directed
2785,1536,1,directed
2785,1697,1,directed
2785,1808,1,directed
2785,1858,1,directed
2785,2069,1,directed
2785,2170,1,directed
2785,2258,1,directed
2785,2644,1,directed
2785,2751,1,directed
52,924,1,directed
52,1490,1,directed
52,1511,1,directed
52,1539,1,directed
52,1702,1,directed
52,1810,1,directed
52,1865,1,directed
52,2075,1,directed
52,2171,1,directed
52,2262,1,directed
52,2648,1,directed
52,2755,1,directed
1722,924,1,directed
1722,1490,1,directed
1722,1511,1,directed
1722,1539,1,directed
1722,1702,1,directed
1722,1810,1,directed
1722,1865,1,directed
1722,2075,1,directed
1722,2171,1,directed
1722,2262,1,directed
1722,2648,1,directed
1722,2755,1,directed
2197,924,1,directed
2197,1490,1,directed
2197,1511,1,directed
2197,1539,1,directed
2197,1702,1,directed
2197,1810,1,directed
2197,1865,1,directed
2197,2075,1,directed
2197,2171,1,directed
2197,2262,1,directed
2197,2648,1,directed
2197,2755,1,directed
2785,924,1,directed
2785,1490,1,directed
2785,1511,1,directed
2785,1539,1,directed
2785,1702,1,directed
2785,1810,1,directed
2785,1865,1,directed
2785,2075,1,directed
2785,2171,1,directed
2785,2262,1,directed
2785,2648,1,directed
2785,2755,1,directed
52,1491,1,directed
52,1546,1,directed
1722,1491,1,directed
1722,1546,1,directed
2197,1491,1,directed
2197,1546,1,directed
2785,1491,1,directed
2785,1546,1,directed
52,935,1,directed
52,1492,1,directed
52,2176,1,directed
1722,935,1,directed
1722,1492,1,directed
1722,2176,1,directed
2197,935,1,directed
2197,1492,1,directed
2197,2176,1,directed
2785,935,1,directed
2785,1492,1,directed
2785,2176,1,directed
52,938,1,directed
52,1493,1,directed
52,1549,1,directed
52,2084,1,directed
52,2179,1,directed
52,2270,1,directed
52,2655,1,directed
1722,938,1,directed
1722,1493,1,directed
1722,1549,1,directed
1722,2084,1,directed
1722,2179,1,directed
1722,2270,1,directed
1722,2655,1,directed
2197,938,1,directed
2197,1493,1,directed
2197,1549,1,directed
2197,2084,1,directed
2197,2179,1,directed
2197,2270,1,directed
2197,2655,1,directed
2785,938,1,directed
2785,1493,1,directed
2785,1549,1,directed
2785,2084,1,directed
2785,2179,1,directed
2785,2270,1,directed
2785,2655,1,directed
52,1494,1,directed
1722,1494,1,directed
2197,1494,1,directed
2785,1494,1,directed
52,942,1,directed
52,1305,1,directed
52,1495,1,directed
52,1518,1,directed
52,1555,1,directed
52,1713,1,directed
52,1818,1,directed
52,1885,1,directed
52,2091,1,directed
52,2184,1,directed
52,2275,1,directed
52,2769,1,directed
1722,942,1,directed
1722,1305,1,directed
1722,1495,1,directed
1722,1518,1,directed
1722,1555,1,directed
1722,1713,1,directed
1722,1818,1,directed
1722,1885,1,directed
1722,2091,1,directed
1722,2184,1,directed
1722,2275,1,directed
1722,2769,1,directed
2197,942,1,directed
2197,1305,1,directed
2197,1495,1,directed
2197,1518,1,directed
2197,1555,1,directed
2197,1713,1,directed
2197,1818,1,directed
2197,1885,1,directed
2197,2091,1,directed
2197,2184,1,directed
2197,2275,1,directed
2197,2769,1,directed
2785,942,1,directed
2785,1305,1,directed
2785,1495,1,directed
2785,1518,1,directed
2785,1555,1,directed
2785,1713,1,directed
2785,1818,1,directed
2785,1885,1,directed
2785,2091,1,directed
2785,2184,1,directed
2785,2275,1,directed
2785,2769,1,directed
52,943,1,directed
52,1496,1,directed
52,1520,1,directed
52,1558,1,directed
52,1715,1,directed
52,1819,1,directed
52,2093,1,directed
52,2187,1,directed
52,2278,1,directed
52,2773,1,directed
1722,943,1,directed
1722,1496,1,directed
1722,1520,1,directed
1722,1558,1,directed
1722,1715,1,directed
1722,1819,1,directed
1722,2093,1,directed
1722,2187,1,directed
1722,2278,1,directed
1722,2773,1,directed
2197,943,1,directed
2197,1496,1,directed
2197,1520,1,directed
2197,1558,1,directed
2197,1715,1,directed
2197,1819,1,directed
2197,2093,1,directed
2197,2187,1,directed
2197,2278,1,directed
2197,2773,1,directed
2785,943,1,directed
2785,1496,1,directed
2785,1520,1,directed
2785,1558,1,directed
2785,1715,1,directed
2785,1819,1,directed
2785,2093,1,directed
2785,2187,1,directed
2785,2278,1,directed
2785,2773,1,directed
52,845,1,directed
52,1483,1,directed
52,1497,1,directed
52,2191,1,directed
52,3271,1,directed
1722,845,1,directed
1722,1483,1,directed
1722,1497,1,directed
1722,2191,1,directed
1722,3271,1,directed
2197,845,1,directed
2197,1483,1,directed
2197,1497,1,directed
2197,2191,1,directed
2197,3271,1,directed
2785,845,1,directed
2785,1483,1,directed
2785,1497,1,directed
2785,2191,1,directed
2785,3271,1,directed
52,706,1,directed
52,1498,1,directed
52,2281,1,directed
1722,706,1,directed
1722,1498,1,directed
1722,2281,1,directed
2197,706,1,directed
2197,1498,1,directed
2197,2281,1,directed
2785,706,1,directed
2785,1498,1,directed
2785,2281,1,directed
52,946,1,directed
52,1499,1,directed
52,1571,1,directed
52,1720,1,directed
52,2196,1,directed
52,2282,1,directed
52,2664,1,directed
52,2783,1,directed
1722,946,1,directed
1722,1499,1,directed
1722,1571,1,directed
1722,1720,1,directed
1722,2196,1,directed
1722,2282,1,directed
1722,2664,1,directed
1722,2783,1,directed
2197,946,1,directed
2197,1499,1,directed
2197,1571,1,directed
2197,1720,1,directed
2197,2196,1,directed
2197,2282,1,directed
2197,2664,1,directed
2197,2783,1,directed
2785,946,1,directed
2785,1499,1,directed
2785,1571,1,directed
2785,1720,1,directed
2785,2196,1,directed
2785,2282,1,directed
2785,2664,1,directed
2785,2783,1,directed
52,71,1,directed
52,1500,1,directed
52,1572,1,directed
52,1721,1,directed
52,1821,1,directed
52,1895,1,directed
52,2666,1,directed
1722,71,1,directed
1722,1500,1,directed
1722,1572,1,directed
1722,1721,1,directed
1722,1821,1,directed
1722,1895,1,directed
1722,2666,1,directed
2197,71,1,directed
2197,1500,1,directed
2197,1572,1,directed
2197,1721,1,directed
2197,1821,1,directed
2197,1895,1,directed
2197,2666,1,directed
2785,71,1,directed
2785,1500,1,directed
2785,1572,1,directed
2785,1721,1,directed
2785,1821,1,directed
2785,1895,1,directed
2785,2666,1,directed
52,58,1,directed
52,1501,1,directed
52,2667,1,directed
1722,58,1,directed
1722,1501,1,directed
1722,2667,1,directed
2197,58,1,directed
2197,1501,1,directed
2197,2667,1,directed
2785,58,1,directed
2785,1501,1,directed
2785,2667,1,directed
52,1502,1,directed
52,1527,1,directed
52,1577,1,directed
52,1723,1,directed
52,1822,1,directed
52,2198,1,directed
52,2283,1,directed
52,2668,1,directed
1722,1502,1,directed
1722,1527,1,directed
1722,1577,1,directed
1722,1723,1,directed
1722,1822,1,directed
1722,2198,1,directed
1722,2283,1,directed
1722,2668,1,directed
2197,1502,1,directed
2197,1527,1,directed
2197,1577,1,directed
2197,1723,1,directed
2197,1822,1,directed
2197,2198,1,directed
2197,2283,1,directed
2197,2668,1,directed
2785,1502,1,directed
2785,1527,1,directed
2785,1577,1,directed
2785,1723,1,directed
2785,1822,1,directed
2785,2198,1,directed
2785,2283,1,directed
2785,2668,1,directed
52,54,1,directed
52,727,1,directed
52,1503,1,directed
52,1529,1,directed
52,1824,1,directed
52,1896,1,directed
52,2200,1,directed
52,2670,1,directed
52,2788,1,directed
52,3283,1,directed
1722,54,1,directed
1722,727,1,directed
1722,1503,1,directed
1722,1529,1,directed
1722,1824,1,directed
1722,1896,1,directed
1722,2200,1,directed
1722,2670,1,directed
1722,2788,1,directed
1722,3283,1,directed
2197,54,1,directed
2197,727,1,directed
2197,1503,1,directed
2197,1529,1,directed
2197,1824,1,directed
2197,1896,1,directed
2197,2200,1,directed
2197,2670,1,directed
2197,2788,1,directed
2197,3283,1,directed
2785,54,1,directed
2785,727,1,directed
2785,1503,1,directed
2785,1529,1,directed
2785,1824,1,directed
2785,1896,1,directed
2785,2200,1,directed
2785,2670,1,directed
2785,2788,1,directed
2785,3283,1,directed
52,1504,1,directed
52,1582,1,directed
1722,1504,1,directed
1722,1582,1,directed
2197,1504,1,directed
2197,1582,1,directed
2785,1504,1,directed
2785,1582,1,directed
52,1505,1,directed
52,1725,1,directed
1722,1505,1,directed
1722,1725,1,directed
2197,1505,1,directed
2197,1725,1,directed
2785,1505,1,directed
2785,1725,1,directed
53,919,1,directed
53,1487,1,directed
53,1506,1,directed
53,1533,1,directed
53,1694,1,directed
53,1805,1,directed
53,1854,1,directed
53,2064,1,directed
53,2168,1,directed
53,2253,1,directed
53,2642,1,directed
53,2747,1,directed
1573,919,1,directed
1573,1487,1,directed
1573,1506,1,directed
1573,1533,1,directed
1573,1694,1,directed
1573,1805,1,directed
1573,1854,1,directed
1573,2064,1,directed
1573,2168,1,directed
1573,2253,1,directed
1573,2642,1,directed
1573,2747,1,directed
53,1507,1,directed
1573,1507,1,directed
53,1508,1,directed
53,2257,1,directed
1573,1508,1,directed
1573,2257,1,directed
53,36,1,directed
53,832,1,directed
53,1446,1,directed
53,1470,1,directed
53,1489,1,directed
53,1509,1,directed
53,1536,1,directed
53,1697,1,directed
53,1808,1,directed
53,1858,1,directed
53,2069,1,directed
53,2170,1,directed
53,2258,1,directed
53,2644,1,directed
53,2751,1,directed
1573,36,1,directed
1573,832,1,directed
1573,1446,1,directed
1573,1470,1,directed
1573,1489,1,directed
1573,1509,1,directed
1573,1536,1,directed
1573,1697,1,directed
1573,1808,1,directed
1573,1858,1,directed
1573,2069,1,directed
1573,2170,1,directed
1573,2258,1,directed
1573,2644,1,directed
1573,2751,1,directed
53,1510,1,directed
1573,1510,1,directed
53,924,1,directed
53,1490,1,directed
53,1511,1,directed
53,1539,1,directed
53,1702,1,directed
53,1810,1,directed
53,1865,1,directed
53,2075,1,directed
53,2171,1,directed
53,2262,1,directed
53,2648,1,directed
53,2755,1,directed
1573,924,1,directed
1573,1490,1,directed
1573,1511,1,directed
1573,1539,1,directed
1573,1702,1,directed
1573,1810,1,directed
1573,1865,1,directed
1573,2075,1,directed
1573,2171,1,directed
1573,2262,1,directed
1573,2648,1,directed
1573,2755,1,directed
53,1512,1,directed
53,1540,1,directed
1573,1512,1,directed
1573,1540,1,directed
53,1513,1,directed
53,1544,1,directed
53,1813,1,directed
1573,1513,1,directed
1573,1544,1,directed
1573,1813,1,directed
53,1514,1,directed
1573,1514,1,directed
53,1515,1,directed
1573,1515,1,directed
53,1516,1,directed
1573,1516,1,directed
53,940,1,directed
53,1517,1,directed
53,1553,1,directed
53,1711,1,directed
53,1817,1,directed
53,1884,1,directed
53,2088,1,directed
53,2182,1,directed
53,2274,1,directed
53,2658,1,directed
1573,940,1,directed
1573,1517,1,directed
1573,1553,1,directed
1573,1711,1,directed
1573,1817,1,directed
1573,1884,1,directed
1573,2088,1,directed
1573,2182,1,directed
1573,2274,1,directed
1573,2658,1,directed
53,942,1,directed
53,1305,1,directed
53,1495,1,directed
53,1518,1,directed
53,1555,1,directed
53,1713,1,directed
53,1818,1,directed
53,1885,1,directed
53,2091,1,directed
53,2184,1,directed
53,2275,1,directed
53,2769,1,directed
1573,942,1,directed
1573,1305,1,directed
1573,1495,1,directed
1573,1518,1,directed
1573,1555,1,directed
1573,1713,1,directed
1573,1818,1,directed
1573,1885,1,directed
1573,2091,1,directed
1573,2184,1,directed
1573,2275,1,directed
1573,2769,1,directed
53,1519,1,directed
53,3269,1,directed
1573,1519,1,directed
1573,3269,1,directed
53,943,1,directed
53,1496,1,directed
53,1520,1,directed
53,1558,1,directed
53,1715,1,directed
53,1819,1,directed
53,2093,1,directed
53,2187,1,directed
53,2278,1,directed
53,2773,1,directed
1573,943,1,directed
1573,1496,1,directed
1573,1520,1,directed
1573,1558,1,directed
1573,1715,1,directed
1573,1819,1,directed
1573,2093,1,directed
1573,2187,1,directed
1573,2278,1,directed
1573,2773,1,directed
53,701,1,directed
53,844,1,directed
53,1460,1,directed
53,1482,1,directed
53,1521,1,directed
53,1561,1,directed
53,2189,1,directed
53,2777,1,directed
53,3341,1,directed
53,3439,1,directed
1573,701,1,directed
1573,844,1,directed
1573,1460,1,directed
1573,1482,1,directed
1573,1521,1,directed
1573,1561,1,directed
1573,2189,1,directed
1573,2777,1,directed
1573,3341,1,directed
1573,3439,1,directed
53,1522,1,directed
53,1563,1,directed
1573,1522,1,directed
1573,1563,1,directed
53,1523,1,directed
53,2489,1,directed
1573,1523,1,directed
1573,2489,1,directed
53,1524,1,directed
1573,1524,1,directed
53,1525,1,directed
53,1567,1,directed
1573,1525,1,directed
1573,1567,1,directed
53,1526,1,directed
1573,1526,1,directed
53,1502,1,directed
53,1527,1,directed
53,1577,1,directed
53,1723,1,directed
53,1822,1,directed
53,2198,1,directed
53,2283,1,directed
53,2668,1,directed
1573,1502,1,directed
1573,1527,1,directed
1573,1577,1,directed
1573,1723,1,directed
1573,1822,1,directed
1573,2198,1,directed
1573,2283,1,directed
1573,2668,1,directed
53,726,1,directed
53,1528,1,directed
53,1578,1,directed
53,1724,1,directed
53,1823,1,directed
53,2199,1,directed
53,2669,1,directed
53,2786,1,directed
53,3353,1,directed
1573,726,1,directed
1573,1528,1,directed
1573,1578,1,directed
1573,1724,1,directed
1573,1823,1,directed
1573,2199,1,directed
1573,2669,1,directed
1573,2786,1,directed
1573,3353,1,directed
53,54,1,directed
53,727,1,directed
53,1503,1,directed
53,1529,1,directed
53,1824,1,directed
53,1896,1,directed
53,2200,1,directed
53,2670,1,directed
53,2788,1,directed
53,3283,1,directed
1573,54,1,directed
1573,727,1,directed
1573,1503,1,directed
1573,1529,1,directed
1573,1824,1,directed
1573,1896,1,directed
1573,2200,1,directed
1573,2670,1,directed
1573,2788,1,directed
1573,3283,1,directed
53,1530,1,directed
53,1580,1,directed
1573,1530,1,directed
1573,1580,1,directed
53,1531,1,directed
53,1581,1,directed
1573,1531,1,directed
1573,1581,1,directed
53,739,1,directed
53,953,1,directed
53,1320,1,directed
53,1532,1,directed
53,1727,1,directed
53,1853,1,directed
53,2201,1,directed
53,2674,1,directed
53,3295,1,directed
1573,739,1,directed
1573,953,1,directed
1573,1320,1,directed
1573,1532,1,directed
1573,1727,1,directed
1573,1853,1,directed
1573,2201,1,directed
1573,2674,1,directed
1573,3295,1,directed
54,919,1,directed
54,1487,1,directed
54,1506,1,directed
54,1533,1,directed
54,1694,1,directed
54,1805,1,directed
54,1854,1,directed
54,2064,1,directed
54,2168,1,directed
54,2253,1,directed
54,2642,1,directed
54,2747,1,directed
727,919,1,directed
727,1487,1,directed
727,1506,1,directed
727,1533,1,directed
727,1694,1,directed
727,1805,1,directed
727,1854,1,directed
727,2064,1,directed
727,2168,1,directed
727,2253,1,directed
727,2642,1,directed
727,2747,1,directed
1503,919,1,directed
1503,1487,1,directed
1503,1506,1,directed
1503,1533,1,directed
1503,1694,1,directed
1503,1805,1,directed
1503,1854,1,directed
1503,2064,1,directed
1503,2168,1,directed
1503,2253,1,directed
1503,2642,1,directed
1503,2747,1,directed
1529,919,1,directed
1529,1487,1,directed
1529,1506,1,directed
1529,1533,1,directed
1529,1694,1,directed
1529,1805,1,directed
1529,1854,1,directed
1529,2064,1,directed
1529,2168,1,directed
1529,2253,1,directed
1529,2642,1,directed
1529,2747,1,directed
1824,919,1,directed
1824,1487,1,directed
1824,1506,1,directed
1824,1533,1,directed
1824,1694,1,directed
1824,1805,1,directed
1824,1854,1,directed
1824,2064,1,directed
1824,2168,1,directed
1824,2253,1,directed
1824,2642,1,directed
1824,2747,1,directed
1896,919,1,directed
1896,1487,1,directed
1896,1506,1,directed
1896,1533,1,directed
1896,1694,1,directed
1896,1805,1,directed
1896,1854,1,directed
1896,2064,1,directed
1896,2168,1,directed
1896,2253,1,directed
1896,2642,1,directed
1896,2747,1,directed
2200,919,1,directed
2200,1487,1,directed
2200,1506,1,directed
2200,1533,1,directed
2200,1694,1,directed
2200,1805,1,directed
2200,1854,1,directed
2200,2064,1,directed
2200,2168,1,directed
2200,2253,1,directed
2200,2642,1,directed
2200,2747,1,directed
2670,919,1,directed
2670,1487,1,directed
2670,1506,1,directed
2670,1533,1,directed
2670,1694,1,directed
2670,1805,1,directed
2670,1854,1,directed
2670,2064,1,directed
2670,2168,1,directed
2670,2253,1,directed
2670,2642,1,directed
2670,2747,1,directed
2788,919,1,directed
2788,1487,1,directed
2788,1506,1,directed
2788,1533,1,directed
2788,1694,1,directed
2788,1805,1,directed
2788,1854,1,directed
2788,2064,1,directed
2788,2168,1,directed
2788,2253,1,directed
2788,2642,1,directed
2788,2747,1,directed
3283,919,1,directed
3283,1487,1,directed
3283,1506,1,directed
3283,1533,1,directed
3283,1694,1,directed
3283,1805,1,directed
3283,1854,1,directed
3283,2064,1,directed
3283,2168,1,directed
3283,2253,1,directed
3283,2642,1,directed
3283,2747,1,directed
54,920,1,directed
54,1534,1,directed
54,2254,1,directed
54,2501,1,directed
727,920,1,directed
727,1534,1,directed
727,2254,1,directed
727,2501,1,directed
1503,920,1,directed
1503,1534,1,directed
1503,2254,1,directed
1503,2501,1,directed
1529,920,1,directed
1529,1534,1,directed
1529,2254,1,directed
1529,2501,1,directed
1824,920,1,directed
1824,1534,1,directed
1824,2254,1,directed
1824,2501,1,directed
1896,920,1,directed
1896,1534,1,directed
1896,2254,1,directed
1896,2501,1,directed
2200,920,1,directed
2200,1534,1,directed
2200,2254,1,directed
2200,2501,1,directed
2670,920,1,directed
2670,1534,1,directed
2670,2254,1,directed
2670,2501,1,directed
2788,920,1,directed
2788,1534,1,directed
2788,2254,1,directed
2788,2501,1,directed
3283,920,1,directed
3283,1534,1,directed
3283,2254,1,directed
3283,2501,1,directed
54,1535,1,directed
54,2065,1,directed
54,2255,1,directed
727,1535,1,directed
727,2065,1,directed
727,2255,1,directed
1503,1535,1,directed
1503,2065,1,directed
1503,2255,1,directed
1529,1535,1,directed
1529,2065,1,directed
1529,2255,1,directed
1824,1535,1,directed
1824,2065,1,directed
1824,2255,1,directed
1896,1535,1,directed
1896,2065,1,directed
1896,2255,1,directed
2200,1535,1,directed
2200,2065,1,directed
2200,2255,1,directed
2670,1535,1,directed
2670,2065,1,directed
2670,2255,1,directed
2788,1535,1,directed
2788,2065,1,directed
2788,2255,1,directed
3283,1535,1,directed
3283,2065,1,directed
3283,2255,1,directed
54,36,1,directed
54,832,1,directed
54,1446,1,directed
54,1470,1,directed
54,1489,1,directed
54,1509,1,directed
54,1536,1,directed
54,1697,1,directed
54,1808,1,directed
54,1858,1,directed
54,2069,1,directed
54,2170,1,directed
54,2258,1,directed
54,2644,1,directed
54,2751,1,directed
727,36,1,directed
727,832,1,directed
727,1446,1,directed
727,1470,1,directed
727,1489,1,directed
727,1509,1,directed
727,1536,1,directed
727,1697,1,directed
727,1808,1,directed
727,1858,1,directed
727,2069,1,directed
727,2170,1,directed
727,2258,1,directed
727,2644,1,directed
727,2751,1,directed
1503,36,1,directed
1503,832,1,directed
1503,1446,1,directed
1503,1470,1,directed
1503,1489,1,directed
1503,1509,1,directed
1503,1536,1,directed
1503,1697,1,directed
1503,1808,1,directed
1503,1858,1,directed
1503,2069,1,directed
1503,2170,1,directed
1503,2258,1,directed
1503,2644,1,directed
1503,2751,1,directed
1529,36,1,directed
1529,832,1,directed
1529,1446,1,directed
1529,1470,1,directed
1529,1489,1,directed
1529,1509,1,directed
1529,1536,1,directed
1529,1697,1,directed
1529,1808,1,directed
1529,1858,1,directed
1529,2069,1,directed
1529,2170,1,directed
1529,2258,1,directed
1529,2644,1,directed
1529,2751,1,directed
1824,36,1,directed
1824,832,1,directed
1824,1446,1,directed
1824,1470,1,directed
1824,1489,1,directed
1824,1509,1,directed
1824,1536,1,directed
1824,1697,1,directed
1824,1808,1,directed
1824,1858,1,directed
1824,2069,1,directed
1824,2170,1,directed
1824,2258,1,directed
1824,2644,1,directed
1824,2751,1,directed
1896,36,1,directed
1896,832,1,directed
1896,1446,1,directed
1896,1470,1,directed
1896,1489,1,directed
1896,1509,1,directed
1896,1536,1,directed
1896,1697,1,directed
1896,1808,1,directed
1896,1858,1,directed
1896,2069,1,directed
1896,2170,1,directed
1896,2258,1,directed
1896,2644,1,directed
1896,2751,1,directed
2200,36,1,directed
2200,832,1,directed
2200,1446,1,directed
2200,1470,1,directed
2200,1489,1,directed
2200,1509,1,directed
2200,1536,1,directed
2200,1697,1,directed
2200,1808,1,directed
2200,1858,1,directed
2200,2069,1,directed
2200,2170,1,directed
2200,2258,1,directed
2200,2644,1,directed
2200,2751,1,directed
2670,36,1,directed
2670,832,1,directed
2670,1446,1,directed
2670,1470,1,directed
2670,1489,1,directed
2670,1509,1,directed
2670,1536,1,directed
2670,1697,1,directed
2670,1808,1,directed
2670,1858,1,directed
2670,2069,1,directed
2670,2170,1,directed
2670,2258,1,directed
2670,2644,1,directed
2670,2751,1,directed
2788,36,1,directed
2788,832,1,directed
2788,1446,1,directed
2788,1470,1,directed
2788,1489,1,directed
2788,1509,1,directed
2788,1536,1,directed
2788,1697,1,directed
2788,1808,1,directed
2788,1858,1,directed
2788,2069,1,directed
2788,2170,1,directed
2788,2258,1,directed
2788,2644,1,directed
2788,2751,1,directed
3283,36,1,directed
3283,832,1,directed
3283,1446,1,directed
3283,1470,1,directed
3283,1489,1,directed
3283,1509,1,directed
3283,1536,1,directed
3283,1697,1,directed
3283,1808,1,directed
3283,1858,1,directed
3283,2069,1,directed
3283,2170,1,directed
3283,2258,1,directed
3283,2644,1,directed
3283,2751,1,directed
54,1537,1,directed
727,1537,1,directed
1503,1537,1,directed
1529,1537,1,directed
1824,1537,1,directed
1896,1537,1,directed
2200,1537,1,directed
2670,1537,1,directed
2788,1537,1,directed
3283,1537,1,directed
54,1287,1,directed
54,1538,1,directed
54,1831,1,directed
727,1287,1,directed
727,1538,1,directed
727,1831,1,directed
1503,1287,1,directed
1503,1538,1,directed
1503,1831,1,directed
1529,1287,1,directed
1529,1538,1,directed
1529,1831,1,directed
1824,1287,1,directed
1824,1538,1,directed
1824,1831,1,directed
1896,1287,1,directed
1896,1538,1,directed
1896,1831,1,directed
2200,1287,1,directed
2200,1538,1,directed
2200,1831,1,directed
2670,1287,1,directed
2670,1538,1,directed
2670,1831,1,directed
2788,1287,1,directed
2788,1538,1,directed
2788,1831,1,directed
3283,1287,1,directed
3283,1538,1,directed
3283,1831,1,directed
54,924,1,directed
54,1490,1,directed
54,1511,1,directed
54,1539,1,directed
54,1702,1,directed
54,1810,1,directed
54,1865,1,directed
54,2075,1,directed
54,2171,1,directed
54,2262,1,directed
54,2648,1,directed
54,2755,1,directed
727,924,1,directed
727,1490,1,directed
727,1511,1,directed
727,1539,1,directed
727,1702,1,directed
727,1810,1,directed
727,1865,1,directed
727,2075,1,directed
727,2171,1,directed
727,2262,1,directed
727,2648,1,directed
727,2755,1,directed
1503,924,1,directed
1503,1490,1,directed
1503,1511,1,directed
1503,1539,1,directed
1503,1702,1,directed
1503,1810,1,directed
1503,1865,1,directed
1503,2075,1,directed
1503,2171,1,directed
1503,2262,1,directed
1503,2648,1,directed
1503,2755,1,directed
1529,924,1,directed
1529,1490,1,directed
1529,1511,1,directed
1529,1539,1,directed
1529,1702,1,directed
1529,1810,1,directed
1529,1865,1,directed
1529,2075,1,directed
1529,2171,1,directed
1529,2262,1,directed
1529,2648,1,directed
1529,2755,1,directed
1824,924,1,directed
1824,1490,1,directed
1824,1511,1,directed
1824,1539,1,directed
1824,1702,1,directed
1824,1810,1,directed
1824,1865,1,directed
1824,2075,1,directed
1824,2171,1,directed
1824,2262,1,directed
1824,2648,1,directed
1824,2755,1,directed
1896,924,1,directed
1896,1490,1,directed
1896,1511,1,directed
1896,1539,1,directed
1896,1702,1,directed
1896,1810,1,directed
1896,1865,1,directed
1896,2075,1,directed
1896,2171,1,directed
1896,2262,1,directed
1896,2648,1,directed
1896,2755,1,directed
2200,924,1,directed
2200,1490,1,directed
2200,1511,1,directed
2200,1539,1,directed
2200,1702,1,directed
2200,1810,1,directed
2200,1865,1,directed
2200,2075,1,directed
2200,2171,1,directed
2200,2262,1,directed
2200,2648,1,directed
2200,2755,1,directed
2670,924,1,directed
2670,1490,1,directed
2670,1511,1,directed
2670,1539,1,directed
2670,1702,1,directed
2670,1810,1,directed
2670,1865,1,directed
2670,2075,1,directed
2670,2171,1,directed
2670,2262,1,directed
2670,2648,1,directed
2670,2755,1,directed
2788,924,1,directed
2788,1490,1,directed
2788,1511,1,directed
2788,1539,1,directed
2788,1702,1,directed
2788,1810,1,directed
2788,1865,1,directed
2788,2075,1,directed
2788,2171,1,directed
2788,2262,1,directed
2788,2648,1,directed
2788,2755,1,directed
3283,924,1,directed
3283,1490,1,directed
3283,1511,1,directed
3283,1539,1,directed
3283,1702,1,directed
3283,1810,1,directed
3283,1865,1,directed
3283,2075,1,directed
3283,2171,1,directed
3283,2262,1,directed
3283,2648,1,directed
3283,2755,1,directed
54,1512,1,directed
54,1540,1,directed
727,1512,1,directed
727,1540,1,directed
1503,1512,1,directed
1503,1540,1,directed
1529,1512,1,directed
1529,1540,1,directed
1824,1512,1,directed
1824,1540,1,directed
1896,1512,1,directed
1896,1540,1,directed
2200,1512,1,directed
2200,1540,1,directed
2670,1512,1,directed
2670,1540,1,directed
2788,1512,1,directed
2788,1540,1,directed
3283,1512,1,directed
3283,1540,1,directed
54,1541,1,directed
54,2263,1,directed
727,1541,1,directed
727,2263,1,directed
1503,1541,1,directed
1503,2263,1,directed
1529,1541,1,directed
1529,2263,1,directed
1824,1541,1,directed
1824,2263,1,directed
1896,1541,1,directed
1896,2263,1,directed
2200,1541,1,directed
2200,2263,1,directed
2670,1541,1,directed
2670,2263,1,directed
2788,1541,1,directed
2788,2263,1,directed
3283,1541,1,directed
3283,2263,1,directed
54,445,1,directed
54,926,1,directed
54,1542,1,directed
54,1812,1,directed
727,445,1,directed
727,926,1,directed
727,1542,1,directed
727,1812,1,directed
1503,445,1,directed
1503,926,1,directed
1503,1542,1,directed
1503,1812,1,directed
1529,445,1,directed
1529,926,1,directed
1529,1542,1,directed
1529,1812,1,directed
1824,445,1,directed
1824,926,1,directed
1824,1542,1,directed
1824,1812,1,directed
1896,445,1,directed
1896,926,1,directed
1896,1542,1,directed
1896,1812,1,directed
2200,445,1,directed
2200,926,1,directed
2200,1542,1,directed
2200,1812,1,directed
2670,445,1,directed
2670,926,1,directed
2670,1542,1,directed
2670,1812,1,directed
2788,445,1,directed
2788,926,1,directed
2788,1542,1,directed
2788,1812,1,directed
3283,445,1,directed
3283,926,1,directed
3283,1542,1,directed
3283,1812,1,directed
54,928,1,directed
54,1543,1,directed
54,2264,1,directed
54,2465,1,directed
54,2512,1,directed
727,928,1,directed
727,1543,1,directed
727,2264,1,directed
727,2465,1,directed
727,2512,1,directed
1503,928,1,directed
1503,1543,1,directed
1503,2264,1,directed
1503,2465,1,directed
1503,2512,1,directed
1529,928,1,directed
1529,1543,1,directed
1529,2264,1,directed
1529,2465,1,directed
1529,2512,1,directed
1824,928,1,directed
1824,1543,1,directed
1824,2264,1,directed
1824,2465,1,directed
1824,2512,1,directed
1896,928,1,directed
1896,1543,1,directed
1896,2264,1,directed
1896,2465,1,directed
1896,2512,1,directed
2200,928,1,directed
2200,1543,1,directed
2200,2264,1,directed
2200,2465,1,directed
2200,2512,1,directed
2670,928,1,directed
2670,1543,1,directed
2670,2264,1,directed
2670,2465,1,directed
2670,2512,1,directed
2788,928,1,directed
2788,1543,1,directed
2788,2264,1,directed
2788,2465,1,directed
2788,2512,1,directed
3283,928,1,directed
3283,1543,1,directed
3283,2264,1,directed
3283,2465,1,directed
3283,2512,1,directed
54,1513,1,directed
54,1544,1,directed
54,1813,1,directed
727,1513,1,directed
727,1544,1,directed
727,1813,1,directed
1503,1513,1,directed
1503,1544,1,directed
1503,1813,1,directed
1529,1513,1,directed
1529,1544,1,directed
1529,1813,1,directed
1824,1513,1,directed
1824,1544,1,directed
1824,1813,1,directed
1896,1513,1,directed
1896,1544,1,directed
1896,1813,1,directed
2200,1513,1,directed
2200,1544,1,directed
2200,1813,1,directed
2670,1513,1,directed
2670,1544,1,directed
2670,1813,1,directed
2788,1513,1,directed
2788,1544,1,directed
2788,1813,1,directed
3283,1513,1,directed
3283,1544,1,directed
3283,1813,1,directed
54,1545,1,directed
54,2077,1,directed
727,1545,1,directed
727,2077,1,directed
1503,1545,1,directed
1503,2077,1,directed
1529,1545,1,directed
1529,2077,1,directed
1824,1545,1,directed
1824,2077,1,directed
1896,1545,1,directed
1896,2077,1,directed
2200,1545,1,directed
2200,2077,1,directed
2670,1545,1,directed
2670,2077,1,directed
2788,1545,1,directed
2788,2077,1,directed
3283,1545,1,directed
3283,2077,1,directed
54,1491,1,directed
54,1546,1,directed
727,1491,1,directed
727,1546,1,directed
1503,1491,1,directed
1503,1546,1,directed
1529,1491,1,directed
1529,1546,1,directed
1824,1491,1,directed
1824,1546,1,directed
1896,1491,1,directed
1896,1546,1,directed
2200,1491,1,directed
2200,1546,1,directed
2670,1491,1,directed
2670,1546,1,directed
2788,1491,1,directed
2788,1546,1,directed
3283,1491,1,directed
3283,1546,1,directed
54,459,1,directed
54,936,1,directed
54,1547,1,directed
54,1814,1,directed
54,2081,1,directed
727,459,1,directed
727,936,1,directed
727,1547,1,directed
727,1814,1,directed
727,2081,1,directed
1503,459,1,directed
1503,936,1,directed
1503,1547,1,directed
1503,1814,1,directed
1503,2081,1,directed
1529,459,1,directed
1529,936,1,directed
1529,1547,1,directed
1529,1814,1,directed
1529,2081,1,directed
1824,459,1,directed
1824,936,1,directed
1824,1547,1,directed
1824,1814,1,directed
1824,2081,1,directed
1896,459,1,directed
1896,936,1,directed
1896,1547,1,directed
1896,1814,1,directed
1896,2081,1,directed
2200,459,1,directed
2200,936,1,directed
2200,1547,1,directed
2200,1814,1,directed
2200,2081,1,directed
2670,459,1,directed
2670,936,1,directed
2670,1547,1,directed
2670,1814,1,directed
2670,2081,1,directed
2788,459,1,directed
2788,936,1,directed
2788,1547,1,directed
2788,1814,1,directed
2788,2081,1,directed
3283,459,1,directed
3283,936,1,directed
3283,1547,1,directed
3283,1814,1,directed
3283,2081,1,directed
54,1548,1,directed
54,2178,1,directed
54,2518,1,directed
727,1548,1,directed
727,2178,1,directed
727,2518,1,directed
1503,1548,1,directed
1503,2178,1,directed
1503,2518,1,directed
1529,1548,1,directed
1529,2178,1,directed
1529,2518,1,directed
1824,1548,1,directed
1824,2178,1,directed
1824,2518,1,directed
1896,1548,1,directed
1896,2178,1,directed
1896,2518,1,directed
2200,1548,1,directed
2200,2178,1,directed
2200,2518,1,directed
2670,1548,1,directed
2670,2178,1,directed
2670,2518,1,directed
2788,1548,1,directed
2788,2178,1,directed
2788,2518,1,directed
3283,1548,1,directed
3283,2178,1,directed
3283,2518,1,directed
54,938,1,directed
54,1493,1,directed
54,1549,1,directed
54,2084,1,directed
54,2179,1,directed
54,2270,1,directed
54,2655,1,directed
727,938,1,directed
727,1493,1,directed
727,1549,1,directed
727,2084,1,directed
727,2179,1,directed
727,2270,1,directed
727,2655,1,directed
1503,938,1,directed
1503,1493,1,directed
1503,1549,1,directed
1503,2084,1,directed
1503,2179,1,directed
1503,2270,1,directed
1503,2655,1,directed
1529,938,1,directed
1529,1493,1,directed
1529,1549,1,directed
1529,2084,1,directed
1529,2179,1,directed
1529,2270,1,directed
1529,2655,1,directed
1824,938,1,directed
1824,1493,1,directed
1824,1549,1,directed
1824,2084,1,directed
1824,2179,1,directed
1824,2270,1,directed
1824,2655,1,directed
1896,938,1,directed
1896,1493,1,directed
1896,1549,1,directed
1896,2084,1,directed
1896,2179,1,directed
1896,2270,1,directed
1896,2655,1,directed
2200,938,1,directed
2200,1493,1,directed
2200,1549,1,directed
2200,2084,1,directed
2200,2179,1,directed
2200,2270,1,directed
2200,2655,1,directed
2670,938,1,directed
2670,1493,1,directed
2670,1549,1,directed
2670,2084,1,directed
2670,2179,1,directed
2670,2270,1,directed
2670,2655,1,directed
2788,938,1,directed
2788,1493,1,directed
2788,1549,1,directed
2788,2084,1,directed
2788,2179,1,directed
2788,2270,1,directed
2788,2655,1,directed
3283,938,1,directed
3283,1493,1,directed
3283,1549,1,directed
3283,2084,1,directed
3283,2179,1,directed
3283,2270,1,directed
3283,2655,1,directed
54,1550,1,directed
727,1550,1,directed
1503,1550,1,directed
1529,1550,1,directed
1824,1550,1,directed
1896,1550,1,directed
2200,1550,1,directed
2670,1550,1,directed
2788,1550,1,directed
3283,1550,1,directed
54,1551,1,directed
727,1551,1,directed
1503,1551,1,directed
1529,1551,1,directed
1824,1551,1,directed
1896,1551,1,directed
2200,1551,1,directed
2670,1551,1,directed
2788,1551,1,directed
3283,1551,1,directed
54,939,1,directed
54,1552,1,directed
54,2181,1,directed
727,939,1,directed
727,1552,1,directed
727,2181,1,directed
1503,939,1,directed
1503,1552,1,directed
1503,2181,1,directed
1529,939,1,directed
1529,1552,1,directed
1529,2181,1,directed
1824,939,1,directed
1824,1552,1,directed
1824,2181,1,directed
1896,939,1,directed
1896,1552,1,directed
1896,2181,1,directed
2200,939,1,directed
2200,1552,1,directed
2200,2181,1,directed
2670,939,1,directed
2670,1552,1,directed
2670,2181,1,directed
2788,939,1,directed
2788,1552,1,directed
2788,2181,1,directed
3283,939,1,directed
3283,1552,1,directed
3283,2181,1,directed
54,940,1,directed
54,1517,1,directed
54,1553,1,directed
54,1711,1,directed
54,1817,1,directed
54,1884,1,directed
54,2088,1,directed
54,2182,1,directed
54,2274,1,directed
54,2658,1,directed
727,940,1,directed
727,1517,1,directed
727,1553,1,directed
727,1711,1,directed
727,1817,1,directed
727,1884,1,directed
727,2088,1,directed
727,2182,1,directed
727,2274,1,directed
727,2658,1,directed
1503,940,1,directed
1503,1517,1,directed
1503,1553,1,directed
1503,1711,1,directed
1503,1817,1,directed
1503,1884,1,directed
1503,2088,1,directed
1503,2182,1,directed
1503,2274,1,directed
1503,2658,1,directed
1529,940,1,directed
1529,1517,1,directed
1529,1553,1,directed
1529,1711,1,directed
1529,1817,1,directed
1529,1884,1,directed
1529,2088,1,directed
1529,2182,1,directed
1529,2274,1,directed
1529,2658,1,directed
1824,940,1,directed
1824,1517,1,directed
1824,1553,1,directed
1824,1711,1,directed
1824,1817,1,directed
1824,1884,1,directed
1824,2088,1,directed
1824,2182,1,directed
1824,2274,1,directed
1824,2658,1,directed
1896,940,1,directed
1896,1517,1,directed
1896,1553,1,directed
1896,1711,1,directed
1896,1817,1,directed
1896,1884,1,directed
1896,2088,1,directed
1896,2182,1,directed
1896,2274,1,directed
1896,2658,1,directed
2200,940,1,directed
2200,1517,1,directed
2200,1553,1,directed
2200,1711,1,directed
2200,1817,1,directed
2200,1884,1,directed
2200,2088,1,directed
2200,2182,1,directed
2200,2274,1,directed
2200,2658,1,directed
2670,940,1,directed
2670,1517,1,directed
2670,1553,1,directed
2670,1711,1,directed
2670,1817,1,directed
2670,1884,1,directed
2670,2088,1,directed
2670,2182,1,directed
2670,2274,1,directed
2670,2658,1,directed
2788,940,1,directed
2788,1517,1,directed
2788,1553,1,directed
2788,1711,1,directed
2788,1817,1,directed
2788,1884,1,directed
2788,2088,1,directed
2788,2182,1,directed
2788,2274,1,directed
2788,2658,1,directed
3283,940,1,directed
3283,1517,1,directed
3283,1553,1,directed
3283,1711,1,directed
3283,1817,1,directed
3283,1884,1,directed
3283,2088,1,directed
3283,2182,1,directed
3283,2274,1,directed
3283,2658,1,directed
54,941,1,directed
54,1554,1,directed
54,2089,1,directed
54,2183,1,directed
54,2659,1,directed
54,2767,1,directed
727,941,1,directed
727,1554,1,directed
727,2089,1,directed
727,2183,1,directed
727,2659,1,directed
727,2767,1,directed
1503,941,1,directed
1503,1554,1,directed
1503,2089,1,directed
1503,2183,1,directed
1503,2659,1,directed
1503,2767,1,directed
1529,941,1,directed
1529,1554,1,directed
1529,2089,1,directed
1529,2183,1,directed
1529,2659,1,directed
1529,2767,1,directed
1824,941,1,directed
1824,1554,1,directed
1824,2089,1,directed
1824,2183,1,directed
1824,2659,1,directed
1824,2767,1,directed
1896,941,1,directed
1896,1554,1,directed
1896,2089,1,directed
1896,2183,1,directed
1896,2659,1,directed
1896,2767,1,directed
2200,941,1,directed
2200,1554,1,directed
2200,2089,1,directed
2200,2183,1,directed
2200,2659,1,directed
2200,2767,1,directed
2670,941,1,directed
2670,1554,1,directed
2670,2089,1,directed
2670,2183,1,directed
2670,2659,1,directed
2670,2767,1,directed
2788,941,1,directed
2788,1554,1,directed
2788,2089,1,directed
2788,2183,1,directed
2788,2659,1,directed
2788,2767,1,directed
3283,941,1,directed
3283,1554,1,directed
3283,2089,1,directed
3283,2183,1,directed
3283,2659,1,directed
3283,2767,1,directed
54,942,1,directed
54,1305,1,directed
54,1495,1,directed
54,1518,1,directed
54,1555,1,directed
54,1713,1,directed
54,1818,1,directed
54,1885,1,directed
54,2091,1,directed
54,2184,1,directed
54,2275,1,directed
54,2769,1,directed
727,942,1,directed
727,1305,1,directed
727,1495,1,directed
727,1518,1,directed
727,1555,1,directed
727,1713,1,directed
727,1818,1,directed
727,1885,1,directed
727,2091,1,directed
727,2184,1,directed
727,2275,1,directed
727,2769,1,directed
1503,942,1,directed
1503,1305,1,directed
1503,1495,1,directed
1503,1518,1,directed
1503,1555,1,directed
1503,1713,1,directed
1503,1818,1,directed
1503,1885,1,directed
1503,2091,1,directed
1503,2184,1,directed
1503,2275,1,directed
1503,2769,1,directed
1529,942,1,directed
1529,1305,1,directed
1529,1495,1,directed
1529,1518,1,directed
1529,1555,1,directed
1529,1713,1,directed
1529,1818,1,directed
1529,1885,1,directed
1529,2091,1,directed
1529,2184,1,directed
1529,2275,1,directed
1529,2769,1,directed
1824,942,1,directed
1824,1305,1,directed
1824,1495,1,directed
1824,1518,1,directed
1824,1555,1,directed
1824,1713,1,directed
1824,1818,1,directed
1824,1885,1,directed
1824,2091,1,directed
1824,2184,1,directed
1824,2275,1,directed
1824,2769,1,directed
1896,942,1,directed
1896,1305,1,directed
1896,1495,1,directed
1896,1518,1,directed
1896,1555,1,directed
1896,1713,1,directed
1896,1818,1,directed
1896,1885,1,directed
1896,2091,1,directed
1896,2184,1,directed
1896,2275,1,directed
1896,2769,1,directed
2200,942,1,directed
2200,1305,1,directed
2200,1495,1,directed
2200,1518,1,directed
2200,1555,1,directed
2200,1713,1,directed
2200,1818,1,directed
2200,1885,1,directed
2200,2091,1,directed
2200,2184,1,directed
2200,2275,1,directed
2200,2769,1,directed
2670,942,1,directed
2670,1305,1,directed
2670,1495,1,directed
2670,1518,1,directed
2670,1555,1,directed
2670,1713,1,directed
2670,1818,1,directed
2670,1885,1,directed
2670,2091,1,directed
2670,2184,1,directed
2670,2275,1,directed
2670,2769,1,directed
2788,942,1,directed
2788,1305,1,directed
2788,1495,1,directed
2788,1518,1,directed
2788,1555,1,directed
2788,1713,1,directed
2788,1818,1,directed
2788,1885,1,directed
2788,2091,1,directed
2788,2184,1,directed
2788,2275,1,directed
2788,2769,1,directed
3283,942,1,directed
3283,1305,1,directed
3283,1495,1,directed
3283,1518,1,directed
3283,1555,1,directed
3283,1713,1,directed
3283,1818,1,directed
3283,1885,1,directed
3283,2091,1,directed
3283,2184,1,directed
3283,2275,1,directed
3283,2769,1,directed
54,1556,1,directed
727,1556,1,directed
1503,1556,1,directed
1529,1556,1,directed
1824,1556,1,directed
1896,1556,1,directed
2200,1556,1,directed
2670,1556,1,directed
2788,1556,1,directed
3283,1556,1,directed
54,1557,1,directed
54,2277,1,directed
727,1557,1,directed
727,2277,1,directed
1503,1557,1,directed
1503,2277,1,directed
1529,1557,1,directed
1529,2277,1,directed
1824,1557,1,directed
1824,2277,1,directed
1896,1557,1,directed
1896,2277,1,directed
2200,1557,1,directed
2200,2277,1,directed
2670,1557,1,directed
2670,2277,1,directed
2788,1557,1,directed
2788,2277,1,directed
3283,1557,1,directed
3283,2277,1,directed
54,943,1,directed
54,1496,1,directed
54,1520,1,directed
54,1558,1,directed
54,1715,1,directed
54,1819,1,directed
54,2093,1,directed
54,2187,1,directed
54,2278,1,directed
54,2773,1,directed
727,943,1,directed
727,1496,1,directed
727,1520,1,directed
727,1558,1,directed
727,1715,1,directed
727,1819,1,directed
727,2093,1,directed
727,2187,1,directed
727,2278,1,directed
727,2773,1,directed
1503,943,1,directed
1503,1496,1,directed
1503,1520,1,directed
1503,1558,1,directed
1503,1715,1,directed
1503,1819,1,directed
1503,2093,1,directed
1503,2187,1,directed
1503,2278,1,directed
1503,2773,1,directed
1529,943,1,directed
1529,1496,1,directed
1529,1520,1,directed
1529,1558,1,directed
1529,1715,1,directed
1529,1819,1,directed
1529,2093,1,directed
1529,2187,1,directed
1529,2278,1,directed
1529,2773,1,directed
1824,943,1,directed
1824,1496,1,directed
1824,1520,1,directed
1824,1558,1,directed
1824,1715,1,directed
1824,1819,1,directed
1824,2093,1,directed
1824,2187,1,directed
1824,2278,1,directed
1824,2773,1,directed
1896,943,1,directed
1896,1496,1,directed
1896,1520,1,directed
1896,1558,1,directed
1896,1715,1,directed
1896,1819,1,directed
1896,2093,1,directed
1896,2187,1,directed
1896,2278,1,directed
1896,2773,1,directed
2200,943,1,directed
2200,1496,1,directed
2200,1520,1,directed
2200,1558,1,directed
2200,1715,1,directed
2200,1819,1,directed
2200,2093,1,directed
2200,2187,1,directed
2200,2278,1,directed
2200,2773,1,directed
2670,943,1,directed
2670,1496,1,directed
2670,1520,1,directed
2670,1558,1,directed
2670,1715,1,directed
2670,1819,1,directed
2670,2093,1,directed
2670,2187,1,directed
2670,2278,1,directed
2670,2773,1,directed
2788,943,1,directed
2788,1496,1,directed
2788,1520,1,directed
2788,1558,1,directed
2788,1715,1,directed
2788,1819,1,directed
2788,2093,1,directed
2788,2187,1,directed
2788,2278,1,directed
2788,2773,1,directed
3283,943,1,directed
3283,1496,1,directed
3283,1520,1,directed
3283,1558,1,directed
3283,1715,1,directed
3283,1819,1,directed
3283,2093,1,directed
3283,2187,1,directed
3283,2278,1,directed
3283,2773,1,directed
54,1559,1,directed
54,2094,1,directed
54,2661,1,directed
727,1559,1,directed
727,2094,1,directed
727,2661,1,directed
1503,1559,1,directed
1503,2094,1,directed
1503,2661,1,directed
1529,1559,1,directed
1529,2094,1,directed
1529,2661,1,directed
1824,1559,1,directed
1824,2094,1,directed
1824,2661,1,directed
1896,1559,1,directed
1896,2094,1,directed
1896,2661,1,directed
2200,1559,1,directed
2200,2094,1,directed
2200,2661,1,directed
2670,1559,1,directed
2670,2094,1,directed
2670,2661,1,directed
2788,1559,1,directed
2788,2094,1,directed
2788,2661,1,directed
3283,1559,1,directed
3283,2094,1,directed
3283,2661,1,directed
54,699,1,directed
54,1560,1,directed
54,3340,1,directed
727,699,1,directed
727,1560,1,directed
727,3340,1,directed
1503,699,1,directed
1503,1560,1,directed
1503,3340,1,directed
1529,699,1,directed
1529,1560,1,directed
1529,3340,1,directed
1824,699,1,directed
1824,1560,1,directed
1824,3340,1,directed
1896,699,1,directed
1896,1560,1,directed
1896,3340,1,directed
2200,699,1,directed
2200,1560,1,directed
2200,3340,1,directed
2670,699,1,directed
2670,1560,1,directed
2670,3340,1,directed
2788,699,1,directed
2788,1560,1,directed
2788,3340,1,directed
3283,699,1,directed
3283,1560,1,directed
3283,3340,1,directed
54,701,1,directed
54,844,1,directed
54,1460,1,directed
54,1482,1,directed
54,1521,1,directed
54,1561,1,directed
54,2189,1,directed
54,2777,1,directed
54,3341,1,directed
54,3439,1,directed
727,701,1,directed
727,844,1,directed
727,1460,1,directed
727,1482,1,directed
727,1521,1,directed
727,1561,1,directed
727,2189,1,directed
727,2777,1,directed
727,3341,1,directed
727,3439,1,directed
1503,701,1,directed
1503,844,1,directed
1503,1460,1,directed
1503,1482,1,directed
1503,1521,1,directed
1503,1561,1,directed
1503,2189,1,directed
1503,2777,1,directed
1503,3341,1,directed
1503,3439,1,directed
1529,701,1,directed
1529,844,1,directed
1529,1460,1,directed
1529,1482,1,directed
1529,1521,1,directed
1529,1561,1,directed
1529,2189,1,directed
1529,2777,1,directed
1529,3341,1,directed
1529,3439,1,directed
1824,701,1,directed
1824,844,1,directed
1824,1460,1,directed
1824,1482,1,directed
1824,1521,1,directed
1824,1561,1,directed
1824,2189,1,directed
1824,2777,1,directed
1824,3341,1,directed
1824,3439,1,directed
1896,701,1,directed
1896,844,1,directed
1896,1460,1,directed
1896,1482,1,directed
1896,1521,1,directed
1896,1561,1,directed
1896,2189,1,directed
1896,2777,1,directed
1896,3341,1,directed
1896,3439,1,directed
2200,701,1,directed
2200,844,1,directed
2200,1460,1,directed
2200,1482,1,directed
2200,1521,1,directed
2200,1561,1,directed
2200,2189,1,directed
2200,2777,1,directed
2200,3341,1,directed
2200,3439,1,directed
2670,701,1,directed
2670,844,1,directed
2670,1460,1,directed
2670,1482,1,directed
2670,1521,1,directed
2670,1561,1,directed
2670,2189,1,directed
2670,2777,1,directed
2670,3341,1,directed
2670,3439,1,directed
2788,701,1,directed
2788,844,1,directed
2788,1460,1,directed
2788,1482,1,directed
2788,1521,1,directed
2788,1561,1,directed
2788,2189,1,directed
2788,2777,1,directed
2788,3341,1,directed
2788,3439,1,directed
3283,701,1,directed
3283,844,1,directed
3283,1460,1,directed
3283,1482,1,directed
3283,1521,1,directed
3283,1561,1,directed
3283,2189,1,directed
3283,2777,1,directed
3283,3341,1,directed
3283,3439,1,directed
54,1562,1,directed
727,1562,1,directed
1503,1562,1,directed
1529,1562,1,directed
1824,1562,1,directed
1896,1562,1,directed
2200,1562,1,directed
2670,1562,1,directed
2788,1562,1,directed
3283,1562,1,directed
54,1522,1,directed
54,1563,1,directed
727,1522,1,directed
727,1563,1,directed
1503,1522,1,directed
1503,1563,1,directed
1529,1522,1,directed
1529,1563,1,directed
1824,1522,1,directed
1824,1563,1,directed
1896,1522,1,directed
1896,1563,1,directed
2200,1522,1,directed
2200,1563,1,directed
2670,1522,1,directed
2670,1563,1,directed
2788,1522,1,directed
2788,1563,1,directed
3283,1522,1,directed
3283,1563,1,directed
54,1564,1,directed
54,2193,1,directed
727,1564,1,directed
727,2193,1,directed
1503,1564,1,directed
1503,2193,1,directed
1529,1564,1,directed
1529,2193,1,directed
1824,1564,1,directed
1824,2193,1,directed
1896,1564,1,directed
1896,2193,1,directed
2200,1564,1,directed
2200,2193,1,directed
2670,1564,1,directed
2670,2193,1,directed
2788,1564,1,directed
2788,2193,1,directed
3283,1564,1,directed
3283,2193,1,directed
54,1565,1,directed
727,1565,1,directed
1503,1565,1,directed
1529,1565,1,directed
1824,1565,1,directed
1896,1565,1,directed
2200,1565,1,directed
2670,1565,1,directed
2788,1565,1,directed
3283,1565,1,directed
54,1566,1,directed
727,1566,1,directed
1503,1566,1,directed
1529,1566,1,directed
1824,1566,1,directed
1896,1566,1,directed
2200,1566,1,directed
2670,1566,1,directed
2788,1566,1,directed
3283,1566,1,directed
54,1525,1,directed
54,1567,1,directed
727,1525,1,directed
727,1567,1,directed
1503,1525,1,directed
1503,1567,1,directed
1529,1525,1,directed
1529,1567,1,directed
1824,1525,1,directed
1824,1567,1,directed
1896,1525,1,directed
1896,1567,1,directed
2200,1525,1,directed
2200,1567,1,directed
2670,1525,1,directed
2670,1567,1,directed
2788,1525,1,directed
2788,1567,1,directed
3283,1525,1,directed
3283,1567,1,directed
54,1568,1,directed
727,1568,1,directed
1503,1568,1,directed
1529,1568,1,directed
1824,1568,1,directed
1896,1568,1,directed
2200,1568,1,directed
2670,1568,1,directed
2788,1568,1,directed
3283,1568,1,directed
54,715,1,directed
54,1569,1,directed
54,1719,1,directed
54,3275,1,directed
727,715,1,directed
727,1569,1,directed
727,1719,1,directed
727,3275,1,directed
1503,715,1,directed
1503,1569,1,directed
1503,1719,1,directed
1503,3275,1,directed
1529,715,1,directed
1529,1569,1,directed
1529,1719,1,directed
1529,3275,1,directed
1824,715,1,directed
1824,1569,1,directed
1824,1719,1,directed
1824,3275,1,directed
1896,715,1,directed
1896,1569,1,directed
1896,1719,1,directed
1896,3275,1,directed
2200,715,1,directed
2200,1569,1,directed
2200,1719,1,directed
2200,3275,1,directed
2670,715,1,directed
2670,1569,1,directed
2670,1719,1,directed
2670,3275,1,directed
2788,715,1,directed
2788,1569,1,directed
2788,1719,1,directed
2788,3275,1,directed
3283,715,1,directed
3283,1569,1,directed
3283,1719,1,directed
3283,3275,1,directed
54,1570,1,directed
727,1570,1,directed
1503,1570,1,directed
1529,1570,1,directed
1824,1570,1,directed
1896,1570,1,directed
2200,1570,1,directed
2670,1570,1,directed
2788,1570,1,directed
3283,1570,1,directed
54,946,1,directed
54,1499,1,directed
54,1571,1,directed
54,1720,1,directed
54,2196,1,directed
54,2282,1,directed
54,2664,1,directed
54,2783,1,directed
727,946,1,directed
727,1499,1,directed
727,1571,1,directed
727,1720,1,directed
727,2196,1,directed
727,2282,1,directed
727,2664,1,directed
727,2783,1,directed
1503,946,1,directed
1503,1499,1,directed
1503,1571,1,directed
1503,1720,1,directed
1503,2196,1,directed
1503,2282,1,directed
1503,2664,1,directed
1503,2783,1,directed
1529,946,1,directed
1529,1499,1,directed
1529,1571,1,directed
1529,1720,1,directed
1529,2196,1,directed
1529,2282,1,directed
1529,2664,1,directed
1529,2783,1,directed
1824,946,1,directed
1824,1499,1,directed
1824,1571,1,directed
1824,1720,1,directed
1824,2196,1,directed
1824,2282,1,directed
1824,2664,1,directed
1824,2783,1,directed
1896,946,1,directed
1896,1499,1,directed
1896,1571,1,directed
1896,1720,1,directed
1896,2196,1,directed
1896,2282,1,directed
1896,2664,1,directed
1896,2783,1,directed
2200,946,1,directed
2200,1499,1,directed
2200,1571,1,directed
2200,1720,1,directed
2200,2196,1,directed
2200,2282,1,directed
2200,2664,1,directed
2200,2783,1,directed
2670,946,1,directed
2670,1499,1,directed
2670,1571,1,directed
2670,1720,1,directed
2670,2196,1,directed
2670,2282,1,directed
2670,2664,1,directed
2670,2783,1,directed
2788,946,1,directed
2788,1499,1,directed
2788,1571,1,directed
2788,1720,1,directed
2788,2196,1,directed
2788,2282,1,directed
2788,2664,1,directed
2788,2783,1,directed
3283,946,1,directed
3283,1499,1,directed
3283,1571,1,directed
3283,1720,1,directed
3283,2196,1,directed
3283,2282,1,directed
3283,2664,1,directed
3283,2783,1,directed
54,71,1,directed
54,1500,1,directed
54,1572,1,directed
54,1721,1,directed
54,1821,1,directed
54,1895,1,directed
54,2666,1,directed
727,71,1,directed
727,1500,1,directed
727,1572,1,directed
727,1721,1,directed
727,1821,1,directed
727,1895,1,directed
727,2666,1,directed
1503,71,1,directed
1503,1500,1,directed
1503,1572,1,directed
1503,1721,1,directed
1503,1821,1,directed
1503,1895,1,directed
1503,2666,1,directed
1529,71,1,directed
1529,1500,1,directed
1529,1572,1,directed
1529,1721,1,directed
1529,1821,1,directed
1529,1895,1,directed
1529,2666,1,directed
1824,71,1,directed
1824,1500,1,directed
1824,1572,1,directed
1824,1721,1,directed
1824,1821,1,directed
1824,1895,1,directed
1824,2666,1,directed
1896,71,1,directed
1896,1500,1,directed
1896,1572,1,directed
1896,1721,1,directed
1896,1821,1,directed
1896,1895,1,directed
1896,2666,1,directed
2200,71,1,directed
2200,1500,1,directed
2200,1572,1,directed
2200,1721,1,directed
2200,1821,1,directed
2200,1895,1,directed
2200,2666,1,directed
2670,71,1,directed
2670,1500,1,directed
2670,1572,1,directed
2670,1721,1,directed
2670,1821,1,directed
2670,1895,1,directed
2670,2666,1,directed
2788,71,1,directed
2788,1500,1,directed
2788,1572,1,directed
2788,1721,1,directed
2788,1821,1,directed
2788,1895,1,directed
2788,2666,1,directed
3283,71,1,directed
3283,1500,1,directed
3283,1572,1,directed
3283,1721,1,directed
3283,1821,1,directed
3283,1895,1,directed
3283,2666,1,directed
54,53,1,directed
54,1573,1,directed
727,53,1,directed
727,1573,1,directed
1503,53,1,directed
1503,1573,1,directed
1529,53,1,directed
1529,1573,1,directed
1824,53,1,directed
1824,1573,1,directed
1896,53,1,directed
1896,1573,1,directed
2200,53,1,directed
2200,1573,1,directed
2670,53,1,directed
2670,1573,1,directed
2788,53,1,directed
2788,1573,1,directed
3283,53,1,directed
3283,1573,1,directed
54,725,1,directed
54,1574,1,directed
727,725,1,directed
727,1574,1,directed
1503,725,1,directed
1503,1574,1,directed
1529,725,1,directed
1529,1574,1,directed
1824,725,1,directed
1824,1574,1,directed
1896,725,1,directed
1896,1574,1,directed
2200,725,1,directed
2200,1574,1,directed
2670,725,1,directed
2670,1574,1,directed
2788,725,1,directed
2788,1574,1,directed
3283,725,1,directed
3283,1574,1,directed
54,61,1,directed
54,1575,1,directed
727,61,1,directed
727,1575,1,directed
1503,61,1,directed
1503,1575,1,directed
1529,61,1,directed
1529,1575,1,directed
1824,61,1,directed
1824,1575,1,directed
1896,61,1,directed
1896,1575,1,directed
2200,61,1,directed
2200,1575,1,directed
2670,61,1,directed
2670,1575,1,directed
2788,61,1,directed
2788,1575,1,directed
3283,61,1,directed
3283,1575,1,directed
54,68,1,directed
54,1576,1,directed
727,68,1,directed
727,1576,1,directed
1503,68,1,directed
1503,1576,1,directed
1529,68,1,directed
1529,1576,1,directed
1824,68,1,directed
1824,1576,1,directed
1896,68,1,directed
1896,1576,1,directed
2200,68,1,directed
2200,1576,1,directed
2670,68,1,directed
2670,1576,1,directed
2788,68,1,directed
2788,1576,1,directed
3283,68,1,directed
3283,1576,1,directed
54,1502,1,directed
54,1527,1,directed
54,1577,1,directed
54,1723,1,directed
54,1822,1,directed
54,2198,1,directed
54,2283,1,directed
54,2668,1,directed
727,1502,1,directed
727,1527,1,directed
727,1577,1,directed
727,1723,1,directed
727,1822,1,directed
727,2198,1,directed
727,2283,1,directed
727,2668,1,directed
1503,1502,1,directed
1503,1527,1,directed
1503,1577,1,directed
1503,1723,1,directed
1503,1822,1,directed
1503,2198,1,directed
1503,2283,1,directed
1503,2668,1,directed
1529,1502,1,directed
1529,1527,1,directed
1529,1577,1,directed
1529,1723,1,directed
1529,1822,1,directed
1529,2198,1,directed
1529,2283,1,directed
1529,2668,1,directed
1824,1502,1,directed
1824,1527,1,directed
1824,1577,1,directed
1824,1723,1,directed
1824,1822,1,directed
1824,2198,1,directed
1824,2283,1,directed
1824,2668,1,directed
1896,1502,1,directed
1896,1527,1,directed
1896,1577,1,directed
1896,1723,1,directed
1896,1822,1,directed
1896,2198,1,directed
1896,2283,1,directed
1896,2668,1,directed
2200,1502,1,directed
2200,1527,1,directed
2200,1577,1,directed
2200,1723,1,directed
2200,1822,1,directed
2200,2198,1,directed
2200,2283,1,directed
2200,2668,1,directed
2670,1502,1,directed
2670,1527,1,directed
2670,1577,1,directed
2670,1723,1,directed
2670,1822,1,directed
2670,2198,1,directed
2670,2283,1,directed
2670,2668,1,directed
2788,1502,1,directed
2788,1527,1,directed
2788,1577,1,directed
2788,1723,1,directed
2788,1822,1,directed
2788,2198,1,directed
2788,2283,1,directed
2788,2668,1,directed
3283,1502,1,directed
3283,1527,1,directed
3283,1577,1,directed
3283,1723,1,directed
3283,1822,1,directed
3283,2198,1,directed
3283,2283,1,directed
3283,2668,1,directed
54,726,1,directed
54,1528,1,directed
54,1578,1,directed
54,1724,1,directed
54,1823,1,directed
54,2199,1,directed
54,2669,1,directed
54,2786,1,directed
54,3353,1,directed
727,726,1,directed
727,1528,1,directed
727,1578,1,directed
727,1724,1,directed
727,1823,1,directed
727,2199,1,directed
727,2669,1,directed
727,2786,1,directed
727,3353,1,directed
1503,726,1,directed
1503,1528,1,directed
1503,1578,1,directed
1503,1724,1,directed
1503,1823,1,directed
1503,2199,1,directed
1503,2669,1,directed
1503,2786,1,directed
1503,3353,1,directed
1529,726,1,directed
1529,1528,1,directed
1529,1578,1,directed
1529,1724,1,directed
1529,1823,1,directed
1529,2199,1,directed
1529,2669,1,directed
1529,2786,1,directed
1529,3353,1,directed
1824,726,1,directed
1824,1528,1,directed
1824,1578,1,directed
1824,1724,1,directed
1824,1823,1,directed
1824,2199,1,directed
1824,2669,1,directed
1824,2786,1,directed
1824,3353,1,directed
1896,726,1,directed
1896,1528,1,directed
1896,1578,1,directed
1896,1724,1,directed
1896,1823,1,directed
1896,2199,1,directed
1896,2669,1,directed
1896,2786,1,directed
1896,3353,1,directed
2200,726,1,directed
2200,1528,1,directed
2200,1578,1,directed
2200,1724,1,directed
2200,1823,1,directed
2200,2199,1,directed
2200,2669,1,directed
2200,2786,1,directed
2200,3353,1,directed
2670,726,1,directed
2670,1528,1,directed
2670,1578,1,directed
2670,1724,1,directed
2670,1823,1,directed
2670,2199,1,directed
2670,2669,1,directed
2670,2786,1,directed
2670,3353,1,directed
2788,726,1,directed
2788,1528,1,directed
2788,1578,1,directed
2788,1724,1,directed
2788,1823,1,directed
2788,2199,1,directed
2788,2669,1,directed
2788,2786,1,directed
2788,3353,1,directed
3283,726,1,directed
3283,1528,1,directed
3283,1578,1,directed
3283,1724,1,directed
3283,1823,1,directed
3283,2199,1,directed
3283,2669,1,directed
3283,2786,1,directed
3283,3353,1,directed
54,73,1,directed
54,1579,1,directed
54,2787,1,directed
727,73,1,directed
727,1579,1,directed
727,2787,1,directed
1503,73,1,directed
1503,1579,1,directed
1503,2787,1,directed
1529,73,1,directed
1529,1579,1,directed
1529,2787,1,directed
1824,73,1,directed
1824,1579,1,directed
1824,2787,1,directed
1896,73,1,directed
1896,1579,1,directed
1896,2787,1,directed
2200,73,1,directed
2200,1579,1,directed
2200,2787,1,directed
2670,73,1,directed
2670,1579,1,directed
2670,2787,1,directed
2788,73,1,directed
2788,1579,1,directed
2788,2787,1,directed
3283,73,1,directed
3283,1579,1,directed
3283,2787,1,directed
54,1530,1,directed
54,1580,1,directed
727,1530,1,directed
727,1580,1,directed
1503,1530,1,directed
1503,1580,1,directed
1529,1530,1,directed
1529,1580,1,directed
1824,1530,1,directed
1824,1580,1,directed
1896,1530,1,directed
1896,1580,1,directed
2200,1530,1,directed
2200,1580,1,directed
2670,1530,1,directed
2670,1580,1,directed
2788,1530,1,directed
2788,1580,1,directed
3283,1530,1,directed
3283,1580,1,directed
54,1531,1,directed
54,1581,1,directed
727,1531,1,directed
727,1581,1,directed
1503,1531,1,directed
1503,1581,1,directed
1529,1531,1,directed
1529,1581,1,directed
1824,1531,1,directed
1824,1581,1,directed
1896,1531,1,directed
1896,1581,1,directed
2200,1531,1,directed
2200,1581,1,directed
2670,1531,1,directed
2670,1581,1,directed
2788,1531,1,directed
2788,1581,1,directed
3283,1531,1,directed
3283,1581,1,directed
54,1504,1,directed
54,1582,1,directed
727,1504,1,directed
727,1582,1,directed
1503,1504,1,directed
1503,1582,1,directed
1529,1504,1,directed
1529,1582,1,directed
1824,1504,1,directed
1824,1582,1,directed
1896,1504,1,directed
1896,1582,1,directed
2200,1504,1,directed
2200,1582,1,directed
2670,1504,1,directed
2670,1582,1,directed
2788,1504,1,directed
2788,1582,1,directed
3283,1504,1,directed
3283,1582,1,directed
54,1583,1,directed
727,1583,1,directed
1503,1583,1,directed
1529,1583,1,directed
1824,1583,1,directed
1896,1583,1,directed
2200,1583,1,directed
2670,1583,1,directed
2788,1583,1,directed
3283,1583,1,directed
54,480,1,directed
54,1584,1,directed
54,1826,1,directed
54,2104,1,directed
727,480,1,directed
727,1584,1,directed
727,1826,1,directed
727,2104,1,directed
1503,480,1,directed
1503,1584,1,directed
1503,1826,1,directed
1503,2104,1,directed
1529,480,1,directed
1529,1584,1,directed
1529,1826,1,directed
1529,2104,1,directed
1824,480,1,directed
1824,1584,1,directed
1824,1826,1,directed
1824,2104,1,directed
1896,480,1,directed
1896,1584,1,directed
1896,1826,1,directed
1896,2104,1,directed
2200,480,1,directed
2200,1584,1,directed
2200,1826,1,directed
2200,2104,1,directed
2670,480,1,directed
2670,1584,1,directed
2670,1826,1,directed
2670,2104,1,directed
2788,480,1,directed
2788,1584,1,directed
2788,1826,1,directed
2788,2104,1,directed
3283,480,1,directed
3283,1584,1,directed
3283,1826,1,directed
3283,2104,1,directed
55,1585,1,directed
55,1586,1,directed
55,1587,1,directed
55,1588,1,directed
55,1589,1,directed
55,1590,1,directed
55,1591,1,directed
55,1592,1,directed
55,1593,1,directed
55,1594,1,directed
55,1595,1,directed
55,1596,1,directed
55,1597,1,directed
55,1598,1,directed
55,1599,1,directed
55,1600,1,directed
55,1601,1,directed
55,1602,1,directed
55,3330,1,directed
55,1603,1,directed
55,1604,1,directed
55,1605,1,directed
55,1606,1,directed
55,1607,1,directed
55,1608,1,directed
55,1609,1,directed
55,1610,1,directed
55,1611,1,directed
55,2692,1,directed
55,1612,1,directed
55,1613,1,directed
55,1614,1,directed
55,1615,1,directed
55,1616,1,directed
56,1352,1,directed
56,1617,1,directed
56,3190,1,directed
56,1199,1,directed
56,1618,1,directed
56,1619,1,directed
56,1620,1,directed
56,3195,1,directed
56,3603,1,directed
56,1621,1,directed
56,1622,1,directed
56,1623,1,directed
56,1624,1,directed
56,1625,1,directed
56,1626,1,directed
56,1627,1,directed
56,1628,1,directed
56,1629,1,directed
56,1630,1,directed
56,1631,1,directed
56,1632,1,directed
56,2840,1,directed
56,1633,1,directed
56,1634,1,directed
56,1635,1,directed
56,1636,1,directed
56,1637,1,directed
56,1638,1,directed
56,1639,1,directed
56,2156,1,directed
56,2230,1,directed
56,2891,1,directed
56,3201,1,directed
56,1640,1,directed
56,3107,1,directed
56,1045,1,directed
56,1247,1,directed
56,1641,1,directed
56,2399,1,directed
56,3202,1,directed
56,1642,1,directed
56,1643,1,directed
56,2157,1,directed
56,2847,1,directed
56,3409,1,directed
56,1644,1,directed
56,1645,1,directed
56,1049,1,directed
56,1399,1,directed
56,1646,1,directed
56,3206,1,directed
56,1647,1,directed
56,1648,1,directed
56,2234,1,directed
56,3622,1,directed
56,1649,1,directed
56,1650,1,directed
56,1404,1,directed
56,1651,1,directed
56,1652,1,directed
56,1653,1,directed
56,1654,1,directed
56,1655,1,directed
56,2415,1,directed
56,1656,1,directed
56,1657,1,directed
56,1658,1,directed
56,1659,1,directed
56,1660,1,directed
56,1661,1,directed
56,1662,1,directed
56,1663,1,directed
56,2880,1,directed
57,1664,1,directed
57,1665,1,directed
57,1666,1,directed
57,1667,1,directed
57,1668,1,directed
57,1669,1,directed
57,1670,1,directed
57,1671,1,directed
57,1672,1,directed
57,1673,1,directed
57,1674,1,directed
57,1675,1,directed
57,1676,1,directed
57,1677,1,directed
57,1678,1,directed
57,1679,1,directed
57,1680,1,directed
57,1681,1,directed
57,1682,1,directed
57,1683,1,directed
57,1684,1,directed
57,1685,1,directed
57,1686,1,directed
57,1687,1,directed
57,1688,1,directed
57,1689,1,directed
57,1690,1,directed
57,1691,1,directed
57,194,1,directed
57,308,1,directed
57,479,1,directed
57,738,1,directed
57,826,1,directed
57,1316,1,directed
57,1692,1,directed
57,2059,1,directed
57,2537,1,directed
57,1062,1,directed
57,1092,1,directed
57,1196,1,directed
57,1267,1,directed
57,1321,1,directed
57,1693,1,directed
57,1973,1,directed
57,2252,1,directed
57,2452,1,directed
57,2934,1,directed
58,919,1,directed
58,1487,1,directed
58,1506,1,directed
58,1533,1,directed
58,1694,1,directed
58,1805,1,directed
58,1854,1,directed
58,2064,1,directed
58,2168,1,directed
58,2253,1,directed
58,2642,1,directed
58,2747,1,directed
1501,919,1,directed
1501,1487,1,directed
1501,1506,1,directed
1501,1533,1,directed
1501,1694,1,directed
1501,1805,1,directed
1501,1854,1,directed
1501,2064,1,directed
1501,2168,1,directed
1501,2253,1,directed
1501,2642,1,directed
1501,2747,1,directed
2667,919,1,directed
2667,1487,1,directed
2667,1506,1,directed
2667,1533,1,directed
2667,1694,1,directed
2667,1805,1,directed
2667,1854,1,directed
2667,2064,1,directed
2667,2168,1,directed
2667,2253,1,directed
2667,2642,1,directed
2667,2747,1,directed
58,412,1,directed
58,1695,1,directed
58,2169,1,directed
1501,412,1,directed
1501,1695,1,directed
1501,2169,1,directed
2667,412,1,directed
2667,1695,1,directed
2667,2169,1,directed
58,1488,1,directed
58,1696,1,directed
1501,1488,1,directed
1501,1696,1,directed
2667,1488,1,directed
2667,1696,1,directed
58,36,1,directed
58,832,1,directed
58,1446,1,directed
58,1470,1,directed
58,1489,1,directed
58,1509,1,directed
58,1536,1,directed
58,1697,1,directed
58,1808,1,directed
58,1858,1,directed
58,2069,1,directed
58,2170,1,directed
58,2258,1,directed
58,2644,1,directed
58,2751,1,directed
1501,36,1,directed
1501,832,1,directed
1501,1446,1,directed
1501,1470,1,directed
1501,1489,1,directed
1501,1509,1,directed
1501,1536,1,directed
1501,1697,1,directed
1501,1808,1,directed
1501,1858,1,directed
1501,2069,1,directed
1501,2170,1,directed
1501,2258,1,directed
1501,2644,1,directed
1501,2751,1,directed
2667,36,1,directed
2667,832,1,directed
2667,1446,1,directed
2667,1470,1,directed
2667,1489,1,directed
2667,1509,1,directed
2667,1536,1,directed
2667,1697,1,directed
2667,1808,1,directed
2667,1858,1,directed
2667,2069,1,directed
2667,2170,1,directed
2667,2258,1,directed
2667,2644,1,directed
2667,2751,1,directed
58,1698,1,directed
1501,1698,1,directed
2667,1698,1,directed
58,1699,1,directed
1501,1699,1,directed
2667,1699,1,directed
58,1700,1,directed
1501,1700,1,directed
2667,1700,1,directed
58,1701,1,directed
1501,1701,1,directed
2667,1701,1,directed
58,924,1,directed
58,1490,1,directed
58,1511,1,directed
58,1539,1,directed
58,1702,1,directed
58,1810,1,directed
58,1865,1,directed
58,2075,1,directed
58,2171,1,directed
58,2262,1,directed
58,2648,1,directed
58,2755,1,directed
1501,924,1,directed
1501,1490,1,directed
1501,1511,1,directed
1501,1539,1,directed
1501,1702,1,directed
1501,1810,1,directed
1501,1865,1,directed
1501,2075,1,directed
1501,2171,1,directed
1501,2262,1,directed
1501,2648,1,directed
1501,2755,1,directed
2667,924,1,directed
2667,1490,1,directed
2667,1511,1,directed
2667,1539,1,directed
2667,1702,1,directed
2667,1810,1,directed
2667,1865,1,directed
2667,2075,1,directed
2667,2171,1,directed
2667,2262,1,directed
2667,2648,1,directed
2667,2755,1,directed
58,1703,1,directed
58,1811,1,directed
1501,1703,1,directed
1501,1811,1,directed
2667,1703,1,directed
2667,1811,1,directed
58,929,1,directed
58,1704,1,directed
58,2174,1,directed
58,2650,1,directed
1501,929,1,directed
1501,1704,1,directed
1501,2174,1,directed
1501,2650,1,directed
2667,929,1,directed
2667,1704,1,directed
2667,2174,1,directed
2667,2650,1,directed
58,1705,1,directed
1501,1705,1,directed
2667,1705,1,directed
58,837,1,directed
58,932,1,directed
58,1475,1,directed
58,1706,1,directed
58,2175,1,directed
58,3580,1,directed
1501,837,1,directed
1501,932,1,directed
1501,1475,1,directed
1501,1706,1,directed
1501,2175,1,directed
1501,3580,1,directed
2667,837,1,directed
2667,932,1,directed
2667,1475,1,directed
2667,1706,1,directed
2667,2175,1,directed
2667,3580,1,directed
58,1707,1,directed
1501,1707,1,directed
2667,1707,1,directed
58,1708,1,directed
1501,1708,1,directed
2667,1708,1,directed
58,1709,1,directed
1501,1709,1,directed
2667,1709,1,directed
58,1710,1,directed
1501,1710,1,directed
2667,1710,1,directed
58,940,1,directed
58,1517,1,directed
58,1553,1,directed
58,1711,1,directed
58,1817,1,directed
58,1884,1,directed
58,2088,1,directed
58,2182,1,directed
58,2274,1,directed
58,2658,1,directed
1501,940,1,directed
1501,1517,1,directed
1501,1553,1,directed
1501,1711,1,directed
1501,1817,1,directed
1501,1884,1,directed
1501,2088,1,directed
1501,2182,1,directed
1501,2274,1,directed
1501,2658,1,directed
2667,940,1,directed
2667,1517,1,directed
2667,1553,1,directed
2667,1711,1,directed
2667,1817,1,directed
2667,1884,1,directed
2667,2088,1,directed
2667,2182,1,directed
2667,2274,1,directed
2667,2658,1,directed
58,1712,1,directed
1501,1712,1,directed
2667,1712,1,directed
58,942,1,directed
58,1305,1,directed
58,1495,1,directed
58,1518,1,directed
58,1555,1,directed
58,1713,1,directed
58,1818,1,directed
58,1885,1,directed
58,2091,1,directed
58,2184,1,directed
58,2275,1,directed
58,2769,1,directed
1501,942,1,directed
1501,1305,1,directed
1501,1495,1,directed
1501,1518,1,directed
1501,1555,1,directed
1501,1713,1,directed
1501,1818,1,directed
1501,1885,1,directed
1501,2091,1,directed
1501,2184,1,directed
1501,2275,1,directed
1501,2769,1,directed
2667,942,1,directed
2667,1305,1,directed
2667,1495,1,directed
2667,1518,1,directed
2667,1555,1,directed
2667,1713,1,directed
2667,1818,1,directed
2667,1885,1,directed
2667,2091,1,directed
2667,2184,1,directed
2667,2275,1,directed
2667,2769,1,directed
58,697,1,directed
58,1714,1,directed
58,2484,1,directed
58,3337,1,directed
1501,697,1,directed
1501,1714,1,directed
1501,2484,1,directed
1501,3337,1,directed
2667,697,1,directed
2667,1714,1,directed
2667,2484,1,directed
2667,3337,1,directed
58,943,1,directed
58,1496,1,directed
58,1520,1,directed
58,1558,1,directed
58,1715,1,directed
58,1819,1,directed
58,2093,1,directed
58,2187,1,directed
58,2278,1,directed
58,2773,1,directed
1501,943,1,directed
1501,1496,1,directed
1501,1520,1,directed
1501,1558,1,directed
1501,1715,1,directed
1501,1819,1,directed
1501,2093,1,directed
1501,2187,1,directed
1501,2278,1,directed
1501,2773,1,directed
2667,943,1,directed
2667,1496,1,directed
2667,1520,1,directed
2667,1558,1,directed
2667,1715,1,directed
2667,1819,1,directed
2667,2093,1,directed
2667,2187,1,directed
2667,2278,1,directed
2667,2773,1,directed
58,1716,1,directed
1501,1716,1,directed
2667,1716,1,directed
58,1717,1,directed
1501,1717,1,directed
2667,1717,1,directed
58,1718,1,directed
1501,1718,1,directed
2667,1718,1,directed
58,715,1,directed
58,1569,1,directed
58,1719,1,directed
58,3275,1,directed
1501,715,1,directed
1501,1569,1,directed
1501,1719,1,directed
1501,3275,1,directed
2667,715,1,directed
2667,1569,1,directed
2667,1719,1,directed
2667,3275,1,directed
58,946,1,directed
58,1499,1,directed
58,1571,1,directed
58,1720,1,directed
58,2196,1,directed
58,2282,1,directed
58,2664,1,directed
58,2783,1,directed
1501,946,1,directed
1501,1499,1,directed
1501,1571,1,directed
1501,1720,1,directed
1501,2196,1,directed
1501,2282,1,directed
1501,2664,1,directed
1501,2783,1,directed
2667,946,1,directed
2667,1499,1,directed
2667,1571,1,directed
2667,1720,1,directed
2667,2196,1,directed
2667,2282,1,directed
2667,2664,1,directed
2667,2783,1,directed
58,71,1,directed
58,1500,1,directed
58,1572,1,directed
58,1721,1,directed
58,1821,1,directed
58,1895,1,directed
58,2666,1,directed
1501,71,1,directed
1501,1500,1,directed
1501,1572,1,directed
1501,1721,1,directed
1501,1821,1,directed
1501,1895,1,directed
1501,2666,1,directed
2667,71,1,directed
2667,1500,1,directed
2667,1572,1,directed
2667,1721,1,directed
2667,1821,1,directed
2667,1895,1,directed
2667,2666,1,directed
58,52,1,directed
58,1722,1,directed
58,2197,1,directed
58,2785,1,directed
1501,52,1,directed
1501,1722,1,directed
1501,2197,1,directed
1501,2785,1,directed
2667,52,1,directed
2667,1722,1,directed
2667,2197,1,directed
2667,2785,1,directed
58,1502,1,directed
58,1527,1,directed
58,1577,1,directed
58,1723,1,directed
58,1822,1,directed
58,2198,1,directed
58,2283,1,directed
58,2668,1,directed
1501,1502,1,directed
1501,1527,1,directed
1501,1577,1,directed
1501,1723,1,directed
1501,1822,1,directed
1501,2198,1,directed
1501,2283,1,directed
1501,2668,1,directed
2667,1502,1,directed
2667,1527,1,directed
2667,1577,1,directed
2667,1723,1,directed
2667,1822,1,directed
2667,2198,1,directed
2667,2283,1,directed
2667,2668,1,directed
58,726,1,directed
58,1528,1,directed
58,1578,1,directed
58,1724,1,directed
58,1823,1,directed
58,2199,1,directed
58,2669,1,directed
58,2786,1,directed
58,3353,1,directed
1501,726,1,directed
1501,1528,1,directed
1501,1578,1,directed
1501,1724,1,directed
1501,1823,1,directed
1501,2199,1,directed
1501,2669,1,directed
1501,2786,1,directed
1501,3353,1,directed
2667,726,1,directed
2667,1528,1,directed
2667,1578,1,directed
2667,1724,1,directed
2667,1823,1,directed
2667,2199,1,directed
2667,2669,1,directed
2667,2786,1,directed
2667,3353,1,directed
58,1505,1,directed
58,1725,1,directed
1501,1505,1,directed
1501,1725,1,directed
2667,1505,1,directed
2667,1725,1,directed
58,1726,1,directed
1501,1726,1,directed
2667,1726,1,directed
58,739,1,directed
58,953,1,directed
58,1320,1,directed
58,1532,1,directed
58,1727,1,directed
58,1853,1,directed
58,2201,1,directed
58,2674,1,directed
58,3295,1,directed
1501,739,1,directed
1501,953,1,directed
1501,1320,1,directed
1501,1532,1,directed
1501,1727,1,directed
1501,1853,1,directed
1501,2201,1,directed
1501,2674,1,directed
1501,3295,1,directed
2667,739,1,directed
2667,953,1,directed
2667,1320,1,directed
2667,1532,1,directed
2667,1727,1,directed
2667,1853,1,directed
2667,2201,1,directed
2667,2674,1,directed
2667,3295,1,directed
59,1728,1,directed
283,1728,1,directed
59,1729,1,directed
283,1729,1,directed
59,1730,1,directed
283,1730,1,directed
59,1731,1,directed
283,1731,1,directed
59,265,1,directed
59,1732,1,directed
283,265,1,directed
283,1732,1,directed
59,1733,1,directed
283,1733,1,directed
59,267,1,directed
59,1734,1,directed
283,267,1,directed
283,1734,1,directed
59,268,1,directed
59,1735,1,directed
283,268,1,directed
283,1735,1,directed
59,1736,1,directed
283,1736,1,directed
59,1737,1,directed
283,1737,1,directed
59,1738,1,directed
283,1738,1,directed
59,270,1,directed
59,1739,1,directed
283,270,1,directed
283,1739,1,directed
59,1740,1,directed
283,1740,1,directed
59,271,1,directed
59,1741,1,directed
283,271,1,directed
283,1741,1,directed
59,1742,1,directed
283,1742,1,directed
59,1743,1,directed
283,1743,1,directed
59,274,1,directed
59,1744,1,directed
283,274,1,directed
283,1744,1,directed
59,1745,1,directed
283,1745,1,directed
59,1746,1,directed
283,1746,1,directed
59,275,1,directed
59,1747,1,directed
283,275,1,directed
283,1747,1,directed
59,1748,1,directed
283,1748,1,directed
59,1749,1,directed
283,1749,1,directed
59,1750,1,directed
283,1750,1,directed
59,1751,1,directed
283,1751,1,directed
59,1752,1,directed
283,1752,1,directed
59,1753,1,directed
283,1753,1,directed
59,282,1,directed
59,1754,1,directed
283,282,1,directed
283,1754,1,directed
59,1755,1,directed
283,1755,1,directed
59,1756,1,directed
283,1756,1,directed
59,1757,1,directed
283,1757,1,directed
59,1758,1,directed
283,1758,1,directed
59,284,1,directed
59,1759,1,directed
283,284,1,directed
283,1759,1,directed
59,1760,1,directed
283,1760,1,directed
59,1761,1,directed
283,1761,1,directed
59,1762,1,directed
283,1762,1,directed
59,1763,1,directed
283,1763,1,directed
59,1764,1,directed
283,1764,1,directed
59,1765,1,directed
283,1765,1,directed
59,1766,1,directed
283,1766,1,directed
59,1767,1,directed
283,1767,1,directed
60,1768,1,directed
60,1769,1,directed
60,1770,1,directed
60,1771,1,directed
60,1772,1,directed
60,3378,1,directed
60,1773,1,directed
60,1006,1,directed
60,1774,1,directed
60,1951,1,directed
60,2883,1,directed
60,3602,1,directed
60,1775,1,directed
60,1356,1,directed
60,1776,1,directed
60,3196,1,directed
60,1777,1,directed
60,2349,1,directed
60,1778,1,directed
60,1779,1,directed
60,1780,1,directed
60,1781,1,directed
60,1782,1,directed
60,1783,1,directed
60,1040,1,directed
60,1784,1,directed
60,2149,1,directed
60,2223,1,directed
60,2388,1,directed
60,2514,1,directed
60,3039,1,directed
60,3200,1,directed
60,3393,1,directed
60,3611,1,directed
60,1785,1,directed
60,2224,1,directed
60,2888,1,directed
60,2914,1,directed
60,1786,1,directed
60,1787,1,directed
60,1788,1,directed
60,1789,1,directed
60,1790,1,directed
60,1791,1,directed
60,1792,1,directed
60,1793,1,directed
60,1794,1,directed
60,1795,1,directed
60,1796,1,directed
60,1797,1,directed
60,1798,1,directed
60,1799,1,directed
60,1800,1,directed
60,1801,1,directed
60,1802,1,directed
60,1803,1,directed
60,1804,1,directed
61,919,1,directed
61,1487,1,directed
61,1506,1,directed
61,1533,1,directed
61,1694,1,directed
61,1805,1,directed
61,1854,1,directed
61,2064,1,directed
61,2168,1,directed
61,2253,1,directed
61,2642,1,directed
61,2747,1,directed
1575,919,1,directed
1575,1487,1,directed
1575,1506,1,directed
1575,1533,1,directed
1575,1694,1,directed
1575,1805,1,directed
1575,1854,1,directed
1575,2064,1,directed
1575,2168,1,directed
1575,2253,1,directed
1575,2642,1,directed
1575,2747,1,directed
61,1806,1,directed
1575,1806,1,directed
61,1807,1,directed
1575,1807,1,directed
61,36,1,directed
61,832,1,directed
61,1446,1,directed
61,1470,1,directed
61,1489,1,directed
61,1509,1,directed
61,1536,1,directed
61,1697,1,directed
61,1808,1,directed
61,1858,1,directed
61,2069,1,directed
61,2170,1,directed
61,2258,1,directed
61,2644,1,directed
61,2751,1,directed
1575,36,1,directed
1575,832,1,directed
1575,1446,1,directed
1575,1470,1,directed
1575,1489,1,directed
1575,1509,1,directed
1575,1536,1,directed
1575,1697,1,directed
1575,1808,1,directed
1575,1858,1,directed
1575,2069,1,directed
1575,2170,1,directed
1575,2258,1,directed
1575,2644,1,directed
1575,2751,1,directed
61,1809,1,directed
1575,1809,1,directed
61,924,1,directed
61,1490,1,directed
61,1511,1,directed
61,1539,1,directed
61,1702,1,directed
61,1810,1,directed
61,1865,1,directed
61,2075,1,directed
61,2171,1,directed
61,2262,1,directed
61,2648,1,directed
61,2755,1,directed
1575,924,1,directed
1575,1490,1,directed
1575,1511,1,directed
1575,1539,1,directed
1575,1702,1,directed
1575,1810,1,directed
1575,1865,1,directed
1575,2075,1,directed
1575,2171,1,directed
1575,2262,1,directed
1575,2648,1,directed
1575,2755,1,directed
61,1703,1,directed
61,1811,1,directed
1575,1703,1,directed
1575,1811,1,directed
61,445,1,directed
61,926,1,directed
61,1542,1,directed
61,1812,1,directed
1575,445,1,directed
1575,926,1,directed
1575,1542,1,directed
1575,1812,1,directed
61,1513,1,directed
61,1544,1,directed
61,1813,1,directed
1575,1513,1,directed
1575,1544,1,directed
1575,1813,1,directed
61,459,1,directed
61,936,1,directed
61,1547,1,directed
61,1814,1,directed
61,2081,1,directed
1575,459,1,directed
1575,936,1,directed
1575,1547,1,directed
1575,1814,1,directed
1575,2081,1,directed
61,1815,1,directed
1575,1815,1,directed
61,1816,1,directed
1575,1816,1,directed
61,940,1,directed
61,1517,1,directed
61,1553,1,directed
61,1711,1,directed
61,1817,1,directed
61,1884,1,directed
61,2088,1,directed
61,2182,1,directed
61,2274,1,directed
61,2658,1,directed
1575,940,1,directed
1575,1517,1,directed
1575,1553,1,directed
1575,1711,1,directed
1575,1817,1,directed
1575,1884,1,directed
1575,2088,1,directed
1575,2182,1,directed
1575,2274,1,directed
1575,2658,1,directed
61,942,1,directed
61,1305,1,directed
61,1495,1,directed
61,1518,1,directed
61,1555,1,directed
61,1713,1,directed
61,1818,1,directed
61,1885,1,directed
61,2091,1,directed
61,2184,1,directed
61,2275,1,directed
61,2769,1,directed
1575,942,1,directed
1575,1305,1,directed
1575,1495,1,directed
1575,1518,1,directed
1575,1555,1,directed
1575,1713,1,directed
1575,1818,1,directed
1575,1885,1,directed
1575,2091,1,directed
1575,2184,1,directed
1575,2275,1,directed
1575,2769,1,directed
61,943,1,directed
61,1496,1,directed
61,1520,1,directed
61,1558,1,directed
61,1715,1,directed
61,1819,1,directed
61,2093,1,directed
61,2187,1,directed
61,2278,1,directed
61,2773,1,directed
1575,943,1,directed
1575,1496,1,directed
1575,1520,1,directed
1575,1558,1,directed
1575,1715,1,directed
1575,1819,1,directed
1575,2093,1,directed
1575,2187,1,directed
1575,2278,1,directed
1575,2773,1,directed
61,1820,1,directed
1575,1820,1,directed
61,71,1,directed
61,1500,1,directed
61,1572,1,directed
61,1721,1,directed
61,1821,1,directed
61,1895,1,directed
61,2666,1,directed
1575,71,1,directed
1575,1500,1,directed
1575,1572,1,directed
1575,1721,1,directed
1575,1821,1,directed
1575,1895,1,directed
1575,2666,1,directed
61,1502,1,directed
61,1527,1,directed
61,1577,1,directed
61,1723,1,directed
61,1822,1,directed
61,2198,1,directed
61,2283,1,directed
61,2668,1,directed
1575,1502,1,directed
1575,1527,1,directed
1575,1577,1,directed
1575,1723,1,directed
1575,1822,1,directed
1575,2198,1,directed
1575,2283,1,directed
1575,2668,1,directed
61,726,1,directed
61,1528,1,directed
61,1578,1,directed
61,1724,1,directed
61,1823,1,directed
61,2199,1,directed
61,2669,1,directed
61,2786,1,directed
61,3353,1,directed
1575,726,1,directed
1575,1528,1,directed
1575,1578,1,directed
1575,1724,1,directed
1575,1823,1,directed
1575,2199,1,directed
1575,2669,1,directed
1575,2786,1,directed
1575,3353,1,directed
61,54,1,directed
61,727,1,directed
61,1503,1,directed
61,1529,1,directed
61,1824,1,directed
61,1896,1,directed
61,2200,1,directed
61,2670,1,directed
61,2788,1,directed
61,3283,1,directed
1575,54,1,directed
1575,727,1,directed
1575,1503,1,directed
1575,1529,1,directed
1575,1824,1,directed
1575,1896,1,directed
1575,2200,1,directed
1575,2670,1,directed
1575,2788,1,directed
1575,3283,1,directed
61,1825,1,directed
1575,1825,1,directed
61,480,1,directed
61,1584,1,directed
61,1826,1,directed
61,2104,1,directed
1575,480,1,directed
1575,1584,1,directed
1575,1826,1,directed
1575,2104,1,directed
61,1827,1,directed
1575,1827,1,directed
62,1828,1,directed
729,1828,1,directed
62,1284,1,directed
62,1829,1,directed
62,3256,1,directed
729,1284,1,directed
729,1829,1,directed
729,3256,1,directed
62,1830,1,directed
729,1830,1,directed
62,1287,1,directed
62,1538,1,directed
62,1831,1,directed
729,1287,1,directed
729,1538,1,directed
729,1831,1,directed
62,686,1,directed
62,1448,1,directed
62,1832,1,directed
62,2754,1,directed
729,686,1,directed
729,1448,1,directed
729,1832,1,directed
729,2754,1,directed
62,1833,1,directed
729,1833,1,directed
62,1834,1,directed
729,1834,1,directed
62,1294,1,directed
62,1835,1,directed
62,3263,1,directed
729,1294,1,directed
729,1835,1,directed
729,3263,1,directed
62,1298,1,directed
62,1836,1,directed
729,1298,1,directed
729,1836,1,directed
62,1837,1,directed
729,1837,1,directed
62,1838,1,directed
729,1838,1,directed
62,691,1,directed
62,1839,1,directed
729,691,1,directed
729,1839,1,directed
62,1840,1,directed
62,3332,1,directed
729,1840,1,directed
729,3332,1,directed
62,1841,1,directed
729,1841,1,directed
62,1842,1,directed
729,1842,1,directed
62,1843,1,directed
729,1843,1,directed
62,1844,1,directed
729,1844,1,directed
62,1845,1,directed
729,1845,1,directed
62,1846,1,directed
729,1846,1,directed
62,1847,1,directed
729,1847,1,directed
62,28,1,directed
62,714,1,directed
62,1848,1,directed
62,3273,1,directed
729,28,1,directed
729,714,1,directed
729,1848,1,directed
729,3273,1,directed
62,1849,1,directed
729,1849,1,directed
62,736,1,directed
62,847,1,directed
62,1465,1,directed
62,1485,1,directed
62,1850,1,directed
729,736,1,directed
729,847,1,directed
729,1465,1,directed
729,1485,1,directed
729,1850,1,directed
62,1851,1,directed
729,1851,1,directed
62,1852,1,directed
729,1852,1,directed
62,739,1,directed
62,953,1,directed
62,1320,1,directed
62,1532,1,directed
62,1727,1,directed
62,1853,1,directed
62,2201,1,directed
62,2674,1,directed
62,3295,1,directed
729,739,1,directed
729,953,1,directed
729,1320,1,directed
729,1532,1,directed
729,1727,1,directed
729,1853,1,directed
729,2201,1,directed
729,2674,1,directed
729,3295,1,directed
63,919,1,directed
63,1487,1,directed
63,1506,1,directed
63,1533,1,directed
63,1694,1,directed
63,1805,1,directed
63,1854,1,directed
63,2064,1,directed
63,2168,1,directed
63,2253,1,directed
63,2642,1,directed
63,2747,1,directed
63,1855,1,directed
63,1856,1,directed
63,1275,1,directed
63,1857,1,directed
63,2455,1,directed
63,36,1,directed
63,832,1,directed
63,1446,1,directed
63,1470,1,directed
63,1489,1,directed
63,1509,1,directed
63,1536,1,directed
63,1697,1,directed
63,1808,1,directed
63,1858,1,directed
63,2069,1,directed
63,2170,1,directed
63,2258,1,directed
63,2644,1,directed
63,2751,1,directed
63,1859,1,directed
63,1860,1,directed
63,1861,1,directed
63,2072,1,directed
63,2646,1,directed
63,1862,1,directed
63,1863,1,directed
63,1864,1,directed
63,924,1,directed
63,1490,1,directed
63,1511,1,directed
63,1539,1,directed
63,1702,1,directed
63,1810,1,directed
63,1865,1,directed
63,2075,1,directed
63,2171,1,directed
63,2262,1,directed
63,2648,1,directed
63,2755,1,directed
63,1866,1,directed
63,1867,1,directed
63,2076,1,directed
63,927,1,directed
63,1868,1,directed
63,1869,1,directed
63,1870,1,directed
63,1871,1,directed
63,1872,1,directed
63,1873,1,directed
63,1874,1,directed
63,1875,1,directed
63,1876,1,directed
63,1877,1,directed
63,1878,1,directed
63,1879,1,directed
63,2517,1,directed
63,1880,1,directed
63,694,1,directed
63,1881,1,directed
63,1882,1,directed
63,1883,1,directed
63,940,1,directed
63,1517,1,directed
63,1553,1,directed
63,1711,1,directed
63,1817,1,directed
63,1884,1,directed
63,2088,1,directed
63,2182,1,directed
63,2274,1,directed
63,2658,1,directed
63,942,1,directed
63,1305,1,directed
63,1495,1,directed
63,1518,1,directed
63,1555,1,directed
63,1713,1,directed
63,1818,1,directed
63,1885,1,directed
63,2091,1,directed
63,2184,1,directed
63,2275,1,directed
63,2769,1,directed
63,1886,1,directed
63,1887,1,directed
63,1888,1,directed
63,2527,1,directed
63,1889,1,directed
63,1890,1,directed
63,1891,1,directed
63,1892,1,directed
63,1893,1,directed
63,1894,1,directed
63,71,1,directed
63,1500,1,directed
63,1572,1,directed
63,1721,1,directed
63,1821,1,directed
63,1895,1,directed
63,2666,1,directed
63,54,1,directed
63,727,1,directed
63,1503,1,directed
63,1529,1,directed
63,1824,1,directed
63,1896,1,directed
63,2200,1,directed
63,2670,1,directed
63,2788,1,directed
63,3283,1,directed
64,1897,1,directed
64,1898,1,directed
64,1899,1,directed
64,1900,1,directed
64,1901,1,directed
64,1902,1,directed
64,1903,1,directed
64,1904,1,directed
64,1905,1,directed
64,1906,1,directed
64,1907,1,directed
64,1908,1,directed
64,1909,1,directed
64,2554,1,directed
64,1910,1,directed
64,1911,1,directed
64,1912,1,directed
64,782,1,directed
64,1913,1,directed
64,1914,1,directed
64,1915,1,directed
64,1916,1,directed
64,1917,1,directed
64,1918,1,directed
64,1919,1,directed
64,1920,1,directed
64,1921,1,directed
64,2573,1,directed
64,1922,1,directed
64,2574,1,directed
64,1923,1,directed
64,628,1,directed
64,1924,1,directed
64,1925,1,directed
64,1926,1,directed
64,1927,1,directed
64,1928,1,directed
64,2578,1,directed
64,1929,1,directed
64,1930,1,directed
64,796,1,directed
64,1931,1,directed
64,2580,1,directed
64,797,1,directed
64,1932,1,directed
64,1933,1,directed
64,1934,1,directed
64,1935,1,directed
64,1936,1,directed
64,1937,1,directed
64,30,1,directed
64,1938,1,directed
64,1939,1,directed
64,1940,1,directed
64,1941,1,directed
64,1942,1,directed
64,1943,1,directed
64,1944,1,directed
64,1945,1,directed
64,1946,1,directed
64,1947,1,directed
65,1948,1,directed
65,1949,1,directed
65,1950,1,directed
65,1006,1,directed
65,1774,1,directed
65,1951,1,directed
65,2883,1,directed
65,3602,1,directed
65,1952,1,directed
65,1953,1,directed
65,1954,1,directed
65,3608,1,directed
65,1955,1,directed
65,1956,1,directed
65,1957,1,directed
65,1958,1,directed
65,1959,1,directed
65,1960,1,directed
65,1961,1,directed
65,1962,1,directed
65,1021,1,directed
65,1087,1,directed
65,1963,1,directed
65,2237,1,directed
65,1964,1,directed
65,2238,1,directed
65,2520,1,directed
65,1965,1,directed
65,1966,1,directed
65,1967,1,directed
65,1968,1,directed
65,1969,1,directed
65,1970,1,directed
65,1971,1,directed
65,1972,1,directed
65,1062,1,directed
65,1092,1,directed
65,1196,1,directed
65,1267,1,directed
65,1321,1,directed
65,1693,1,directed
65,1973,1,directed
65,2252,1,directed
65,2452,1,directed
65,2934,1,directed
66,311,1,directed
66,1974,1,directed
336,311,1,directed
336,1974,1,directed
66,312,1,directed
66,1975,1,directed
336,312,1,directed
336,1975,1,directed
66,1154,1,directed
66,1976,1,directed
336,1154,1,directed
336,1976,1,directed
66,1977,1,directed
336,1977,1,directed
66,313,1,directed
66,1978,1,directed
336,313,1,directed
336,1978,1,directed
66,1979,1,directed
336,1979,1,directed
66,314,1,directed
66,1980,1,directed
336,314,1,directed
336,1980,1,directed
66,1981,1,directed
336,1981,1,directed
66,1982,1,directed
336,1982,1,directed
66,315,1,directed
66,1161,1,directed
66,1983,1,directed
336,315,1,directed
336,1161,1,directed
336,1983,1,directed
66,1984,1,directed
336,1984,1,directed
66,318,1,directed
66,1985,1,directed
336,318,1,directed
336,1985,1,directed
66,319,1,directed
66,755,1,directed
66,1986,1,directed
336,319,1,directed
336,755,1,directed
336,1986,1,directed
66,757,1,directed
66,1987,1,directed
336,757,1,directed
336,1987,1,directed
66,1988,1,directed
336,1988,1,directed
66,321,1,directed
66,1989,1,directed
336,321,1,directed
336,1989,1,directed
66,322,1,directed
66,1990,1,directed
336,322,1,directed
336,1990,1,directed
66,762,1,directed
66,1991,1,directed
336,762,1,directed
336,1991,1,directed
66,1992,1,directed
336,1992,1,directed
66,323,1,directed
66,1993,1,directed
336,323,1,directed
336,1993,1,directed
66,763,1,directed
66,1994,1,directed
336,763,1,directed
336,1994,1,directed
66,1995,1,directed
336,1995,1,directed
66,324,1,directed
66,1996,1,directed
336,324,1,directed
336,1996,1,directed
66,325,1,directed
66,1997,1,directed
336,325,1,directed
336,1997,1,directed
66,1998,1,directed
336,1998,1,directed
66,327,1,directed
66,1999,1,directed
336,327,1,directed
336,1999,1,directed
66,2000,1,directed
336,2000,1,directed
66,2001,1,directed
336,2001,1,directed
66,328,1,directed
66,2002,1,directed
336,328,1,directed
336,2002,1,directed
66,2003,1,directed
336,2003,1,directed
66,2004,1,directed
336,2004,1,directed
66,330,1,directed
66,1343,1,directed
66,2005,1,directed
66,2856,1,directed
336,330,1,directed
336,1343,1,directed
336,2005,1,directed
336,2856,1,directed
66,332,1,directed
66,1344,1,directed
66,2006,1,directed
336,332,1,directed
336,1344,1,directed
336,2006,1,directed
66,333,1,directed
66,1345,1,directed
66,2007,1,directed
336,333,1,directed
336,1345,1,directed
336,2007,1,directed
66,337,1,directed
66,2008,1,directed
336,337,1,directed
336,2008,1,directed
66,2009,1,directed
336,2009,1,directed
66,2010,1,directed
336,2010,1,directed
66,339,1,directed
66,2011,1,directed
336,339,1,directed
336,2011,1,directed
67,2012,1,directed
67,2013,1,directed
67,2014,1,directed
67,2015,1,directed
67,2016,1,directed
67,2017,1,directed
67,2018,1,directed
67,2019,1,directed
67,2020,1,directed
67,2021,1,directed
67,2022,1,directed
67,2023,1,directed
67,2024,1,directed
67,2025,1,directed
67,2026,1,directed
67,2027,1,directed
67,2028,1,directed
67,2029,1,directed
67,1113,1,directed
67,2030,1,directed
67,2031,1,directed
67,2032,1,directed
67,3471,1,directed
67,2033,1,directed
67,2034,1,directed
67,2035,1,directed
67,2036,1,directed
67,2037,1,directed
67,2038,1,directed
67,2039,1,directed
67,2040,1,directed
67,2041,1,directed
67,2042,1,directed
67,2043,1,directed
67,2044,1,directed
67,2045,1,directed
67,2046,1,directed
67,2047,1,directed
67,2048,1,directed
67,2049,1,directed
67,2050,1,directed
67,2051,1,directed
67,2052,1,directed
67,2053,1,directed
67,2054,1,directed
67,2055,1,directed
67,2056,1,directed
67,2057,1,directed
67,2058,1,directed
67,194,1,directed
67,308,1,directed
67,479,1,directed
67,738,1,directed
67,826,1,directed
67,1316,1,directed
67,1692,1,directed
67,2059,1,directed
67,2537,1,directed
67,2060,1,directed
67,2061,1,directed
67,1000,1,directed
67,2062,1,directed
67,1002,1,directed
67,2063,1,directed
68,919,1,directed
68,1487,1,directed
68,1506,1,directed
68,1533,1,directed
68,1694,1,directed
68,1805,1,directed
68,1854,1,directed
68,2064,1,directed
68,2168,1,directed
68,2253,1,directed
68,2642,1,directed
68,2747,1,directed
1576,919,1,directed
1576,1487,1,directed
1576,1506,1,directed
1576,1533,1,directed
1576,1694,1,directed
1576,1805,1,directed
1576,1854,1,directed
1576,2064,1,directed
1576,2168,1,directed
1576,2253,1,directed
1576,2642,1,directed
1576,2747,1,directed
68,1535,1,directed
68,2065,1,directed
68,2255,1,directed
1576,1535,1,directed
1576,2065,1,directed
1576,2255,1,directed
68,2066,1,directed
1576,2066,1,directed
68,2067,1,directed
1576,2067,1,directed
68,2068,1,directed
1576,2068,1,directed
68,36,1,directed
68,832,1,directed
68,1446,1,directed
68,1470,1,directed
68,1489,1,directed
68,1509,1,directed
68,1536,1,directed
68,1697,1,directed
68,1808,1,directed
68,1858,1,directed
68,2069,1,directed
68,2170,1,directed
68,2258,1,directed
68,2644,1,directed
68,2751,1,directed
1576,36,1,directed
1576,832,1,directed
1576,1446,1,directed
1576,1470,1,directed
1576,1489,1,directed
1576,1509,1,directed
1576,1536,1,directed
1576,1697,1,directed
1576,1808,1,directed
1576,1858,1,directed
1576,2069,1,directed
1576,2170,1,directed
1576,2258,1,directed
1576,2644,1,directed
1576,2751,1,directed
68,2070,1,directed
1576,2070,1,directed
68,2071,1,directed
1576,2071,1,directed
68,1861,1,directed
68,2072,1,directed
68,2646,1,directed
1576,1861,1,directed
1576,2072,1,directed
1576,2646,1,directed
68,2073,1,directed
1576,2073,1,directed
68,2074,1,directed
1576,2074,1,directed
68,924,1,directed
68,1490,1,directed
68,1511,1,directed
68,1539,1,directed
68,1702,1,directed
68,1810,1,directed
68,1865,1,directed
68,2075,1,directed
68,2171,1,directed
68,2262,1,directed
68,2648,1,directed
68,2755,1,directed
1576,924,1,directed
1576,1490,1,directed
1576,1511,1,directed
1576,1539,1,directed
1576,1702,1,directed
1576,1810,1,directed
1576,1865,1,directed
1576,2075,1,directed
1576,2171,1,directed
1576,2262,1,directed
1576,2648,1,directed
1576,2755,1,directed
68,1867,1,directed
68,2076,1,directed
1576,1867,1,directed
1576,2076,1,directed
68,1545,1,directed
68,2077,1,directed
1576,1545,1,directed
1576,2077,1,directed
68,2078,1,directed
1576,2078,1,directed
68,2079,1,directed
1576,2079,1,directed
68,2080,1,directed
1576,2080,1,directed
68,459,1,directed
68,936,1,directed
68,1547,1,directed
68,1814,1,directed
68,2081,1,directed
1576,459,1,directed
1576,936,1,directed
1576,1547,1,directed
1576,1814,1,directed
1576,2081,1,directed
68,2082,1,directed
1576,2082,1,directed
68,2083,1,directed
1576,2083,1,directed
68,938,1,directed
68,1493,1,directed
68,1549,1,directed
68,2084,1,directed
68,2179,1,directed
68,2270,1,directed
68,2655,1,directed
1576,938,1,directed
1576,1493,1,directed
1576,1549,1,directed
1576,2084,1,directed
1576,2179,1,directed
1576,2270,1,directed
1576,2655,1,directed
68,2085,1,directed
68,2657,1,directed
1576,2085,1,directed
1576,2657,1,directed
68,2086,1,directed
1576,2086,1,directed
68,2087,1,directed
1576,2087,1,directed
68,940,1,directed
68,1517,1,directed
68,1553,1,directed
68,1711,1,directed
68,1817,1,directed
68,1884,1,directed
68,2088,1,directed
68,2182,1,directed
68,2274,1,directed
68,2658,1,directed
1576,940,1,directed
1576,1517,1,directed
1576,1553,1,directed
1576,1711,1,directed
1576,1817,1,directed
1576,1884,1,directed
1576,2088,1,directed
1576,2182,1,directed
1576,2274,1,directed
1576,2658,1,directed
68,941,1,directed
68,1554,1,directed
68,2089,1,directed
68,2183,1,directed
68,2659,1,directed
68,2767,1,directed
1576,941,1,directed
1576,1554,1,directed
1576,2089,1,directed
1576,2183,1,directed
1576,2659,1,directed
1576,2767,1,directed
68,2090,1,directed
1576,2090,1,directed
68,942,1,directed
68,1305,1,directed
68,1495,1,directed
68,1518,1,directed
68,1555,1,directed
68,1713,1,directed
68,1818,1,directed
68,1885,1,directed
68,2091,1,directed
68,2184,1,directed
68,2275,1,directed
68,2769,1,directed
1576,942,1,directed
1576,1305,1,directed
1576,1495,1,directed
1576,1518,1,directed
1576,1555,1,directed
1576,1713,1,directed
1576,1818,1,directed
1576,1885,1,directed
1576,2091,1,directed
1576,2184,1,directed
1576,2275,1,directed
1576,2769,1,directed
68,2092,1,directed
1576,2092,1,directed
68,943,1,directed
68,1496,1,directed
68,1520,1,directed
68,1558,1,directed
68,1715,1,directed
68,1819,1,directed
68,2093,1,directed
68,2187,1,directed
68,2278,1,directed
68,2773,1,directed
1576,943,1,directed
1576,1496,1,directed
1576,1520,1,directed
1576,1558,1,directed
1576,1715,1,directed
1576,1819,1,directed
1576,2093,1,directed
1576,2187,1,directed
1576,2278,1,directed
1576,2773,1,directed
68,1559,1,directed
68,2094,1,directed
68,2661,1,directed
1576,1559,1,directed
1576,2094,1,directed
1576,2661,1,directed
68,2095,1,directed
1576,2095,1,directed
68,698,1,directed
68,2096,1,directed
68,2279,1,directed
68,2776,1,directed
1576,698,1,directed
1576,2096,1,directed
1576,2279,1,directed
1576,2776,1,directed
68,2097,1,directed
1576,2097,1,directed
68,2098,1,directed
1576,2098,1,directed
68,2099,1,directed
1576,2099,1,directed
68,2100,1,directed
1576,2100,1,directed
68,2101,1,directed
1576,2101,1,directed
68,2102,1,directed
1576,2102,1,directed
68,2103,1,directed
1576,2103,1,directed
68,480,1,directed
68,1584,1,directed
68,1826,1,directed
68,2104,1,directed
1576,480,1,directed
1576,1584,1,directed
1576,1826,1,directed
1576,2104,1,directed
69,2105,1,directed
69,2106,1,directed
69,2107,1,directed
69,2108,1,directed
69,2109,1,directed
69,2110,1,directed
69,2111,1,directed
69,2112,1,directed
69,2113,1,directed
69,2114,1,directed
69,2115,1,directed
69,2116,1,directed
69,2117,1,directed
69,2118,1,directed
69,2119,1,directed
69,2120,1,directed
69,2121,1,directed
69,2122,1,directed
69,2123,1,directed
69,2124,1,directed
69,2125,1,directed
69,2126,1,directed
69,2127,1,directed
69,2128,1,directed
69,2129,1,directed
69,2130,1,directed
69,2131,1,directed
69,2132,1,directed
69,2133,1,directed
69,2134,1,directed
69,2135,1,directed
69,2136,1,directed
69,2137,1,directed
69,2138,1,directed
69,2139,1,directed
69,2140,1,directed
69,2141,1,directed
69,2142,1,directed
69,2143,1,directed
70,2144,1,directed
70,2145,1,directed
70,2146,1,directed
70,2147,1,directed
70,2148,1,directed
70,1040,1,directed
70,1784,1,directed
70,2149,1,directed
70,2223,1,directed
70,2388,1,directed
70,2514,1,directed
70,3039,1,directed
70,3200,1,directed
70,3393,1,directed
70,3611,1,directed
70,1078,1,directed
70,1235,1,directed
70,2150,1,directed
70,1240,1,directed
70,2151,1,directed
70,3043,1,directed
70,2152,1,directed
70,1017,1,directed
70,1082,1,directed
70,2153,1,directed
70,2154,1,directed
70,2155,1,directed
70,2229,1,directed
70,3047,1,directed
70,1639,1,directed
70,2156,1,directed
70,2230,1,directed
70,2891,1,directed
70,3201,1,directed
70,1643,1,directed
70,2157,1,directed
70,2847,1,directed
70,3409,1,directed
70,2158,1,directed
70,1088,1,directed
70,2159,1,directed
70,2160,1,directed
70,2161,1,directed
70,2162,1,directed
70,2163,1,directed
70,2164,1,directed
70,2165,1,directed
70,2166,1,directed
70,2372,1,directed
70,2167,1,directed
71,919,1,directed
71,1487,1,directed
71,1506,1,directed
71,1533,1,directed
71,1694,1,directed
71,1805,1,directed
71,1854,1,directed
71,2064,1,directed
71,2168,1,directed
71,2253,1,directed
71,2642,1,directed
71,2747,1,directed
1500,919,1,directed
1500,1487,1,directed
1500,1506,1,directed
1500,1533,1,directed
1500,1694,1,directed
1500,1805,1,directed
1500,1854,1,directed
1500,2064,1,directed
1500,2168,1,directed
1500,2253,1,directed
1500,2642,1,directed
1500,2747,1,directed
1572,919,1,directed
1572,1487,1,directed
1572,1506,1,directed
1572,1533,1,directed
1572,1694,1,directed
1572,1805,1,directed
1572,1854,1,directed
1572,2064,1,directed
1572,2168,1,directed
1572,2253,1,directed
1572,2642,1,directed
1572,2747,1,directed
1721,919,1,directed
1721,1487,1,directed
1721,1506,1,directed
1721,1533,1,directed
1721,1694,1,directed
1721,1805,1,directed
1721,1854,1,directed
1721,2064,1,directed
1721,2168,1,directed
1721,2253,1,directed
1721,2642,1,directed
1721,2747,1,directed
1821,919,1,directed
1821,1487,1,directed
1821,1506,1,directed
1821,1533,1,directed
1821,1694,1,directed
1821,1805,1,directed
1821,1854,1,directed
1821,2064,1,directed
1821,2168,1,directed
1821,2253,1,directed
1821,2642,1,directed
1821,2747,1,directed
1895,919,1,directed
1895,1487,1,directed
1895,1506,1,directed
1895,1533,1,directed
1895,1694,1,directed
1895,1805,1,directed
1895,1854,1,directed
1895,2064,1,directed
1895,2168,1,directed
1895,2253,1,directed
1895,2642,1,directed
1895,2747,1,directed
2666,919,1,directed
2666,1487,1,directed
2666,1506,1,directed
2666,1533,1,directed
2666,1694,1,directed
2666,1805,1,directed
2666,1854,1,directed
2666,2064,1,directed
2666,2168,1,directed
2666,2253,1,directed
2666,2642,1,directed
2666,2747,1,directed
71,412,1,directed
71,1695,1,directed
71,2169,1,directed
1500,412,1,directed
1500,1695,1,directed
1500,2169,1,directed
1572,412,1,directed
1572,1695,1,directed
1572,2169,1,directed
1721,412,1,directed
1721,1695,1,directed
1721,2169,1,directed
1821,412,1,directed
1821,1695,1,directed
1821,2169,1,directed
1895,412,1,directed
1895,1695,1,directed
1895,2169,1,directed
2666,412,1,directed
2666,1695,1,directed
2666,2169,1,directed
71,36,1,directed
71,832,1,directed
71,1446,1,directed
71,1470,1,directed
71,1489,1,directed
71,1509,1,directed
71,1536,1,directed
71,1697,1,directed
71,1808,1,directed
71,1858,1,directed
71,2069,1,directed
71,2170,1,directed
71,2258,1,directed
71,2644,1,directed
71,2751,1,directed
1500,36,1,directed
1500,832,1,directed
1500,1446,1,directed
1500,1470,1,directed
1500,1489,1,directed
1500,1509,1,directed
1500,1536,1,directed
1500,1697,1,directed
1500,1808,1,directed
1500,1858,1,directed
1500,2069,1,directed
1500,2170,1,directed
1500,2258,1,directed
1500,2644,1,directed
1500,2751,1,directed
1572,36,1,directed
1572,832,1,directed
1572,1446,1,directed
1572,1470,1,directed
1572,1489,1,directed
1572,1509,1,directed
1572,1536,1,directed
1572,1697,1,directed
1572,1808,1,directed
1572,1858,1,directed
1572,2069,1,directed
1572,2170,1,directed
1572,2258,1,directed
1572,2644,1,directed
1572,2751,1,directed
1721,36,1,directed
1721,832,1,directed
1721,1446,1,directed
1721,1470,1,directed
1721,1489,1,directed
1721,1509,1,directed
1721,1536,1,directed
1721,1697,1,directed
1721,1808,1,directed
1721,1858,1,directed
1721,2069,1,directed
1721,2170,1,directed
1721,2258,1,directed
1721,2644,1,directed
1721,2751,1,directed
1821,36,1,directed
1821,832,1,directed
1821,1446,1,directed
1821,1470,1,directed
1821,1489,1,directed
1821,1509,1,directed
1821,1536,1,directed
1821,1697,1,directed
1821,1808,1,directed
1821,1858,1,directed
1821,2069,1,directed
1821,2170,1,directed
1821,2258,1,directed
1821,2644,1,directed
1821,2751,1,directed
1895,36,1,directed
1895,832,1,directed
1895,1446,1,directed
1895,1470,1,directed
1895,1489,1,directed
1895,1509,1,directed
1895,1536,1,directed
1895,1697,1,directed
1895,1808,1,directed
1895,1858,1,directed
1895,2069,1,directed
1895,2170,1,directed
1895,2258,1,directed
1895,2644,1,directed
1895,2751,1,directed
2666,36,1,directed
2666,832,1,directed
2666,1446,1,directed
2666,1470,1,directed
2666,1489,1,directed
2666,1509,1,directed
2666,1536,1,directed
2666,1697,1,directed
2666,1808,1,directed
2666,1858,1,directed
2666,2069,1,directed
2666,2170,1,directed
2666,2258,1,directed
2666,2644,1,directed
2666,2751,1,directed
71,924,1,directed
71,1490,1,directed
71,1511,1,directed
71,1539,1,directed
71,1702,1,directed
71,1810,1,directed
71,1865,1,directed
71,2075,1,directed
71,2171,1,directed
71,2262,1,directed
71,2648,1,directed
71,2755,1,directed
1500,924,1,directed
1500,1490,1,directed
1500,1511,1,directed
1500,1539,1,directed
1500,1702,1,directed
1500,1810,1,directed
1500,1865,1,directed
1500,2075,1,directed
1500,2171,1,directed
1500,2262,1,directed
1500,2648,1,directed
1500,2755,1,directed
1572,924,1,directed
1572,1490,1,directed
1572,1511,1,directed
1572,1539,1,directed
1572,1702,1,directed
1572,1810,1,directed
1572,1865,1,directed
1572,2075,1,directed
1572,2171,1,directed
1572,2262,1,directed
1572,2648,1,directed
1572,2755,1,directed
1721,924,1,directed
1721,1490,1,directed
1721,1511,1,directed
1721,1539,1,directed
1721,1702,1,directed
1721,1810,1,directed
1721,1865,1,directed
1721,2075,1,directed
1721,2171,1,directed
1721,2262,1,directed
1721,2648,1,directed
1721,2755,1,directed
1821,924,1,directed
1821,1490,1,directed
1821,1511,1,directed
1821,1539,1,directed
1821,1702,1,directed
1821,1810,1,directed
1821,1865,1,directed
1821,2075,1,directed
1821,2171,1,directed
1821,2262,1,directed
1821,2648,1,directed
1821,2755,1,directed
1895,924,1,directed
1895,1490,1,directed
1895,1511,1,directed
1895,1539,1,directed
1895,1702,1,directed
1895,1810,1,directed
1895,1865,1,directed
1895,2075,1,directed
1895,2171,1,directed
1895,2262,1,directed
1895,2648,1,directed
1895,2755,1,directed
2666,924,1,directed
2666,1490,1,directed
2666,1511,1,directed
2666,1539,1,directed
2666,1702,1,directed
2666,1810,1,directed
2666,1865,1,directed
2666,2075,1,directed
2666,2171,1,directed
2666,2262,1,directed
2666,2648,1,directed
2666,2755,1,directed
71,2172,1,directed
1500,2172,1,directed
1572,2172,1,directed
1721,2172,1,directed
1821,2172,1,directed
1895,2172,1,directed
2666,2172,1,directed
71,2173,1,directed
1500,2173,1,directed
1572,2173,1,directed
1721,2173,1,directed
1821,2173,1,directed
1895,2173,1,directed
2666,2173,1,directed
71,929,1,directed
71,1704,1,directed
71,2174,1,directed
71,2650,1,directed
1500,929,1,directed
1500,1704,1,directed
1500,2174,1,directed
1500,2650,1,directed
1572,929,1,directed
1572,1704,1,directed
1572,2174,1,directed
1572,2650,1,directed
1721,929,1,directed
1721,1704,1,directed
1721,2174,1,directed
1721,2650,1,directed
1821,929,1,directed
1821,1704,1,directed
1821,2174,1,directed
1821,2650,1,directed
1895,929,1,directed
1895,1704,1,directed
1895,2174,1,directed
1895,2650,1,directed
2666,929,1,directed
2666,1704,1,directed
2666,2174,1,directed
2666,2650,1,directed
71,837,1,directed
71,932,1,directed
71,1475,1,directed
71,1706,1,directed
71,2175,1,directed
71,3580,1,directed
1500,837,1,directed
1500,932,1,directed
1500,1475,1,directed
1500,1706,1,directed
1500,2175,1,directed
1500,3580,1,directed
1572,837,1,directed
1572,932,1,directed
1572,1475,1,directed
1572,1706,1,directed
1572,2175,1,directed
1572,3580,1,directed
1721,837,1,directed
1721,932,1,directed
1721,1475,1,directed
1721,1706,1,directed
1721,2175,1,directed
1721,3580,1,directed
1821,837,1,directed
1821,932,1,directed
1821,1475,1,directed
1821,1706,1,directed
1821,2175,1,directed
1821,3580,1,directed
1895,837,1,directed
1895,932,1,directed
1895,1475,1,directed
1895,1706,1,directed
1895,2175,1,directed
1895,3580,1,directed
2666,837,1,directed
2666,932,1,directed
2666,1475,1,directed
2666,1706,1,directed
2666,2175,1,directed
2666,3580,1,directed
71,935,1,directed
71,1492,1,directed
71,2176,1,directed
1500,935,1,directed
1500,1492,1,directed
1500,2176,1,directed
1572,935,1,directed
1572,1492,1,directed
1572,2176,1,directed
1721,935,1,directed
1721,1492,1,directed
1721,2176,1,directed
1821,935,1,directed
1821,1492,1,directed
1821,2176,1,directed
1895,935,1,directed
1895,1492,1,directed
1895,2176,1,directed
2666,935,1,directed
2666,1492,1,directed
2666,2176,1,directed
71,2177,1,directed
1500,2177,1,directed
1572,2177,1,directed
1721,2177,1,directed
1821,2177,1,directed
1895,2177,1,directed
2666,2177,1,directed
71,1548,1,directed
71,2178,1,directed
71,2518,1,directed
1500,1548,1,directed
1500,2178,1,directed
1500,2518,1,directed
1572,1548,1,directed
1572,2178,1,directed
1572,2518,1,directed
1721,1548,1,directed
1721,2178,1,directed
1721,2518,1,directed
1821,1548,1,directed
1821,2178,1,directed
1821,2518,1,directed
1895,1548,1,directed
1895,2178,1,directed
1895,2518,1,directed
2666,1548,1,directed
2666,2178,1,directed
2666,2518,1,directed
71,938,1,directed
71,1493,1,directed
71,1549,1,directed
71,2084,1,directed
71,2179,1,directed
71,2270,1,directed
71,2655,1,directed
1500,938,1,directed
1500,1493,1,directed
1500,1549,1,directed
1500,2084,1,directed
1500,2179,1,directed
1500,2270,1,directed
1500,2655,1,directed
1572,938,1,directed
1572,1493,1,directed
1572,1549,1,directed
1572,2084,1,directed
1572,2179,1,directed
1572,2270,1,directed
1572,2655,1,directed
1721,938,1,directed
1721,1493,1,directed
1721,1549,1,directed
1721,2084,1,directed
1721,2179,1,directed
1721,2270,1,directed
1721,2655,1,directed
1821,938,1,directed
1821,1493,1,directed
1821,1549,1,directed
1821,2084,1,directed
1821,2179,1,directed
1821,2270,1,directed
1821,2655,1,directed
1895,938,1,directed
1895,1493,1,directed
1895,1549,1,directed
1895,2084,1,directed
1895,2179,1,directed
1895,2270,1,directed
1895,2655,1,directed
2666,938,1,directed
2666,1493,1,directed
2666,1549,1,directed
2666,2084,1,directed
2666,2179,1,directed
2666,2270,1,directed
2666,2655,1,directed
71,2180,1,directed
1500,2180,1,directed
1572,2180,1,directed
1721,2180,1,directed
1821,2180,1,directed
1895,2180,1,directed
2666,2180,1,directed
71,939,1,directed
71,1552,1,directed
71,2181,1,directed
1500,939,1,directed
1500,1552,1,directed
1500,2181,1,directed
1572,939,1,directed
1572,1552,1,directed
1572,2181,1,directed
1721,939,1,directed
1721,1552,1,directed
1721,2181,1,directed
1821,939,1,directed
1821,1552,1,directed
1821,2181,1,directed
1895,939,1,directed
1895,1552,1,directed
1895,2181,1,directed
2666,939,1,directed
2666,1552,1,directed
2666,2181,1,directed
71,940,1,directed
71,1517,1,directed
71,1553,1,directed
71,1711,1,directed
71,1817,1,directed
71,1884,1,directed
71,2088,1,directed
71,2182,1,directed
71,2274,1,directed
71,2658,1,directed
1500,940,1,directed
1500,1517,1,directed
1500,1553,1,directed
1500,1711,1,directed
1500,1817,1,directed
1500,1884,1,directed
1500,2088,1,directed
1500,2182,1,directed
1500,2274,1,directed
1500,2658,1,directed
1572,940,1,directed
1572,1517,1,directed
1572,1553,1,directed
1572,1711,1,directed
1572,1817,1,directed
1572,1884,1,directed
1572,2088,1,directed
1572,2182,1,directed
1572,2274,1,directed
1572,2658,1,directed
1721,940,1,directed
1721,1517,1,directed
1721,1553,1,directed
1721,1711,1,directed
1721,1817,1,directed
1721,1884,1,directed
1721,2088,1,directed
1721,2182,1,directed
1721,2274,1,directed
1721,2658,1,directed
1821,940,1,directed
1821,1517,1,directed
1821,1553,1,directed
1821,1711,1,directed
1821,1817,1,directed
1821,1884,1,directed
1821,2088,1,directed
1821,2182,1,directed
1821,2274,1,directed
1821,2658,1,directed
1895,940,1,directed
1895,1517,1,directed
1895,1553,1,directed
1895,1711,1,directed
1895,1817,1,directed
1895,1884,1,directed
1895,2088,1,directed
1895,2182,1,directed
1895,2274,1,directed
1895,2658,1,directed
2666,940,1,directed
2666,1517,1,directed
2666,1553,1,directed
2666,1711,1,directed
2666,1817,1,directed
2666,1884,1,directed
2666,2088,1,directed
2666,2182,1,directed
2666,2274,1,directed
2666,2658,1,directed
71,941,1,directed
71,1554,1,directed
71,2089,1,directed
71,2183,1,directed
71,2659,1,directed
71,2767,1,directed
1500,941,1,directed
1500,1554,1,directed
1500,2089,1,directed
1500,2183,1,directed
1500,2659,1,directed
1500,2767,1,directed
1572,941,1,directed
1572,1554,1,directed
1572,2089,1,directed
1572,2183,1,directed
1572,2659,1,directed
1572,2767,1,directed
1721,941,1,directed
1721,1554,1,directed
1721,2089,1,directed
1721,2183,1,directed
1721,2659,1,directed
1721,2767,1,directed
1821,941,1,directed
1821,1554,1,directed
1821,2089,1,directed
1821,2183,1,directed
1821,2659,1,directed
1821,2767,1,directed
1895,941,1,directed
1895,1554,1,directed
1895,2089,1,directed
1895,2183,1,directed
1895,2659,1,directed
1895,2767,1,directed
2666,941,1,directed
2666,1554,1,directed
2666,2089,1,directed
2666,2183,1,directed
2666,2659,1,directed
2666,2767,1,directed
71,942,1,directed
71,1305,1,directed
71,1495,1,directed
71,1518,1,directed
71,1555,1,directed
71,1713,1,directed
71,1818,1,directed
71,1885,1,directed
71,2091,1,directed
71,2184,1,directed
71,2275,1,directed
71,2769,1,directed
1500,942,1,directed
1500,1305,1,directed
1500,1495,1,directed
1500,1518,1,directed
1500,1555,1,directed
1500,1713,1,directed
1500,1818,1,directed
1500,1885,1,directed
1500,2091,1,directed
1500,2184,1,directed
1500,2275,1,directed
1500,2769,1,directed
1572,942,1,directed
1572,1305,1,directed
1572,1495,1,directed
1572,1518,1,directed
1572,1555,1,directed
1572,1713,1,directed
1572,1818,1,directed
1572,1885,1,directed
1572,2091,1,directed
1572,2184,1,directed
1572,2275,1,directed
1572,2769,1,directed
1721,942,1,directed
1721,1305,1,directed
1721,1495,1,directed
1721,1518,1,directed
1721,1555,1,directed
1721,1713,1,directed
1721,1818,1,directed
1721,1885,1,directed
1721,2091,1,directed
1721,2184,1,directed
1721,2275,1,directed
1721,2769,1,directed
1821,942,1,directed
1821,1305,1,directed
1821,1495,1,directed
1821,1518,1,directed
1821,1555,1,directed
1821,1713,1,directed
1821,1818,1,directed
1821,1885,1,directed
1821,2091,1,directed
1821,2184,1,directed
1821,2275,1,directed
1821,2769,1,directed
1895,942,1,directed
1895,1305,1,directed
1895,1495,1,directed
1895,1518,1,directed
1895,1555,1,directed
1895,1713,1,directed
1895,1818,1,directed
1895,1885,1,directed
1895,2091,1,directed
1895,2184,1,directed
1895,2275,1,directed
1895,2769,1,directed
2666,942,1,directed
2666,1305,1,directed
2666,1495,1,directed
2666,1518,1,directed
2666,1555,1,directed
2666,1713,1,directed
2666,1818,1,directed
2666,1885,1,directed
2666,2091,1,directed
2666,2184,1,directed
2666,2275,1,directed
2666,2769,1,directed
71,2185,1,directed
1500,2185,1,directed
1572,2185,1,directed
1721,2185,1,directed
1821,2185,1,directed
1895,2185,1,directed
2666,2185,1,directed
71,46,1,directed
71,2186,1,directed
71,2660,1,directed
1500,46,1,directed
1500,2186,1,directed
1500,2660,1,directed
1572,46,1,directed
1572,2186,1,directed
1572,2660,1,directed
1721,46,1,directed
1721,2186,1,directed
1721,2660,1,directed
1821,46,1,directed
1821,2186,1,directed
1821,2660,1,directed
1895,46,1,directed
1895,2186,1,directed
1895,2660,1,directed
2666,46,1,directed
2666,2186,1,directed
2666,2660,1,directed
71,943,1,directed
71,1496,1,directed
71,1520,1,directed
71,1558,1,directed
71,1715,1,directed
71,1819,1,directed
71,2093,1,directed
71,2187,1,directed
71,2278,1,directed
71,2773,1,directed
1500,943,1,directed
1500,1496,1,directed
1500,1520,1,directed
1500,1558,1,directed
1500,1715,1,directed
1500,1819,1,directed
1500,2093,1,directed
1500,2187,1,directed
1500,2278,1,directed
1500,2773,1,directed
1572,943,1,directed
1572,1496,1,directed
1572,1520,1,directed
1572,1558,1,directed
1572,1715,1,directed
1572,1819,1,directed
1572,2093,1,directed
1572,2187,1,directed
1572,2278,1,directed
1572,2773,1,directed
1721,943,1,directed
1721,1496,1,directed
1721,1520,1,directed
1721,1558,1,directed
1721,1715,1,directed
1721,1819,1,directed
1721,2093,1,directed
1721,2187,1,directed
1721,2278,1,directed
1721,2773,1,directed
1821,943,1,directed
1821,1496,1,directed
1821,1520,1,directed
1821,1558,1,directed
1821,1715,1,directed
1821,1819,1,directed
1821,2093,1,directed
1821,2187,1,directed
1821,2278,1,directed
1821,2773,1,directed
1895,943,1,directed
1895,1496,1,directed
1895,1520,1,directed
1895,1558,1,directed
1895,1715,1,directed
1895,1819,1,directed
1895,2093,1,directed
1895,2187,1,directed
1895,2278,1,directed
1895,2773,1,directed
2666,943,1,directed
2666,1496,1,directed
2666,1520,1,directed
2666,1558,1,directed
2666,1715,1,directed
2666,1819,1,directed
2666,2093,1,directed
2666,2187,1,directed
2666,2278,1,directed
2666,2773,1,directed
71,2188,1,directed
1500,2188,1,directed
1572,2188,1,directed
1721,2188,1,directed
1821,2188,1,directed
1895,2188,1,directed
2666,2188,1,directed
71,701,1,directed
71,844,1,directed
71,1460,1,directed
71,1482,1,directed
71,1521,1,directed
71,1561,1,directed
71,2189,1,directed
71,2777,1,directed
71,3341,1,directed
71,3439,1,directed
1500,701,1,directed
1500,844,1,directed
1500,1460,1,directed
1500,1482,1,directed
1500,1521,1,directed
1500,1561,1,directed
1500,2189,1,directed
1500,2777,1,directed
1500,3341,1,directed
1500,3439,1,directed
1572,701,1,directed
1572,844,1,directed
1572,1460,1,directed
1572,1482,1,directed
1572,1521,1,directed
1572,1561,1,directed
1572,2189,1,directed
1572,2777,1,directed
1572,3341,1,directed
1572,3439,1,directed
1721,701,1,directed
1721,844,1,directed
1721,1460,1,directed
1721,1482,1,directed
1721,1521,1,directed
1721,1561,1,directed
1721,2189,1,directed
1721,2777,1,directed
1721,3341,1,directed
1721,3439,1,directed
1821,701,1,directed
1821,844,1,directed
1821,1460,1,directed
1821,1482,1,directed
1821,1521,1,directed
1821,1561,1,directed
1821,2189,1,directed
1821,2777,1,directed
1821,3341,1,directed
1821,3439,1,directed
1895,701,1,directed
1895,844,1,directed
1895,1460,1,directed
1895,1482,1,directed
1895,1521,1,directed
1895,1561,1,directed
1895,2189,1,directed
1895,2777,1,directed
1895,3341,1,directed
1895,3439,1,directed
2666,701,1,directed
2666,844,1,directed
2666,1460,1,directed
2666,1482,1,directed
2666,1521,1,directed
2666,1561,1,directed
2666,2189,1,directed
2666,2777,1,directed
2666,3341,1,directed
2666,3439,1,directed
71,2190,1,directed
1500,2190,1,directed
1572,2190,1,directed
1721,2190,1,directed
1821,2190,1,directed
1895,2190,1,directed
2666,2190,1,directed
71,845,1,directed
71,1483,1,directed
71,1497,1,directed
71,2191,1,directed
71,3271,1,directed
1500,845,1,directed
1500,1483,1,directed
1500,1497,1,directed
1500,2191,1,directed
1500,3271,1,directed
1572,845,1,directed
1572,1483,1,directed
1572,1497,1,directed
1572,2191,1,directed
1572,3271,1,directed
1721,845,1,directed
1721,1483,1,directed
1721,1497,1,directed
1721,2191,1,directed
1721,3271,1,directed
1821,845,1,directed
1821,1483,1,directed
1821,1497,1,directed
1821,2191,1,directed
1821,3271,1,directed
1895,845,1,directed
1895,1483,1,directed
1895,1497,1,directed
1895,2191,1,directed
1895,3271,1,directed
2666,845,1,directed
2666,1483,1,directed
2666,1497,1,directed
2666,2191,1,directed
2666,3271,1,directed
71,2192,1,directed
1500,2192,1,directed
1572,2192,1,directed
1721,2192,1,directed
1821,2192,1,directed
1895,2192,1,directed
2666,2192,1,directed
71,1564,1,directed
71,2193,1,directed
1500,1564,1,directed
1500,2193,1,directed
1572,1564,1,directed
1572,2193,1,directed
1721,1564,1,directed
1721,2193,1,directed
1821,1564,1,directed
1821,2193,1,directed
1895,1564,1,directed
1895,2193,1,directed
2666,1564,1,directed
2666,2193,1,directed
71,707,1,directed
71,846,1,directed
71,1462,1,directed
71,1484,1,directed
71,2194,1,directed
71,2487,1,directed
71,3442,1,directed
1500,707,1,directed
1500,846,1,directed
1500,1462,1,directed
1500,1484,1,directed
1500,2194,1,directed
1500,2487,1,directed
1500,3442,1,directed
1572,707,1,directed
1572,846,1,directed
1572,1462,1,directed
1572,1484,1,directed
1572,2194,1,directed
1572,2487,1,directed
1572,3442,1,directed
1721,707,1,directed
1721,846,1,directed
1721,1462,1,directed
1721,1484,1,directed
1721,2194,1,directed
1721,2487,1,directed
1721,3442,1,directed
1821,707,1,directed
1821,846,1,directed
1821,1462,1,directed
1821,1484,1,directed
1821,2194,1,directed
1821,2487,1,directed
1821,3442,1,directed
1895,707,1,directed
1895,846,1,directed
1895,1462,1,directed
1895,1484,1,directed
1895,2194,1,directed
1895,2487,1,directed
1895,3442,1,directed
2666,707,1,directed
2666,846,1,directed
2666,1462,1,directed
2666,1484,1,directed
2666,2194,1,directed
2666,2487,1,directed
2666,3442,1,directed
71,2195,1,directed
1500,2195,1,directed
1572,2195,1,directed
1721,2195,1,directed
1821,2195,1,directed
1895,2195,1,directed
2666,2195,1,directed
71,946,1,directed
71,1499,1,directed
71,1571,1,directed
71,1720,1,directed
71,2196,1,directed
71,2282,1,directed
71,2664,1,directed
71,2783,1,directed
1500,946,1,directed
1500,1499,1,directed
1500,1571,1,directed
1500,1720,1,directed
1500,2196,1,directed
1500,2282,1,directed
1500,2664,1,directed
1500,2783,1,directed
1572,946,1,directed
1572,1499,1,directed
1572,1571,1,directed
1572,1720,1,directed
1572,2196,1,directed
1572,2282,1,directed
1572,2664,1,directed
1572,2783,1,directed
1721,946,1,directed
1721,1499,1,directed
1721,1571,1,directed
1721,1720,1,directed
1721,2196,1,directed
1721,2282,1,directed
1721,2664,1,directed
1721,2783,1,directed
1821,946,1,directed
1821,1499,1,directed
1821,1571,1,directed
1821,1720,1,directed
1821,2196,1,directed
1821,2282,1,directed
1821,2664,1,directed
1821,2783,1,directed
1895,946,1,directed
1895,1499,1,directed
1895,1571,1,directed
1895,1720,1,directed
1895,2196,1,directed
1895,2282,1,directed
1895,2664,1,directed
1895,2783,1,directed
2666,946,1,directed
2666,1499,1,directed
2666,1571,1,directed
2666,1720,1,directed
2666,2196,1,directed
2666,2282,1,directed
2666,2664,1,directed
2666,2783,1,directed
71,52,1,directed
71,1722,1,directed
71,2197,1,directed
71,2785,1,directed
1500,52,1,directed
1500,1722,1,directed
1500,2197,1,directed
1500,2785,1,directed
1572,52,1,directed
1572,1722,1,directed
1572,2197,1,directed
1572,2785,1,directed
1721,52,1,directed
1721,1722,1,directed
1721,2197,1,directed
1721,2785,1,directed
1821,52,1,directed
1821,1722,1,directed
1821,2197,1,directed
1821,2785,1,directed
1895,52,1,directed
1895,1722,1,directed
1895,2197,1,directed
1895,2785,1,directed
2666,52,1,directed
2666,1722,1,directed
2666,2197,1,directed
2666,2785,1,directed
71,1502,1,directed
71,1527,1,directed
71,1577,1,directed
71,1723,1,directed
71,1822,1,directed
71,2198,1,directed
71,2283,1,directed
71,2668,1,directed
1500,1502,1,directed
1500,1527,1,directed
1500,1577,1,directed
1500,1723,1,directed
1500,1822,1,directed
1500,2198,1,directed
1500,2283,1,directed
1500,2668,1,directed
1572,1502,1,directed
1572,1527,1,directed
1572,1577,1,directed
1572,1723,1,directed
1572,1822,1,directed
1572,2198,1,directed
1572,2283,1,directed
1572,2668,1,directed
1721,1502,1,directed
1721,1527,1,directed
1721,1577,1,directed
1721,1723,1,directed
1721,1822,1,directed
1721,2198,1,directed
1721,2283,1,directed
1721,2668,1,directed
1821,1502,1,directed
1821,1527,1,directed
1821,1577,1,directed
1821,1723,1,directed
1821,1822,1,directed
1821,2198,1,directed
1821,2283,1,directed
1821,2668,1,directed
1895,1502,1,directed
1895,1527,1,directed
1895,1577,1,directed
1895,1723,1,directed
1895,1822,1,directed
1895,2198,1,directed
1895,2283,1,directed
1895,2668,1,directed
2666,1502,1,directed
2666,1527,1,directed
2666,1577,1,directed
2666,1723,1,directed
2666,1822,1,directed
2666,2198,1,directed
2666,2283,1,directed
2666,2668,1,directed
71,726,1,directed
71,1528,1,directed
71,1578,1,directed
71,1724,1,directed
71,1823,1,directed
71,2199,1,directed
71,2669,1,directed
71,2786,1,directed
71,3353,1,directed
1500,726,1,directed
1500,1528,1,directed
1500,1578,1,directed
1500,1724,1,directed
1500,1823,1,directed
1500,2199,1,directed
1500,2669,1,directed
1500,2786,1,directed
1500,3353,1,directed
1572,726,1,directed
1572,1528,1,directed
1572,1578,1,directed
1572,1724,1,directed
1572,1823,1,directed
1572,2199,1,directed
1572,2669,1,directed
1572,2786,1,directed
1572,3353,1,directed
1721,726,1,directed
1721,1528,1,directed
1721,1578,1,directed
1721,1724,1,directed
1721,1823,1,directed
1721,2199,1,directed
1721,2669,1,directed
1721,2786,1,directed
1721,3353,1,directed
1821,726,1,directed
1821,1528,1,directed
1821,1578,1,directed
1821,1724,1,directed
1821,1823,1,directed
1821,2199,1,directed
1821,2669,1,directed
1821,2786,1,directed
1821,3353,1,directed
1895,726,1,directed
1895,1528,1,directed
1895,1578,1,directed
1895,1724,1,directed
1895,1823,1,directed
1895,2199,1,directed
1895,2669,1,directed
1895,2786,1,directed
1895,3353,1,directed
2666,726,1,directed
2666,1528,1,directed
2666,1578,1,directed
2666,1724,1,directed
2666,1823,1,directed
2666,2199,1,directed
2666,2669,1,directed
2666,2786,1,directed
2666,3353,1,directed
71,54,1,directed
71,727,1,directed
71,1503,1,directed
71,1529,1,directed
71,1824,1,directed
71,1896,1,directed
71,2200,1,directed
71,2670,1,directed
71,2788,1,directed
71,3283,1,directed
1500,54,1,directed
1500,727,1,directed
1500,1503,1,directed
1500,1529,1,directed
1500,1824,1,directed
1500,1896,1,directed
1500,2200,1,directed
1500,2670,1,directed
1500,2788,1,directed
1500,3283,1,directed
1572,54,1,directed
1572,727,1,directed
1572,1503,1,directed
1572,1529,1,directed
1572,1824,1,directed
1572,1896,1,directed
1572,2200,1,directed
1572,2670,1,directed
1572,2788,1,directed
1572,3283,1,directed
1721,54,1,directed
1721,727,1,directed
1721,1503,1,directed
1721,1529,1,directed
1721,1824,1,directed
1721,1896,1,directed
1721,2200,1,directed
1721,2670,1,directed
1721,2788,1,directed
1721,3283,1,directed
1821,54,1,directed
1821,727,1,directed
1821,1503,1,directed
1821,1529,1,directed
1821,1824,1,directed
1821,1896,1,directed
1821,2200,1,directed
1821,2670,1,directed
1821,2788,1,directed
1821,3283,1,directed
1895,54,1,directed
1895,727,1,directed
1895,1503,1,directed
1895,1529,1,directed
1895,1824,1,directed
1895,1896,1,directed
1895,2200,1,directed
1895,2670,1,directed
1895,2788,1,directed
1895,3283,1,directed
2666,54,1,directed
2666,727,1,directed
2666,1503,1,directed
2666,1529,1,directed
2666,1824,1,directed
2666,1896,1,directed
2666,2200,1,directed
2666,2670,1,directed
2666,2788,1,directed
2666,3283,1,directed
71,739,1,directed
71,953,1,directed
71,1320,1,directed
71,1532,1,directed
71,1727,1,directed
71,1853,1,directed
71,2201,1,directed
71,2674,1,directed
71,3295,1,directed
1500,739,1,directed
1500,953,1,directed
1500,1320,1,directed
1500,1532,1,directed
1500,1727,1,directed
1500,1853,1,directed
1500,2201,1,directed
1500,2674,1,directed
1500,3295,1,directed
1572,739,1,directed
1572,953,1,directed
1572,1320,1,directed
1572,1532,1,directed
1572,1727,1,directed
1572,1853,1,directed
1572,2201,1,directed
1572,2674,1,directed
1572,3295,1,directed
1721,739,1,directed
1721,953,1,directed
1721,1320,1,directed
1721,1532,1,directed
1721,1727,1,directed
1721,1853,1,directed
1721,2201,1,directed
1721,2674,1,directed
1721,3295,1,directed
1821,739,1,directed
1821,953,1,directed
1821,1320,1,directed
1821,1532,1,directed
1821,1727,1,directed
1821,1853,1,directed
1821,2201,1,directed
1821,2674,1,directed
1821,3295,1,directed
1895,739,1,directed
1895,953,1,directed
1895,1320,1,directed
1895,1532,1,directed
1895,1727,1,directed
1895,1853,1,directed
1895,2201,1,directed
1895,2674,1,directed
1895,3295,1,directed
2666,739,1,directed
2666,953,1,directed
2666,1320,1,directed
2666,1532,1,directed
2666,1727,1,directed
2666,1853,1,directed
2666,2201,1,directed
2666,2674,1,directed
2666,3295,1,directed
71,2202,1,directed
1500,2202,1,directed
1572,2202,1,directed
1721,2202,1,directed
1821,2202,1,directed
1895,2202,1,directed
2666,2202,1,directed
72,1220,1,directed
72,2203,1,directed
3637,1220,1,directed
3637,2203,1,directed
72,921,1,directed
72,1324,1,directed
72,2204,1,directed
3637,921,1,directed
3637,1324,1,directed
3637,2204,1,directed
72,2205,1,directed
3637,2205,1,directed
72,2206,1,directed
3637,2206,1,directed
72,2207,1,directed
72,2344,1,directed
3637,2207,1,directed
3637,2344,1,directed
72,2208,1,directed
3637,2208,1,directed
72,2209,1,directed
3637,2209,1,directed
72,1071,1,directed
72,2210,1,directed
3637,1071,1,directed
3637,2210,1,directed
72,2211,1,directed
3637,2211,1,directed
72,2212,1,directed
3637,2212,1,directed
72,1011,1,directed
72,1228,1,directed
72,2213,1,directed
72,2886,1,directed
72,3198,1,directed
72,3577,1,directed
3637,1011,1,directed
3637,1228,1,directed
3637,2213,1,directed
3637,2886,1,directed
3637,3198,1,directed
3637,3577,1,directed
72,2214,1,directed
3637,2214,1,directed
72,2215,1,directed
3637,2215,1,directed
72,2216,1,directed
3637,2216,1,directed
72,2217,1,directed
3637,2217,1,directed
72,2218,1,directed
3637,2218,1,directed
72,2219,1,directed
3637,2219,1,directed
72,2220,1,directed
3637,2220,1,directed
72,1016,1,directed
72,2221,1,directed
3637,1016,1,directed
3637,2221,1,directed
72,2222,1,directed
3637,2222,1,directed
72,1040,1,directed
72,1784,1,directed
72,2149,1,directed
72,2223,1,directed
72,2388,1,directed
72,2514,1,directed
72,3039,1,directed
72,3200,1,directed
72,3393,1,directed
72,3611,1,directed
3637,1040,1,directed
3637,1784,1,directed
3637,2149,1,directed
3637,2223,1,directed
3637,2388,1,directed
3637,2514,1,directed
3637,3039,1,directed
3637,3200,1,directed
3637,3393,1,directed
3637,3611,1,directed
72,1785,1,directed
72,2224,1,directed
72,2888,1,directed
72,2914,1,directed
3637,1785,1,directed
3637,2224,1,directed
3637,2888,1,directed
3637,2914,1,directed
72,2225,1,directed
72,3400,1,directed
3637,2225,1,directed
3637,3400,1,directed
72,2226,1,directed
3637,2226,1,directed
72,2227,1,directed
3637,2227,1,directed
72,2228,1,directed
3637,2228,1,directed
72,2155,1,directed
72,2229,1,directed
72,3047,1,directed
3637,2155,1,directed
3637,2229,1,directed
3637,3047,1,directed
72,1639,1,directed
72,2156,1,directed
72,2230,1,directed
72,2891,1,directed
72,3201,1,directed
3637,1639,1,directed
3637,2156,1,directed
3637,2230,1,directed
3637,2891,1,directed
3637,3201,1,directed
72,2231,1,directed
3637,2231,1,directed
72,1211,1,directed
72,1249,1,directed
72,2232,1,directed
72,3204,1,directed
72,3619,1,directed
3637,1211,1,directed
3637,1249,1,directed
3637,2232,1,directed
3637,3204,1,directed
3637,3619,1,directed
72,2233,1,directed
72,3205,1,directed
3637,2233,1,directed
3637,3205,1,directed
72,1648,1,directed
72,2234,1,directed
72,3622,1,directed
3637,1648,1,directed
3637,2234,1,directed
3637,3622,1,directed
72,2235,1,directed
3637,2235,1,directed
72,2236,1,directed
3637,2236,1,directed
72,1021,1,directed
72,1087,1,directed
72,1963,1,directed
72,2237,1,directed
3637,1021,1,directed
3637,1087,1,directed
3637,1963,1,directed
3637,2237,1,directed
72,1964,1,directed
72,2238,1,directed
72,2520,1,directed
3637,1964,1,directed
3637,2238,1,directed
3637,2520,1,directed
72,2239,1,directed
3637,2239,1,directed
72,2240,1,directed
3637,2240,1,directed
72,2241,1,directed
3637,2241,1,directed
72,2242,1,directed
3637,2242,1,directed
72,2243,1,directed
72,3213,1,directed
3637,2243,1,directed
3637,3213,1,directed
72,2244,1,directed
3637,2244,1,directed
72,208,1,directed
72,2245,1,directed
3637,208,1,directed
3637,2245,1,directed
72,2246,1,directed
3637,2246,1,directed
72,2247,1,directed
3637,2247,1,directed
72,2248,1,directed
3637,2248,1,directed
72,1060,1,directed
72,2249,1,directed
3637,1060,1,directed
3637,2249,1,directed
72,2250,1,directed
3637,2250,1,directed
72,2251,1,directed
3637,2251,1,directed
72,1062,1,directed
72,1092,1,directed
72,1196,1,directed
72,1267,1,directed
72,1321,1,directed
72,1693,1,directed
72,1973,1,directed
72,2252,1,directed
72,2452,1,directed
72,2934,1,directed
3637,1062,1,directed
3637,1092,1,directed
3637,1196,1,directed
3637,1267,1,directed
3637,1321,1,directed
3637,1693,1,directed
3637,1973,1,directed
3637,2252,1,directed
3637,2452,1,directed
3637,2934,1,directed
73,919,1,directed
73,1487,1,directed
73,1506,1,directed
73,1533,1,directed
73,1694,1,directed
73,1805,1,directed
73,1854,1,directed
73,2064,1,directed
73,2168,1,directed
73,2253,1,directed
73,2642,1,directed
73,2747,1,directed
1579,919,1,directed
1579,1487,1,directed
1579,1506,1,directed
1579,1533,1,directed
1579,1694,1,directed
1579,1805,1,directed
1579,1854,1,directed
1579,2064,1,directed
1579,2168,1,directed
1579,2253,1,directed
1579,2642,1,directed
1579,2747,1,directed
2787,919,1,directed
2787,1487,1,directed
2787,1506,1,directed
2787,1533,1,directed
2787,1694,1,directed
2787,1805,1,directed
2787,1854,1,directed
2787,2064,1,directed
2787,2168,1,directed
2787,2253,1,directed
2787,2642,1,directed
2787,2747,1,directed
73,920,1,directed
73,1534,1,directed
73,2254,1,directed
73,2501,1,directed
1579,920,1,directed
1579,1534,1,directed
1579,2254,1,directed
1579,2501,1,directed
2787,920,1,directed
2787,1534,1,directed
2787,2254,1,directed
2787,2501,1,directed
73,1535,1,directed
73,2065,1,directed
73,2255,1,directed
1579,1535,1,directed
1579,2065,1,directed
1579,2255,1,directed
2787,1535,1,directed
2787,2065,1,directed
2787,2255,1,directed
73,922,1,directed
73,2256,1,directed
73,2643,1,directed
1579,922,1,directed
1579,2256,1,directed
1579,2643,1,directed
2787,922,1,directed
2787,2256,1,directed
2787,2643,1,directed
73,1508,1,directed
73,2257,1,directed
1579,1508,1,directed
1579,2257,1,directed
2787,1508,1,directed
2787,2257,1,directed
73,36,1,directed
73,832,1,directed
73,1446,1,directed
73,1470,1,directed
73,1489,1,directed
73,1509,1,directed
73,1536,1,directed
73,1697,1,directed
73,1808,1,directed
73,1858,1,directed
73,2069,1,directed
73,2170,1,directed
73,2258,1,directed
73,2644,1,directed
73,2751,1,directed
1579,36,1,directed
1579,832,1,directed
1579,1446,1,directed
1579,1470,1,directed
1579,1489,1,directed
1579,1509,1,directed
1579,1536,1,directed
1579,1697,1,directed
1579,1808,1,directed
1579,1858,1,directed
1579,2069,1,directed
1579,2170,1,directed
1579,2258,1,directed
1579,2644,1,directed
1579,2751,1,directed
2787,36,1,directed
2787,832,1,directed
2787,1446,1,directed
2787,1470,1,directed
2787,1489,1,directed
2787,1509,1,directed
2787,1536,1,directed
2787,1697,1,directed
2787,1808,1,directed
2787,1858,1,directed
2787,2069,1,directed
2787,2170,1,directed
2787,2258,1,directed
2787,2644,1,directed
2787,2751,1,directed
73,2259,1,directed
1579,2259,1,directed
2787,2259,1,directed
73,2260,1,directed
1579,2260,1,directed
2787,2260,1,directed
73,2261,1,directed
1579,2261,1,directed
2787,2261,1,directed
73,924,1,directed
73,1490,1,directed
73,1511,1,directed
73,1539,1,directed
73,1702,1,directed
73,1810,1,directed
73,1865,1,directed
73,2075,1,directed
73,2171,1,directed
73,2262,1,directed
73,2648,1,directed
73,2755,1,directed
1579,924,1,directed
1579,1490,1,directed
1579,1511,1,directed
1579,1539,1,directed
1579,1702,1,directed
1579,1810,1,directed
1579,1865,1,directed
1579,2075,1,directed
1579,2171,1,directed
1579,2262,1,directed
1579,2648,1,directed
1579,2755,1,directed
2787,924,1,directed
2787,1490,1,directed
2787,1511,1,directed
2787,1539,1,directed
2787,1702,1,directed
2787,1810,1,directed
2787,1865,1,directed
2787,2075,1,directed
2787,2171,1,directed
2787,2262,1,directed
2787,2648,1,directed
2787,2755,1,directed
73,1541,1,directed
73,2263,1,directed
1579,1541,1,directed
1579,2263,1,directed
2787,1541,1,directed
2787,2263,1,directed
73,928,1,directed
73,1543,1,directed
73,2264,1,directed
73,2465,1,directed
73,2512,1,directed
1579,928,1,directed
1579,1543,1,directed
1579,2264,1,directed
1579,2465,1,directed
1579,2512,1,directed
2787,928,1,directed
2787,1543,1,directed
2787,2264,1,directed
2787,2465,1,directed
2787,2512,1,directed
73,931,1,directed
73,2265,1,directed
73,2651,1,directed
1579,931,1,directed
1579,2265,1,directed
1579,2651,1,directed
2787,931,1,directed
2787,2265,1,directed
2787,2651,1,directed
73,2266,1,directed
1579,2266,1,directed
2787,2266,1,directed
73,2267,1,directed
1579,2267,1,directed
2787,2267,1,directed
73,2268,1,directed
1579,2268,1,directed
2787,2268,1,directed
73,2269,1,directed
1579,2269,1,directed
2787,2269,1,directed
73,938,1,directed
73,1493,1,directed
73,1549,1,directed
73,2084,1,directed
73,2179,1,directed
73,2270,1,directed
73,2655,1,directed
1579,938,1,directed
1579,1493,1,directed
1579,1549,1,directed
1579,2084,1,directed
1579,2179,1,directed
1579,2270,1,directed
1579,2655,1,directed
2787,938,1,directed
2787,1493,1,directed
2787,1549,1,directed
2787,2084,1,directed
2787,2179,1,directed
2787,2270,1,directed
2787,2655,1,directed
73,2271,1,directed
1579,2271,1,directed
2787,2271,1,directed
73,2272,1,directed
73,2656,1,directed
73,2763,1,directed
73,3436,1,directed
1579,2272,1,directed
1579,2656,1,directed
1579,2763,1,directed
1579,3436,1,directed
2787,2272,1,directed
2787,2656,1,directed
2787,2763,1,directed
2787,3436,1,directed
73,2273,1,directed
1579,2273,1,directed
2787,2273,1,directed
73,940,1,directed
73,1517,1,directed
73,1553,1,directed
73,1711,1,directed
73,1817,1,directed
73,1884,1,directed
73,2088,1,directed
73,2182,1,directed
73,2274,1,directed
73,2658,1,directed
1579,940,1,directed
1579,1517,1,directed
1579,1553,1,directed
1579,1711,1,directed
1579,1817,1,directed
1579,1884,1,directed
1579,2088,1,directed
1579,2182,1,directed
1579,2274,1,directed
1579,2658,1,directed
2787,940,1,directed
2787,1517,1,directed
2787,1553,1,directed
2787,1711,1,directed
2787,1817,1,directed
2787,1884,1,directed
2787,2088,1,directed
2787,2182,1,directed
2787,2274,1,directed
2787,2658,1,directed
73,942,1,directed
73,1305,1,directed
73,1495,1,directed
73,1518,1,directed
73,1555,1,directed
73,1713,1,directed
73,1818,1,directed
73,1885,1,directed
73,2091,1,directed
73,2184,1,directed
73,2275,1,directed
73,2769,1,directed
1579,942,1,directed
1579,1305,1,directed
1579,1495,1,directed
1579,1518,1,directed
1579,1555,1,directed
1579,1713,1,directed
1579,1818,1,directed
1579,1885,1,directed
1579,2091,1,directed
1579,2184,1,directed
1579,2275,1,directed
1579,2769,1,directed
2787,942,1,directed
2787,1305,1,directed
2787,1495,1,directed
2787,1518,1,directed
2787,1555,1,directed
2787,1713,1,directed
2787,1818,1,directed
2787,1885,1,directed
2787,2091,1,directed
2787,2184,1,directed
2787,2275,1,directed
2787,2769,1,directed
73,2276,1,directed
1579,2276,1,directed
2787,2276,1,directed
73,1557,1,directed
73,2277,1,directed
1579,1557,1,directed
1579,2277,1,directed
2787,1557,1,directed
2787,2277,1,directed
73,943,1,directed
73,1496,1,directed
73,1520,1,directed
73,1558,1,directed
73,1715,1,directed
73,1819,1,directed
73,2093,1,directed
73,2187,1,directed
73,2278,1,directed
73,2773,1,directed
1579,943,1,directed
1579,1496,1,directed
1579,1520,1,directed
1579,1558,1,directed
1579,1715,1,directed
1579,1819,1,directed
1579,2093,1,directed
1579,2187,1,directed
1579,2278,1,directed
1579,2773,1,directed
2787,943,1,directed
2787,1496,1,directed
2787,1520,1,directed
2787,1558,1,directed
2787,1715,1,directed
2787,1819,1,directed
2787,2093,1,directed
2787,2187,1,directed
2787,2278,1,directed
2787,2773,1,directed
73,698,1,directed
73,2096,1,directed
73,2279,1,directed
73,2776,1,directed
1579,698,1,directed
1579,2096,1,directed
1579,2279,1,directed
1579,2776,1,directed
2787,698,1,directed
2787,2096,1,directed
2787,2279,1,directed
2787,2776,1,directed
73,2280,1,directed
1579,2280,1,directed
2787,2280,1,directed
73,706,1,directed
73,1498,1,directed
73,2281,1,directed
1579,706,1,directed
1579,1498,1,directed
1579,2281,1,directed
2787,706,1,directed
2787,1498,1,directed
2787,2281,1,directed
73,946,1,directed
73,1499,1,directed
73,1571,1,directed
73,1720,1,directed
73,2196,1,directed
73,2282,1,directed
73,2664,1,directed
73,2783,1,directed
1579,946,1,directed
1579,1499,1,directed
1579,1571,1,directed
1579,1720,1,directed
1579,2196,1,directed
1579,2282,1,directed
1579,2664,1,directed
1579,2783,1,directed
2787,946,1,directed
2787,1499,1,directed
2787,1571,1,directed
2787,1720,1,directed
2787,2196,1,directed
2787,2282,1,directed
2787,2664,1,directed
2787,2783,1,directed
73,1502,1,directed
73,1527,1,directed
73,1577,1,directed
73,1723,1,directed
73,1822,1,directed
73,2198,1,directed
73,2283,1,directed
73,2668,1,directed
1579,1502,1,directed
1579,1527,1,directed
1579,1577,1,directed
1579,1723,1,directed
1579,1822,1,directed
1579,2198,1,directed
1579,2283,1,directed
1579,2668,1,directed
2787,1502,1,directed
2787,1527,1,directed
2787,1577,1,directed
2787,1723,1,directed
2787,1822,1,directed
2787,2198,1,directed
2787,2283,1,directed
2787,2668,1,directed
74,2284,1,directed
74,2285,1,directed
74,2286,1,directed
74,2287,1,directed
74,2288,1,directed
74,3459,1,directed
74,2289,1,directed
74,2290,1,directed
74,2291,1,directed
74,2292,1,directed
74,2293,1,directed
74,2294,1,directed
74,2295,1,directed
74,2296,1,directed
74,2297,1,directed
74,2298,1,directed
74,2299,1,directed
74,2300,1,directed
74,2301,1,directed
74,2302,1,directed
74,2303,1,directed
74,2304,1,directed
74,2305,1,directed
74,2306,1,directed
74,2307,1,directed
74,2308,1,directed
74,2309,1,directed
74,2310,1,directed
74,2311,1,directed
74,2312,1,directed
74,2313,1,directed
74,2314,1,directed
74,2315,1,directed
74,2316,1,directed
74,2317,1,directed
74,2318,1,directed
74,2319,1,directed
74,2320,1,directed
74,585,1,directed
74,2321,1,directed
74,2322,1,directed
74,2323,1,directed
74,2324,1,directed
74,2325,1,directed
74,2326,1,directed
74,2327,1,directed
74,2328,1,directed
74,2329,1,directed
74,2330,1,directed
74,2331,1,directed
74,2332,1,directed
74,2333,1,directed
74,676,1,directed
74,2334,1,directed
74,2818,1,directed
74,400,1,directed
74,677,1,directed
74,2335,1,directed
74,2336,1,directed
74,2337,1,directed
74,2338,1,directed
74,2339,1,directed
74,2340,1,directed
74,2341,1,directed
74,2342,1,directed
75,2343,1,directed
75,2207,1,directed
75,2344,1,directed
75,2345,1,directed
75,2346,1,directed
75,2347,1,directed
75,2348,1,directed
75,1777,1,directed
75,2349,1,directed
75,2350,1,directed
75,2351,1,directed
75,2352,1,directed
75,2353,1,directed
75,2354,1,directed
75,2355,1,directed
75,2356,1,directed
75,2357,1,directed
75,2358,1,directed
75,2359,1,directed
75,2360,1,directed
75,2361,1,directed
75,2362,1,directed
75,2363,1,directed
75,2364,1,directed
75,2365,1,directed
75,2366,1,directed
75,1251,1,directed
75,2367,1,directed
75,3207,1,directed
75,2368,1,directed
75,2369,1,directed
75,3629,1,directed
75,2370,1,directed
75,2371,1,directed
75,2166,1,directed
75,2372,1,directed
75,2373,1,directed
75,2374,1,directed
75,2375,1,directed
75,1192,1,directed
75,1218,1,directed
75,2376,1,directed
75,2377,1,directed
76,2378,1,directed
3596,2378,1,directed
3660,2378,1,directed
76,2379,1,directed
3596,2379,1,directed
3660,2379,1,directed
76,2380,1,directed
3596,2380,1,directed
3660,2380,1,directed
76,2381,1,directed
76,2614,1,directed
3596,2381,1,directed
3596,2614,1,directed
3660,2381,1,directed
3660,2614,1,directed
76,2382,1,directed
3596,2382,1,directed
3660,2382,1,directed
76,2383,1,directed
3596,2383,1,directed
3660,2383,1,directed
76,2384,1,directed
3596,2384,1,directed
3660,2384,1,directed
76,1230,1,directed
76,2385,1,directed
76,3607,1,directed
3596,1230,1,directed
3596,2385,1,directed
3596,3607,1,directed
3660,1230,1,directed
3660,2385,1,directed
3660,3607,1,directed
76,2386,1,directed
3596,2386,1,directed
3660,2386,1,directed
76,2387,1,directed
76,3610,1,directed
3596,2387,1,directed
3596,3610,1,directed
3660,2387,1,directed
3660,3610,1,directed
76,1040,1,directed
76,1784,1,directed
76,2149,1,directed
76,2223,1,directed
76,2388,1,directed
76,2514,1,directed
76,3039,1,directed
76,3200,1,directed
76,3393,1,directed
76,3611,1,directed
3596,1040,1,directed
3596,1784,1,directed
3596,2149,1,directed
3596,2223,1,directed
3596,2388,1,directed
3596,2514,1,directed
3596,3039,1,directed
3596,3200,1,directed
3596,3393,1,directed
3596,3611,1,directed
3660,1040,1,directed
3660,1784,1,directed
3660,2149,1,directed
3660,2223,1,directed
3660,2388,1,directed
3660,2514,1,directed
3660,3039,1,directed
3660,3200,1,directed
3660,3393,1,directed
3660,3611,1,directed
76,2389,1,directed
3596,2389,1,directed
3660,2389,1,directed
76,2390,1,directed
3596,2390,1,directed
3660,2390,1,directed
76,2391,1,directed
3596,2391,1,directed
3660,2391,1,directed
76,2392,1,directed
3596,2392,1,directed
3660,2392,1,directed
76,2393,1,directed
3596,2393,1,directed
3660,2393,1,directed
76,2394,1,directed
3596,2394,1,directed
3660,2394,1,directed
76,2395,1,directed
3596,2395,1,directed
3660,2395,1,directed
76,2396,1,directed
3596,2396,1,directed
3660,2396,1,directed
76,2397,1,directed
3596,2397,1,directed
3660,2397,1,directed
76,2398,1,directed
3596,2398,1,directed
3660,2398,1,directed
76,1045,1,directed
76,1247,1,directed
76,1641,1,directed
76,2399,1,directed
76,3202,1,directed
3596,1045,1,directed
3596,1247,1,directed
3596,1641,1,directed
3596,2399,1,directed
3596,3202,1,directed
3660,1045,1,directed
3660,1247,1,directed
3660,1641,1,directed
3660,2399,1,directed
3660,3202,1,directed
76,2400,1,directed
76,3617,1,directed
3596,2400,1,directed
3596,3617,1,directed
3660,2400,1,directed
3660,3617,1,directed
76,2401,1,directed
3596,2401,1,directed
3660,2401,1,directed
76,2402,1,directed
76,3618,1,directed
3596,2402,1,directed
3596,3618,1,directed
3660,2402,1,directed
3660,3618,1,directed
76,2403,1,directed
3596,2403,1,directed
3660,2403,1,directed
76,2404,1,directed
3596,2404,1,directed
3660,2404,1,directed
76,2405,1,directed
3596,2405,1,directed
3660,2405,1,directed
76,2406,1,directed
3596,2406,1,directed
3660,2406,1,directed
76,2407,1,directed
3596,2407,1,directed
3660,2407,1,directed
76,2408,1,directed
76,3413,1,directed
3596,2408,1,directed
3596,3413,1,directed
3660,2408,1,directed
3660,3413,1,directed
76,2409,1,directed
3596,2409,1,directed
3660,2409,1,directed
76,2410,1,directed
3596,2410,1,directed
3660,2410,1,directed
76,2411,1,directed
3596,2411,1,directed
3660,2411,1,directed
76,2412,1,directed
3596,2412,1,directed
3660,2412,1,directed
76,2413,1,directed
3596,2413,1,directed
3660,2413,1,directed
76,2414,1,directed
3596,2414,1,directed
3660,2414,1,directed
76,1655,1,directed
76,2415,1,directed
3596,1655,1,directed
3596,2415,1,directed
3660,1655,1,directed
3660,2415,1,directed
76,2416,1,directed
3596,2416,1,directed
3660,2416,1,directed
76,2417,1,directed
3596,2417,1,directed
3660,2417,1,directed
76,2418,1,directed
3596,2418,1,directed
3660,2418,1,directed
76,2419,1,directed
3596,2419,1,directed
3660,2419,1,directed
76,2420,1,directed
76,3051,1,directed
76,3631,1,directed
3596,2420,1,directed
3596,3051,1,directed
3596,3631,1,directed
3660,2420,1,directed
3660,3051,1,directed
3660,3631,1,directed
76,2421,1,directed
3596,2421,1,directed
3660,2421,1,directed
76,2422,1,directed
76,3632,1,directed
3596,2422,1,directed
3596,3632,1,directed
3660,2422,1,directed
3660,3632,1,directed
76,2423,1,directed
76,2925,1,directed
3596,2423,1,directed
3596,2925,1,directed
3660,2423,1,directed
3660,2925,1,directed
76,2424,1,directed
3596,2424,1,directed
3660,2424,1,directed
76,2425,1,directed
3596,2425,1,directed
3660,2425,1,directed
76,2426,1,directed
76,3215,1,directed
3596,2426,1,directed
3596,3215,1,directed
3660,2426,1,directed
3660,3215,1,directed
76,2427,1,directed
3596,2427,1,directed
3660,2427,1,directed
76,2428,1,directed
76,3587,1,directed
3596,2428,1,directed
3596,3587,1,directed
3660,2428,1,directed
3660,3587,1,directed
76,2429,1,directed
76,3635,1,directed
3596,2429,1,directed
3596,3635,1,directed
3660,2429,1,directed
3660,3635,1,directed
76,2430,1,directed
3596,2430,1,directed
3660,2430,1,directed
76,2431,1,directed
3596,2431,1,directed
3660,2431,1,directed
76,2432,1,directed
76,3589,1,directed
76,3639,1,directed
3596,2432,1,directed
3596,3589,1,directed
3596,3639,1,directed
3660,2432,1,directed
3660,3589,1,directed
3660,3639,1,directed
76,2433,1,directed
3596,2433,1,directed
3660,2433,1,directed
76,2434,1,directed
76,3641,1,directed
3596,2434,1,directed
3596,3641,1,directed
3660,2434,1,directed
3660,3641,1,directed
76,2435,1,directed
76,3643,1,directed
3596,2435,1,directed
3596,3643,1,directed
3660,2435,1,directed
3660,3643,1,directed
76,2436,1,directed
3596,2436,1,directed
3660,2436,1,directed
76,2437,1,directed
76,3590,1,directed
3596,2437,1,directed
3596,3590,1,directed
3660,2437,1,directed
3660,3590,1,directed
76,2438,1,directed
3596,2438,1,directed
3660,2438,1,directed
76,2439,1,directed
3596,2439,1,directed
3660,2439,1,directed
76,2440,1,directed
3596,2440,1,directed
3660,2440,1,directed
76,2441,1,directed
3596,2441,1,directed
3660,2441,1,directed
76,2442,1,directed
3596,2442,1,directed
3660,2442,1,directed
76,2443,1,directed
76,3649,1,directed
3596,2443,1,directed
3596,3649,1,directed
3660,2443,1,directed
3660,3649,1,directed
76,2444,1,directed
76,3062,1,directed
3596,2444,1,directed
3596,3062,1,directed
3660,2444,1,directed
3660,3062,1,directed
76,2445,1,directed
76,3592,1,directed
76,3651,1,directed
3596,2445,1,directed
3596,3592,1,directed
3596,3651,1,directed
3660,2445,1,directed
3660,3592,1,directed
3660,3651,1,directed
76,2446,1,directed
76,3653,1,directed
3596,2446,1,directed
3596,3653,1,directed
3660,2446,1,directed
3660,3653,1,directed
76,2447,1,directed
76,3656,1,directed
3596,2447,1,directed
3596,3656,1,directed
3660,2447,1,directed
3660,3656,1,directed
76,2448,1,directed
76,3657,1,directed
3596,2448,1,directed
3596,3657,1,directed
3660,2448,1,directed
3660,3657,1,directed
76,2449,1,directed
76,3659,1,directed
3596,2449,1,directed
3596,3659,1,directed
3660,2449,1,directed
3660,3659,1,directed
76,2450,1,directed
3596,2450,1,directed
3660,2450,1,directed
76,2451,1,directed
3596,2451,1,directed
3660,2451,1,directed
76,1062,1,directed
76,1092,1,directed
76,1196,1,directed
76,1267,1,directed
76,1321,1,directed
76,1693,1,directed
76,1973,1,directed
76,2252,1,directed
76,2452,1,directed
76,2934,1,directed
3596,1062,1,directed
3596,1092,1,directed
3596,1196,1,directed
3596,1267,1,directed
3596,1321,1,directed
3596,1693,1,directed
3596,1973,1,directed
3596,2252,1,directed
3596,2452,1,directed
3596,2934,1,directed
3660,1062,1,directed
3660,1092,1,directed
3660,1196,1,directed
3660,1267,1,directed
3660,1321,1,directed
3660,1693,1,directed
3660,1973,1,directed
3660,2252,1,directed
3660,2452,1,directed
3660,2934,1,directed
77,2453,1,directed
3288,2453,1,directed
77,2454,1,directed
3288,2454,1,directed
77,1275,1,directed
77,1857,1,directed
77,2455,1,directed
3288,1275,1,directed
3288,1857,1,directed
3288,2455,1,directed
77,2456,1,directed
3288,2456,1,directed
77,2457,1,directed
3288,2457,1,directed
77,2458,1,directed
3288,2458,1,directed
77,2459,1,directed
3288,2459,1,directed
77,2460,1,directed
3288,2460,1,directed
77,2461,1,directed
3288,2461,1,directed
77,2462,1,directed
3288,2462,1,directed
77,2463,1,directed
3288,2463,1,directed
77,835,1,directed
77,1473,1,directed
77,2464,1,directed
77,3322,1,directed
3288,835,1,directed
3288,1473,1,directed
3288,2464,1,directed
3288,3322,1,directed
77,928,1,directed
77,1543,1,directed
77,2264,1,directed
77,2465,1,directed
77,2512,1,directed
3288,928,1,directed
3288,1543,1,directed
3288,2264,1,directed
3288,2465,1,directed
3288,2512,1,directed
77,2466,1,directed
3288,2466,1,directed
77,2467,1,directed
3288,2467,1,directed
77,2468,1,directed
3288,2468,1,directed
77,2469,1,directed
3288,2469,1,directed
77,2470,1,directed
3288,2470,1,directed
77,2471,1,directed
77,3265,1,directed
3288,2471,1,directed
3288,3265,1,directed
77,937,1,directed
77,2472,1,directed
3288,937,1,directed
3288,2472,1,directed
77,2473,1,directed
3288,2473,1,directed
77,2474,1,directed
3288,2474,1,directed
77,2475,1,directed
3288,2475,1,directed
77,2476,1,directed
3288,2476,1,directed
77,2477,1,directed
3288,2477,1,directed
77,2478,1,directed
3288,2478,1,directed
77,2479,1,directed
3288,2479,1,directed
77,2480,1,directed
3288,2480,1,directed
77,2481,1,directed
3288,2481,1,directed
77,2482,1,directed
3288,2482,1,directed
77,2483,1,directed
3288,2483,1,directed
77,697,1,directed
77,1714,1,directed
77,2484,1,directed
77,3337,1,directed
3288,697,1,directed
3288,1714,1,directed
3288,2484,1,directed
3288,3337,1,directed
77,2485,1,directed
3288,2485,1,directed
77,2486,1,directed
3288,2486,1,directed
77,707,1,directed
77,846,1,directed
77,1462,1,directed
77,1484,1,directed
77,2194,1,directed
77,2487,1,directed
77,3442,1,directed
3288,707,1,directed
3288,846,1,directed
3288,1462,1,directed
3288,1484,1,directed
3288,2194,1,directed
3288,2487,1,directed
3288,3442,1,directed
77,2488,1,directed
3288,2488,1,directed
77,1523,1,directed
77,2489,1,directed
3288,1523,1,directed
3288,2489,1,directed
77,2490,1,directed
3288,2490,1,directed
77,2491,1,directed
3288,2491,1,directed
77,33,1,directed
77,51,1,directed
77,2492,1,directed
77,3274,1,directed
3288,33,1,directed
3288,51,1,directed
3288,2492,1,directed
3288,3274,1,directed
77,2493,1,directed
77,2665,1,directed
3288,2493,1,directed
3288,2665,1,directed
77,2494,1,directed
3288,2494,1,directed
77,730,1,directed
77,2495,1,directed
77,3284,1,directed
77,3355,1,directed
77,3448,1,directed
3288,730,1,directed
3288,2495,1,directed
3288,3284,1,directed
3288,3355,1,directed
3288,3448,1,directed
77,2496,1,directed
77,3285,1,directed
3288,2496,1,directed
3288,3285,1,directed
77,2497,1,directed
3288,2497,1,directed
77,848,1,directed
77,1486,1,directed
77,2498,1,directed
3288,848,1,directed
3288,1486,1,directed
3288,2498,1,directed
77,2499,1,directed
3288,2499,1,directed
78,2500,1,directed
78,920,1,directed
78,1534,1,directed
78,2254,1,directed
78,2501,1,directed
78,2502,1,directed
78,2503,1,directed
78,2504,1,directed
78,1201,1,directed
78,2505,1,directed
78,3033,1,directed
78,2506,1,directed
78,2507,1,directed
78,2508,1,directed
78,2509,1,directed
78,2510,1,directed
78,2511,1,directed
78,2912,1,directed
78,928,1,directed
78,1543,1,directed
78,2264,1,directed
78,2465,1,directed
78,2512,1,directed
78,2513,1,directed
78,1040,1,directed
78,1784,1,directed
78,2149,1,directed
78,2223,1,directed
78,2388,1,directed
78,2514,1,directed
78,3039,1,directed
78,3200,1,directed
78,3393,1,directed
78,3611,1,directed
78,2515,1,directed
78,2516,1,directed
78,1879,1,directed
78,2517,1,directed
78,1548,1,directed
78,2178,1,directed
78,2518,1,directed
78,2519,1,directed
78,1964,1,directed
78,2238,1,directed
78,2520,1,directed
78,2521,1,directed
78,1214,1,directed
78,2522,1,directed
78,2523,1,directed
78,2524,1,directed
78,2525,1,directed
78,2526,1,directed
78,1888,1,directed
78,2527,1,directed
78,2528,1,directed
78,2529,1,directed
78,2530,1,directed
78,2531,1,directed
78,2532,1,directed
78,2533,1,directed
78,2534,1,directed
78,2535,1,directed
78,2536,1,directed
78,194,1,directed
78,308,1,directed
78,479,1,directed
78,738,1,directed
78,826,1,directed
78,1316,1,directed
78,1692,1,directed
78,2059,1,directed
78,2537,1,directed
79,2538,1,directed
79,2539,1,directed
79,776,1,directed
79,2540,1,directed
79,2541,1,directed
79,2542,1,directed
79,2543,1,directed
79,2544,1,directed
79,2545,1,directed
79,2546,1,directed
79,2547,1,directed
79,2548,1,directed
79,2549,1,directed
79,2550,1,directed
79,2551,1,directed
79,780,1,directed
79,2552,1,directed
79,2553,1,directed
79,1909,1,directed
79,2554,1,directed
79,2555,1,directed
79,2556,1,directed
79,781,1,directed
79,2557,1,directed
79,2558,1,directed
79,2559,1,directed
79,2560,1,directed
79,2561,1,directed
79,2562,1,directed
79,2563,1,directed
79,237,1,directed
79,2564,1,directed
79,2565,1,directed
79,2566,1,directed
79,786,1,directed
79,2567,1,directed
79,2568,1,directed
79,2569,1,directed
79,2570,1,directed
79,2571,1,directed
79,2572,1,directed
79,1921,1,directed
79,2573,1,directed
79,1922,1,directed
79,2574,1,directed
79,2575,1,directed
79,790,1,directed
79,2576,1,directed
79,637,1,directed
79,2577,1,directed
79,1928,1,directed
79,2578,1,directed
79,2579,1,directed
79,796,1,directed
79,1931,1,directed
79,2580,1,directed
79,2581,1,directed
79,798,1,directed
79,2582,1,directed
79,2583,1,directed
79,2584,1,directed
79,2585,1,directed
79,2586,1,directed
79,2587,1,directed
79,2588,1,directed
79,2589,1,directed
79,2590,1,directed
79,2591,1,directed
79,2592,1,directed
79,2593,1,directed
79,2594,1,directed
79,2595,1,directed
79,2596,1,directed
79,2597,1,directed
79,2598,1,directed
79,2599,1,directed
79,2600,1,directed
79,2601,1,directed
79,2602,1,directed
79,2603,1,directed
79,2604,1,directed
79,2605,1,directed
80,2606,1,directed
80,2607,1,directed
80,2608,1,directed
80,2609,1,directed
80,2610,1,directed
80,2611,1,directed
80,2612,1,directed
80,2613,1,directed
80,2381,1,directed
80,2614,1,directed
80,2615,1,directed
80,2616,1,directed
80,2617,1,directed
80,2618,1,directed
80,2619,1,directed
80,2620,1,directed
80,2621,1,directed
80,2622,1,directed
80,2623,1,directed
80,2624,1,directed
80,2625,1,directed
80,2626,1,directed
80,2627,1,directed
80,2628,1,directed
80,2629,1,directed
80,2630,1,directed
80,2631,1,directed
80,2632,1,directed
80,2633,1,directed
80,2634,1,directed
80,2635,1,directed
80,2636,1,directed
80,2637,1,directed
80,2638,1,directed
80,2639,1,directed
80,2640,1,directed
80,2641,1,directed
81,919,1,directed
81,1487,1,directed
81,1506,1,directed
81,1533,1,directed
81,1694,1,directed
81,1805,1,directed
81,1854,1,directed
81,2064,1,directed
81,2168,1,directed
81,2253,1,directed
81,2642,1,directed
81,2747,1,directed
81,922,1,directed
81,2256,1,directed
81,2643,1,directed
81,36,1,directed
81,832,1,directed
81,1446,1,directed
81,1470,1,directed
81,1489,1,directed
81,1509,1,directed
81,1536,1,directed
81,1697,1,directed
81,1808,1,directed
81,1858,1,directed
81,2069,1,directed
81,2170,1,directed
81,2258,1,directed
81,2644,1,directed
81,2751,1,directed
81,2645,1,directed
81,1861,1,directed
81,2072,1,directed
81,2646,1,directed
81,2647,1,directed
81,924,1,directed
81,1490,1,directed
81,1511,1,directed
81,1539,1,directed
81,1702,1,directed
81,1810,1,directed
81,1865,1,directed
81,2075,1,directed
81,2171,1,directed
81,2262,1,directed
81,2648,1,directed
81,2755,1,directed
81,2649,1,directed
81,929,1,directed
81,1704,1,directed
81,2174,1,directed
81,2650,1,directed
81,931,1,directed
81,2265,1,directed
81,2651,1,directed
81,2652,1,directed
81,934,1,directed
81,2653,1,directed
81,2654,1,directed
81,938,1,directed
81,1493,1,directed
81,1549,1,directed
81,2084,1,directed
81,2179,1,directed
81,2270,1,directed
81,2655,1,directed
81,2272,1,directed
81,2656,1,directed
81,2763,1,directed
81,3436,1,directed
81,2085,1,directed
81,2657,1,directed
81,940,1,directed
81,1517,1,directed
81,1553,1,directed
81,1711,1,directed
81,1817,1,directed
81,1884,1,directed
81,2088,1,directed
81,2182,1,directed
81,2274,1,directed
81,2658,1,directed
81,941,1,directed
81,1554,1,directed
81,2089,1,directed
81,2183,1,directed
81,2659,1,directed
81,2767,1,directed
81,46,1,directed
81,2186,1,directed
81,2660,1,directed
81,1559,1,directed
81,2094,1,directed
81,2661,1,directed
81,2662,1,directed
81,2663,1,directed
81,946,1,directed
81,1499,1,directed
81,1571,1,directed
81,1720,1,directed
81,2196,1,directed
81,2282,1,directed
81,2664,1,directed
81,2783,1,directed
81,2493,1,directed
81,2665,1,directed
81,71,1,directed
81,1500,1,directed
81,1572,1,directed
81,1721,1,directed
81,1821,1,directed
81,1895,1,directed
81,2666,1,directed
81,58,1,directed
81,1501,1,directed
81,2667,1,directed
81,1502,1,directed
81,1527,1,directed
81,1577,1,directed
81,1723,1,directed
81,1822,1,directed
81,2198,1,directed
81,2283,1,directed
81,2668,1,directed
81,726,1,directed
81,1528,1,directed
81,1578,1,directed
81,1724,1,directed
81,1823,1,directed
81,2199,1,directed
81,2669,1,directed
81,2786,1,directed
81,3353,1,directed
81,54,1,directed
81,727,1,directed
81,1503,1,directed
81,1529,1,directed
81,1824,1,directed
81,1896,1,directed
81,2200,1,directed
81,2670,1,directed
81,2788,1,directed
81,3283,1,directed
81,2671,1,directed
81,2672,1,directed
81,952,1,directed
81,2673,1,directed
81,739,1,directed
81,953,1,directed
81,1320,1,directed
81,1532,1,directed
81,1727,1,directed
81,1853,1,directed
81,2201,1,directed
81,2674,1,directed
81,3295,1,directed
82,2675,1,directed
82,2676,1,directed
82,2677,1,directed
82,2678,1,directed
82,2679,1,directed
82,2680,1,directed
82,2681,1,directed
82,2682,1,directed
82,2683,1,directed
82,2684,1,directed
82,2685,1,directed
82,2686,1,directed
82,2687,1,directed
82,2688,1,directed
82,2689,1,directed
82,2690,1,directed
82,2691,1,directed
82,1611,1,directed
82,2692,1,directed
82,2693,1,directed
82,2694,1,directed
82,2695,1,directed
82,2696,1,directed
82,2697,1,directed
83,2698,1,directed
83,2699,1,directed
83,2700,1,directed
83,2701,1,directed
83,42,1,directed
83,2702,1,directed
83,2703,1,directed
83,2704,1,directed
83,2705,1,directed
83,2706,1,directed
83,2707,1,directed
83,2708,1,directed
83,2709,1,directed
83,2710,1,directed
83,2711,1,directed
83,2712,1,directed
83,2713,1,directed
83,2714,1,directed
83,2715,1,directed
83,2716,1,directed
83,2717,1,directed
83,2718,1,directed
83,2719,1,directed
83,2720,1,directed
83,2721,1,directed
83,2722,1,directed
83,2723,1,directed
83,2724,1,directed
83,2725,1,directed
83,2726,1,directed
83,2727,1,directed
83,2728,1,directed
83,2729,1,directed
83,2730,1,directed
83,2731,1,directed
83,2732,1,directed
83,2733,1,directed
83,2734,1,directed
83,2735,1,directed
83,2736,1,directed
83,2737,1,directed
83,2738,1,directed
83,2739,1,directed
83,2740,1,directed
83,2741,1,directed
83,2742,1,directed
83,2743,1,directed
83,2744,1,directed
83,2745,1,directed
83,2746,1,directed
84,919,1,directed
84,1487,1,directed
84,1506,1,directed
84,1533,1,directed
84,1694,1,directed
84,1805,1,directed
84,1854,1,directed
84,2064,1,directed
84,2168,1,directed
84,2253,1,directed
84,2642,1,directed
84,2747,1,directed
84,2748,1,directed
84,2749,1,directed
84,2750,1,directed
84,36,1,directed
84,832,1,directed
84,1446,1,directed
84,1470,1,directed
84,1489,1,directed
84,1509,1,directed
84,1536,1,directed
84,1697,1,directed
84,1808,1,directed
84,1858,1,directed
84,2069,1,directed
84,2170,1,directed
84,2258,1,directed
84,2644,1,directed
84,2751,1,directed
84,2752,1,directed
84,2753,1,directed
84,686,1,directed
84,1448,1,directed
84,1832,1,directed
84,2754,1,directed
84,924,1,directed
84,1490,1,directed
84,1511,1,directed
84,1539,1,directed
84,1702,1,directed
84,1810,1,directed
84,1865,1,directed
84,2075,1,directed
84,2171,1,directed
84,2262,1,directed
84,2648,1,directed
84,2755,1,directed
84,2756,1,directed
84,2757,1,directed
84,2758,1,directed
84,2759,1,directed
84,2760,1,directed
84,2761,1,directed
84,2762,1,directed
84,2272,1,directed
84,2656,1,directed
84,2763,1,directed
84,3436,1,directed
84,2764,1,directed
84,2765,1,directed
84,2766,1,directed
84,941,1,directed
84,1554,1,directed
84,2089,1,directed
84,2183,1,directed
84,2659,1,directed
84,2767,1,directed
84,2768,1,directed
84,942,1,directed
84,1305,1,directed
84,1495,1,directed
84,1518,1,directed
84,1555,1,directed
84,1713,1,directed
84,1818,1,directed
84,1885,1,directed
84,2091,1,directed
84,2184,1,directed
84,2275,1,directed
84,2769,1,directed
84,2770,1,directed
84,2771,1,directed
84,2772,1,directed
84,943,1,directed
84,1496,1,directed
84,1520,1,directed
84,1558,1,directed
84,1715,1,directed
84,1819,1,directed
84,2093,1,directed
84,2187,1,directed
84,2278,1,directed
84,2773,1,directed
84,2774,1,directed
84,2775,1,directed
84,698,1,directed
84,2096,1,directed
84,2279,1,directed
84,2776,1,directed
84,701,1,directed
84,844,1,directed
84,1460,1,directed
84,1482,1,directed
84,1521,1,directed
84,1561,1,directed
84,2189,1,directed
84,2777,1,directed
84,3341,1,directed
84,3439,1,directed
84,2778,1,directed
84,2779,1,directed
84,2780,1,directed
84,2781,1,directed
84,2782,1,directed
84,946,1,directed
84,1499,1,directed
84,1571,1,directed
84,1720,1,directed
84,2196,1,directed
84,2282,1,directed
84,2664,1,directed
84,2783,1,directed
84,2784,1,directed
84,52,1,directed
84,1722,1,directed
84,2197,1,directed
84,2785,1,directed
84,726,1,directed
84,1528,1,directed
84,1578,1,directed
84,1724,1,directed
84,1823,1,directed
84,2199,1,directed
84,2669,1,directed
84,2786,1,directed
84,3353,1,directed
84,73,1,directed
84,1579,1,directed
84,2787,1,directed
84,54,1,directed
84,727,1,directed
84,1503,1,directed
84,1529,1,directed
84,1824,1,directed
84,1896,1,directed
84,2200,1,directed
84,2670,1,directed
84,2788,1,directed
84,3283,1,directed
84,2789,1,directed
84,2790,1,directed
84,2791,1,directed
84,2792,1,directed
84,2793,1,directed
84,2794,1,directed
85,2795,1,directed
85,2796,1,directed
85,2797,1,directed
85,2798,1,directed
85,363,1,directed
85,2799,1,directed
85,2800,1,directed
85,2801,1,directed
85,422,1,directed
85,465,1,directed
85,2802,1,directed
85,2803,1,directed
85,2804,1,directed
85,2805,1,directed
85,2806,1,directed
85,423,1,directed
85,2807,1,directed
85,2808,1,directed
85,2809,1,directed
85,386,1,directed
85,2810,1,directed
85,2811,1,directed
85,2812,1,directed
85,2813,1,directed
85,2814,1,directed
85,2815,1,directed
85,2816,1,directed
85,2817,1,directed
85,676,1,directed
85,2334,1,directed
85,2818,1,directed
85,2819,1,directed
85,2820,1,directed
85,404,1,directed
85,2821,1,directed
85,2822,1,directed
86,1150,1,directed
86,1323,1,directed
86,2823,1,directed
86,2824,1,directed
86,2825,1,directed
86,2826,1,directed
86,2827,1,directed
86,2828,1,directed
86,2829,1,directed
86,2830,1,directed
86,2831,1,directed
86,2832,1,directed
86,2833,1,directed
86,2834,1,directed
86,2835,1,directed
86,2836,1,directed
86,2837,1,directed
86,2838,1,directed
86,2839,1,directed
86,1632,1,directed
86,2840,1,directed
86,2841,1,directed
86,2842,1,directed
86,2843,1,directed
86,2844,1,directed
86,2845,1,directed
86,2846,1,directed
86,1643,1,directed
86,2157,1,directed
86,2847,1,directed
86,3409,1,directed
86,2848,1,directed
86,2849,1,directed
86,2850,1,directed
86,2851,1,directed
86,1341,1,directed
86,2852,1,directed
86,2853,1,directed
86,2854,1,directed
86,2855,1,directed
86,330,1,directed
86,1343,1,directed
86,2005,1,directed
86,2856,1,directed
86,2857,1,directed
86,2858,1,directed
86,2859,1,directed
86,334,1,directed
86,1346,1,directed
86,2860,1,directed
86,2861,1,directed
86,2862,1,directed
86,2863,1,directed
86,2864,1,directed
86,2865,1,directed
86,2866,1,directed
86,2867,1,directed
86,2868,1,directed
86,2869,1,directed
86,2870,1,directed
86,2871,1,directed
86,2872,1,directed
86,2873,1,directed
86,2874,1,directed
86,2875,1,directed
86,2876,1,directed
86,2877,1,directed
86,2878,1,directed
86,2879,1,directed
86,1663,1,directed
86,2880,1,directed
87,1065,1,directed
87,2881,1,directed
87,3192,1,directed
87,3574,1,directed
87,2882,1,directed
87,1006,1,directed
87,1774,1,directed
87,1951,1,directed
87,2883,1,directed
87,3602,1,directed
87,2884,1,directed
87,2885,1,directed
87,1011,1,directed
87,1228,1,directed
87,2213,1,directed
87,2886,1,directed
87,3198,1,directed
87,3577,1,directed
87,2887,1,directed
87,1785,1,directed
87,2224,1,directed
87,2888,1,directed
87,2914,1,directed
87,2889,1,directed
87,2890,1,directed
87,1639,1,directed
87,2156,1,directed
87,2230,1,directed
87,2891,1,directed
87,3201,1,directed
87,2892,1,directed
87,2893,1,directed
87,2894,1,directed
87,2895,1,directed
87,2896,1,directed
87,2897,1,directed
87,2898,1,directed
87,2899,1,directed
87,2900,1,directed
87,2901,1,directed
87,2902,1,directed
87,2903,1,directed
87,2904,1,directed
87,2905,1,directed
88,2906,1,directed
88,2907,1,directed
88,2908,1,directed
88,2909,1,directed
88,2910,1,directed
88,2911,1,directed
88,2511,1,directed
88,2912,1,directed
88,2913,1,directed
88,1785,1,directed
88,2224,1,directed
88,2888,1,directed
88,2914,1,directed
88,2915,1,directed
88,2916,1,directed
88,1400,1,directed
88,2917,1,directed
88,2918,1,directed
88,2919,1,directed
88,3624,1,directed
88,2920,1,directed
88,2921,1,directed
88,2922,1,directed
88,2923,1,directed
88,2924,1,directed
88,2423,1,directed
88,2925,1,directed
88,2926,1,directed
88,2927,1,directed
88,2928,1,directed
88,2929,1,directed
88,2930,1,directed
88,2931,1,directed
88,2932,1,directed
88,2933,1,directed
88,1062,1,directed
88,1092,1,directed
88,1196,1,directed
88,1267,1,directed
88,1321,1,directed
88,1693,1,directed
88,1973,1,directed
88,2252,1,directed
88,2452,1,directed
88,2934,1,directed
89,2935,1,directed
89,2936,1,directed
89,2937,1,directed
89,2938,1,directed
89,2939,1,directed
89,2940,1,directed
89,2941,1,directed
89,2942,1,directed
89,2943,1,directed
89,2944,1,directed
89,2945,1,directed
89,2946,1,directed
89,2947,1,directed
89,2948,1,directed
89,2949,1,directed
89,2950,1,directed
89,2951,1,directed
89,2952,1,directed
89,2953,1,directed
89,2954,1,directed
89,2955,1,directed
89,2956,1,directed
89,2957,1,directed
89,3272,1,directed
89,2958,1,directed
89,2959,1,directed
89,2960,1,directed
89,2961,1,directed
89,2962,1,directed
89,2963,1,directed
89,2964,1,directed
89,2965,1,directed
89,2966,1,directed
89,2967,1,directed
89,2968,1,directed
89,2969,1,directed
89,2970,1,directed
89,2971,1,directed
89,2972,1,directed
89,2973,1,directed
89,2974,1,directed
89,2975,1,directed
89,2976,1,directed
89,2977,1,directed
89,2978,1,directed
89,2979,1,directed
89,2980,1,directed
89,2981,1,directed
89,2982,1,directed
89,2983,1,directed
89,2984,1,directed
89,2985,1,directed
89,2986,1,directed
89,2987,1,directed
89,2988,1,directed
89,478,1,directed
89,2989,1,directed
89,2990,1,directed
89,2991,1,directed
89,2992,1,directed
89,2993,1,directed
89,2994,1,directed
89,2995,1,directed
90,2996,1,directed
90,2997,1,directed
90,2998,1,directed
90,2999,1,directed
90,3000,1,directed
90,3001,1,directed
90,3002,1,directed
90,3003,1,directed
90,3004,1,directed
90,3005,1,directed
90,3006,1,directed
90,3007,1,directed
90,3008,1,directed
90,3009,1,directed
90,3010,1,directed
90,3011,1,directed
90,3012,1,directed
90,3013,1,directed
90,3014,1,directed
90,3015,1,directed
90,3016,1,directed
90,3017,1,directed
90,3018,1,directed
90,3019,1,directed
90,3020,1,directed
90,3021,1,directed
90,3022,1,directed
90,3023,1,directed
90,3024,1,directed
90,3025,1,directed
90,3026,1,directed
90,3027,1,directed
90,3028,1,directed
91,3029,1,directed
91,1066,1,directed
91,3030,1,directed
91,3031,1,directed
91,1200,1,directed
91,3032,1,directed
91,1201,1,directed
91,2505,1,directed
91,3033,1,directed
91,3034,1,directed
91,3197,1,directed
91,3035,1,directed
91,3036,1,directed
91,3037,1,directed
91,3038,1,directed
91,1040,1,directed
91,1784,1,directed
91,2149,1,directed
91,2223,1,directed
91,2388,1,directed
91,2514,1,directed
91,3039,1,directed
91,3200,1,directed
91,3393,1,directed
91,3611,1,directed
91,1204,1,directed
91,3040,1,directed
91,3041,1,directed
91,3042,1,directed
91,1240,1,directed
91,2151,1,directed
91,3043,1,directed
91,3044,1,directed
91,3045,1,directed
91,3046,1,directed
91,2155,1,directed
91,2229,1,directed
91,3047,1,directed
91,3048,1,directed
91,3049,1,directed
91,3050,1,directed
91,2420,1,directed
91,3051,1,directed
91,3631,1,directed
91,3052,1,directed
91,3053,1,directed
91,3054,1,directed
91,3055,1,directed
91,3056,1,directed
91,3057,1,directed
91,3058,1,directed
91,3059,1,directed
91,3060,1,directed
91,3061,1,directed
91,2444,1,directed
91,3062,1,directed
91,3063,1,directed
91,3451,1,directed
91,3064,1,directed
91,3065,1,directed
92,3066,1,directed
92,264,1,directed
92,3067,1,directed
92,3068,1,directed
92,3069,1,directed
92,3070,1,directed
92,3071,1,directed
92,3072,1,directed
92,3073,1,directed
92,3074,1,directed
92,3075,1,directed
92,3076,1,directed
92,3077,1,directed
92,3078,1,directed
92,3079,1,directed
92,3080,1,directed
92,3081,1,directed
92,3082,1,directed
92,3083,1,directed
92,3084,1,directed
92,3085,1,directed
92,3086,1,directed
92,3087,1,directed
92,3088,1,directed
92,3089,1,directed
92,3090,1,directed
92,3091,1,directed
92,3092,1,directed
92,3093,1,directed
92,3094,1,directed
92,3095,1,directed
92,3096,1,directed
92,3097,1,directed
92,3098,1,directed
92,3099,1,directed
92,3100,1,directed
92,3101,1,directed
92,3102,1,directed
92,3103,1,directed
92,3104,1,directed
92,3105,1,directed
92,3106,1,directed
92,1640,1,directed
92,3107,1,directed
92,3108,1,directed
92,3109,1,directed
92,3110,1,directed
92,3111,1,directed
92,3112,1,directed
92,3113,1,directed
92,3114,1,directed
92,3115,1,directed
92,3116,1,directed
92,3117,1,directed
92,3118,1,directed
92,3119,1,directed
92,3120,1,directed
92,3121,1,directed
92,3122,1,directed
92,3123,1,directed
92,3124,1,directed
92,3125,1,directed
92,3126,1,directed
92,3127,1,directed
92,3128,1,directed
92,3129,1,directed
92,3130,1,directed
92,3131,1,directed
92,3132,1,directed
92,3133,1,directed
92,3134,1,directed
92,3135,1,directed
92,3136,1,directed
92,3137,1,directed
92,3138,1,directed
92,3139,1,directed
92,3140,1,directed
92,3141,1,directed
92,3142,1,directed
92,3143,1,directed
92,3144,1,directed
92,3145,1,directed
92,3146,1,directed
92,3147,1,directed
92,3148,1,directed
92,3149,1,directed
92,3150,1,directed
92,3151,1,directed
92,3152,1,directed
92,3153,1,directed
92,3154,1,directed
93,3155,1,directed
93,3156,1,directed
93,3157,1,directed
93,3158,1,directed
93,3159,1,directed
93,3160,1,directed
93,3161,1,directed
93,3162,1,directed
93,3163,1,directed
93,3164,1,directed
93,3165,1,directed
93,3166,1,directed
93,3167,1,directed
93,3168,1,directed
93,3169,1,directed
93,3170,1,directed
93,3171,1,directed
93,3172,1,directed
93,3173,1,directed
93,3174,1,directed
93,3175,1,directed
93,3176,1,directed
93,3177,1,directed
93,3178,1,directed
93,3179,1,directed
93,3180,1,directed
93,3181,1,directed
93,3182,1,directed
93,3183,1,directed
93,3184,1,directed
93,3185,1,directed
93,3186,1,directed
93,3187,1,directed
93,3188,1,directed
93,3189,1,directed
94,1352,1,directed
94,1617,1,directed
94,3190,1,directed
94,3191,1,directed
94,1065,1,directed
94,2881,1,directed
94,3192,1,directed
94,3574,1,directed
94,3193,1,directed
94,3194,1,directed
94,1620,1,directed
94,3195,1,directed
94,3603,1,directed
94,1356,1,directed
94,1776,1,directed
94,3196,1,directed
94,3034,1,directed
94,3197,1,directed
94,1011,1,directed
94,1228,1,directed
94,2213,1,directed
94,2886,1,directed
94,3198,1,directed
94,3577,1,directed
94,1015,1,directed
94,3199,1,directed
94,1040,1,directed
94,1784,1,directed
94,2149,1,directed
94,2223,1,directed
94,2388,1,directed
94,2514,1,directed
94,3039,1,directed
94,3200,1,directed
94,3393,1,directed
94,3611,1,directed
94,1639,1,directed
94,2156,1,directed
94,2230,1,directed
94,2891,1,directed
94,3201,1,directed
94,1045,1,directed
94,1247,1,directed
94,1641,1,directed
94,2399,1,directed
94,3202,1,directed
94,3203,1,directed
94,1211,1,directed
94,1249,1,directed
94,2232,1,directed
94,3204,1,directed
94,3619,1,directed
94,2233,1,directed
94,3205,1,directed
94,1049,1,directed
94,1399,1,directed
94,1646,1,directed
94,3206,1,directed
94,1251,1,directed
94,2367,1,directed
94,3207,1,directed
94,3208,1,directed
94,3209,1,directed
94,3210,1,directed
94,3211,1,directed
94,3212,1,directed
94,2243,1,directed
94,3213,1,directed
94,1259,1,directed
94,3214,1,directed
94,2426,1,directed
94,3215,1,directed
94,3216,1,directed
94,3217,1,directed
94,3218,1,directed
94,3219,1,directed
94,3220,1,directed
94,3221,1,directed
94,3222,1,directed
94,3223,1,directed
94,3224,1,directed
94,3225,1,directed
94,3226,1,directed
94,3227,1,directed
94,3228,1,directed
94,3229,1,directed
95,3230,1,directed
95,3231,1,directed
95,3232,1,directed
95,3233,1,directed
95,3234,1,directed
95,3235,1,directed
95,3236,1,directed
95,3237,1,directed
95,3238,1,directed
95,3239,1,directed
95,3240,1,directed
95,3241,1,directed
95,3242,1,directed
95,3243,1,directed
95,3244,1,directed
95,3245,1,directed
95,3246,1,directed
95,393,1,directed
95,3247,1,directed
95,3248,1,directed
95,3249,1,directed
95,3250,1,directed
95,3251,1,directed
95,3252,1,directed
96,3253,1,directed
96,3254,1,directed
96,3255,1,directed
96,1284,1,directed
96,1829,1,directed
96,3256,1,directed
96,3257,1,directed
96,3258,1,directed
96,1290,1,directed
96,3259,1,directed
96,3260,1,directed
96,3261,1,directed
96,3262,1,directed
96,1294,1,directed
96,1835,1,directed
96,3263,1,directed
96,692,1,directed
96,3264,1,directed
96,2471,1,directed
96,3265,1,directed
96,3266,1,directed
96,3267,1,directed
96,3268,1,directed
96,1519,1,directed
96,3269,1,directed
96,3270,1,directed
96,845,1,directed
96,1483,1,directed
96,1497,1,directed
96,2191,1,directed
96,3271,1,directed
96,2957,1,directed
96,3272,1,directed
96,28,1,directed
96,714,1,directed
96,1848,1,directed
96,3273,1,directed
96,33,1,directed
96,51,1,directed
96,2492,1,directed
96,3274,1,directed
96,715,1,directed
96,1569,1,directed
96,1719,1,directed
96,3275,1,directed
96,3276,1,directed
96,3277,1,directed
96,3278,1,directed
96,718,1,directed
96,3279,1,directed
96,3280,1,directed
96,3281,1,directed
96,3282,1,directed
96,54,1,directed
96,727,1,directed
96,1503,1,directed
96,1529,1,directed
96,1824,1,directed
96,1896,1,directed
96,2200,1,directed
96,2670,1,directed
96,2788,1,directed
96,3283,1,directed
96,730,1,directed
96,2495,1,directed
96,3284,1,directed
96,3355,1,directed
96,3448,1,directed
96,2496,1,directed
96,3285,1,directed
96,3286,1,directed
96,3287,1,directed
96,77,1,directed
96,3288,1,directed
96,3289,1,directed
96,3290,1,directed
96,3452,1,directed
96,3291,1,directed
96,3292,1,directed
96,3293,1,directed
96,3294,1,directed
96,739,1,directed
96,953,1,directed
96,1320,1,directed
96,1532,1,directed
96,1727,1,directed
96,1853,1,directed
96,2201,1,directed
96,2674,1,directed
96,3295,1,directed
97,3296,1,directed
97,3297,1,directed
97,3298,1,directed
97,3299,1,directed
97,3300,1,directed
97,3301,1,directed
97,3302,1,directed
97,3303,1,directed
97,3304,1,directed
97,3305,1,directed
97,3306,1,directed
97,3307,1,directed
97,3308,1,directed
97,3309,1,directed
97,3655,1,directed
97,3310,1,directed
97,3311,1,directed
97,3312,1,directed
97,3313,1,directed
97,3314,1,directed
97,3315,1,directed
97,3316,1,directed
98,829,1,directed
98,1467,1,directed
98,3317,1,directed
98,3318,1,directed
98,3319,1,directed
98,3320,1,directed
98,3321,1,directed
98,835,1,directed
98,1473,1,directed
98,2464,1,directed
98,3322,1,directed
98,1232,1,directed
98,3323,1,directed
98,3433,1,directed
98,3324,1,directed
98,3325,1,directed
98,3326,1,directed
98,3327,1,directed
98,3328,1,directed
98,3329,1,directed
98,1602,1,directed
98,3330,1,directed
98,3331,1,directed
98,1840,1,directed
98,3332,1,directed
98,3333,1,directed
98,3334,1,directed
98,3335,1,directed
98,3336,1,directed
98,697,1,directed
98,1714,1,directed
98,2484,1,directed
98,3337,1,directed
98,3338,1,directed
98,3339,1,directed
98,699,1,directed
98,1560,1,directed
98,3340,1,directed
98,701,1,directed
98,844,1,directed
98,1460,1,directed
98,1482,1,directed
98,1521,1,directed
98,1561,1,directed
98,2189,1,directed
98,2777,1,directed
98,3341,1,directed
98,3439,1,directed
98,3342,1,directed
98,3343,1,directed
98,3344,1,directed
98,3345,1,directed
98,3346,1,directed
98,3347,1,directed
98,3348,1,directed
98,3349,1,directed
98,3350,1,directed
98,3351,1,directed
98,3352,1,directed
98,726,1,directed
98,1528,1,directed
98,1578,1,directed
98,1724,1,directed
98,1823,1,directed
98,2199,1,directed
98,2669,1,directed
98,2786,1,directed
98,3353,1,directed
98,3354,1,directed
98,730,1,directed
98,2495,1,directed
98,3284,1,directed
98,3355,1,directed
98,3448,1,directed
98,3356,1,directed
98,3357,1,directed
98,3358,1,directed
98,3359,1,directed
98,3360,1,directed
98,3361,1,directed
98,3362,1,directed
98,3363,1,directed
98,3364,1,directed
98,3365,1,directed
98,3366,1,directed
98,3367,1,directed
98,3368,1,directed
98,3369,1,directed
98,3370,1,directed
98,3371,1,directed
98,3372,1,directed
98,3373,1,directed
98,1266,1,directed
98,3374,1,directed
98,3454,1,directed
98,3375,1,directed
99,3376,1,directed
99,3377,1,directed
99,1772,1,directed
99,3378,1,directed
99,3379,1,directed
99,3380,1,directed
99,3381,1,directed
99,3382,1,directed
99,3383,1,directed
99,3384,1,directed
99,3385,1,directed
99,3386,1,directed
99,3387,1,directed
99,3388,1,directed
99,3389,1,directed
99,3390,1,directed
99,3391,1,directed
99,3392,1,directed
99,1040,1,directed
99,1784,1,directed
99,2149,1,directed
99,2223,1,directed
99,2388,1,directed
99,2514,1,directed
99,3039,1,directed
99,3200,1,directed
99,3393,1,directed
99,3611,1,directed
99,3394,1,directed
99,3395,1,directed
99,3396,1,directed
99,3397,1,directed
99,3398,1,directed
99,3399,1,directed
99,2225,1,directed
99,3400,1,directed
99,3401,1,directed
99,3402,1,directed
99,3403,1,directed
99,3404,1,directed
99,3405,1,directed
99,3406,1,directed
99,3407,1,directed
99,3408,1,directed
99,1643,1,directed
99,2157,1,directed
99,2847,1,directed
99,3409,1,directed
99,3410,1,directed
99,3411,1,directed
99,3412,1,directed
99,2408,1,directed
99,3413,1,directed
99,3414,1,directed
99,3415,1,directed
99,3416,1,directed
99,3417,1,directed
99,3418,1,directed
99,3419,1,directed
99,3420,1,directed
99,3421,1,directed
99,3422,1,directed
99,3423,1,directed
99,3424,1,directed
99,3425,1,directed
99,3426,1,directed
99,3427,1,directed
99,3428,1,directed
99,1194,1,directed
99,1350,1,directed
99,3429,1,directed
99,3430,1,directed
100,3431,1,directed
100,3432,1,directed
100,1232,1,directed
100,3323,1,directed
100,3433,1,directed
100,3434,1,directed
100,3435,1,directed
100,2272,1,directed
100,2656,1,directed
100,2763,1,directed
100,3436,1,directed
100,3437,1,directed
100,3438,1,directed
100,701,1,directed
100,844,1,directed
100,1460,1,directed
100,1482,1,directed
100,1521,1,directed
100,1561,1,directed
100,2189,1,directed
100,2777,1,directed
100,3341,1,directed
100,3439,1,directed
100,3440,1,directed
100,3441,1,directed
100,707,1,directed
100,846,1,directed
100,1462,1,directed
100,1484,1,directed
100,2194,1,directed
100,2487,1,directed
100,3442,1,directed
100,3443,1,directed
100,3444,1,directed
100,3445,1,directed
100,3446,1,directed
100,3447,1,directed
100,730,1,directed
100,2495,1,directed
100,3284,1,directed
100,3355,1,directed
100,3448,1,directed
100,3449,1,directed
100,3450,1,directed
100,3063,1,directed
100,3451,1,directed
100,3290,1,directed
100,3452,1,directed
100,3453,1,directed
100,1266,1,directed
100,3374,1,directed
100,3454,1,directed
100,3455,1,directed
101,3456,1,directed
101,3457,1,directed
101,3458,1,directed
101,2288,1,directed
101,3459,1,directed
101,3460,1,directed
101,3461,1,directed
101,3462,1,directed
101,3463,1,directed
101,3464,1,directed
101,3465,1,directed
101,3466,1,directed
101,3467,1,directed
101,3468,1,directed
101,3469,1,directed
101,3470,1,directed
101,2032,1,directed
101,3471,1,directed
101,3472,1,directed
101,3473,1,directed
101,3474,1,directed
101,3475,1,directed
101,3476,1,directed
101,3477,1,directed
101,3478,1,directed
101,3479,1,directed
101,3480,1,directed
101,3481,1,directed
101,3482,1,directed
101,3483,1,directed
101,3484,1,directed
101,3485,1,directed
101,3486,1,directed
101,3487,1,directed
101,3488,1,directed
101,3489,1,directed
101,3490,1,directed
101,3491,1,directed
101,3492,1,directed
101,3493,1,directed
101,3494,1,directed
101,3495,1,directed
101,3496,1,directed
101,3497,1,directed
101,3498,1,directed
101,3499,1,directed
101,3500,1,directed
101,3501,1,directed
101,3502,1,directed
101,307,1,directed
101,825,1,directed
101,877,1,directed
101,3503,1,directed
101,3504,1,directed
101,3505,1,directed
102,3506,1,directed
102,3507,1,directed
102,3508,1,directed
102,3509,1,directed
102,3510,1,directed
102,3511,1,directed
102,3512,1,directed
102,3513,1,directed
102,3514,1,directed
102,3515,1,directed
102,3516,1,directed
102,3517,1,directed
102,3518,1,directed
102,3519,1,directed
102,3520,1,directed
102,3521,1,directed
102,3522,1,directed
102,3523,1,directed
102,3524,1,directed
102,3525,1,directed
102,3526,1,directed
102,3527,1,directed
102,3528,1,directed
102,3529,1,directed
102,3530,1,directed
102,3531,1,directed
102,3532,1,directed
102,3533,1,directed
102,3534,1,directed
102,3535,1,directed
102,3536,1,directed
102,3537,1,directed
102,3538,1,directed
102,3539,1,directed
102,3540,1,directed
102,3541,1,directed
102,3542,1,directed
102,3543,1,directed
102,3544,1,directed
102,3545,1,directed
102,3546,1,directed
102,3547,1,directed
102,3548,1,directed
102,3549,1,directed
102,3550,1,directed
102,3551,1,directed
102,3552,1,directed
102,3553,1,directed
102,3554,1,directed
102,3555,1,directed
102,3556,1,directed
102,3557,1,directed
102,3558,1,directed
102,3559,1,directed
102,3560,1,directed
102,3561,1,directed
102,3562,1,directed
102,3563,1,directed
102,3564,1,directed
102,3565,1,directed
102,3566,1,directed
102,3567,1,directed
102,3568,1,directed
102,3569,1,directed
102,3570,1,directed
102,3571,1,directed
102,3572,1,directed
102,3573,1,directed
103,1065,1,directed
103,2881,1,directed
103,3192,1,directed
103,3574,1,directed
103,3575,1,directed
103,3576,1,directed
103,1011,1,directed
103,1228,1,directed
103,2213,1,directed
103,2886,1,directed
103,3198,1,directed
103,3577,1,directed
103,3578,1,directed
103,3579,1,directed
103,837,1,directed
103,932,1,directed
103,1475,1,directed
103,1706,1,directed
103,2175,1,directed
103,3580,1,directed
103,3581,1,directed
103,3582,1,directed
103,3583,1,directed
103,3584,1,directed
103,3620,1,directed
103,3585,1,directed
103,3586,1,directed
103,2428,1,directed
103,3587,1,directed
103,3588,1,directed
103,2432,1,directed
103,3589,1,directed
103,3639,1,directed
103,2437,1,directed
103,3590,1,directed
103,3591,1,directed
103,3650,1,directed
103,2445,1,directed
103,3592,1,directed
103,3651,1,directed
103,3593,1,directed
103,3654,1,directed
103,3594,1,directed
103,3595,1,directed
103,3658,1,directed
103,76,1,directed
103,3596,1,directed
103,3660,1,directed
103,3597,1,directed
103,3598,1,directed
103,3599,1,directed
104,3600,1,directed
104,3601,1,directed
104,1006,1,directed
104,1774,1,directed
104,1951,1,directed
104,2883,1,directed
104,3602,1,directed
104,1620,1,directed
104,3195,1,directed
104,3603,1,directed
104,3604,1,directed
104,3605,1,directed
104,3606,1,directed
104,1230,1,directed
104,2385,1,directed
104,3607,1,directed
104,1954,1,directed
104,3608,1,directed
104,3609,1,directed
104,2387,1,directed
104,3610,1,directed
104,1040,1,directed
104,1784,1,directed
104,2149,1,directed
104,2223,1,directed
104,2388,1,directed
104,2514,1,directed
104,3039,1,directed
104,3200,1,directed
104,3393,1,directed
104,3611,1,directed
104,3612,1,directed
104,3613,1,directed
104,3614,1,directed
104,3615,1,directed
104,3616,1,directed
104,2400,1,directed
104,3617,1,directed
104,2402,1,directed
104,3618,1,directed
104,1211,1,directed
104,1249,1,directed
104,2232,1,directed
104,3204,1,directed
104,3619,1,directed
104,3584,1,directed
104,3620,1,directed
104,3621,1,directed
104,1648,1,directed
104,2234,1,directed
104,3622,1,directed
104,3623,1,directed
104,2919,1,directed
104,3624,1,directed
104,1052,1,directed
104,3625,1,directed
104,3626,1,directed
104,3627,1,directed
104,3628,1,directed
104,2369,1,directed
104,3629,1,directed
104,3630,1,directed
104,2420,1,directed
104,3051,1,directed
104,3631,1,directed
104,2422,1,directed
104,3632,1,directed
104,3633,1,directed
104,3634,1,directed
104,2429,1,directed
104,3635,1,directed
104,3636,1,directed
104,72,1,directed
104,3637,1,directed
104,3638,1,directed
104,2432,1,directed
104,3589,1,directed
104,3639,1,directed
104,3640,1,directed
104,2434,1,directed
104,3641,1,directed
104,3642,1,directed
104,2435,1,directed
104,3643,1,directed
104,3644,1,directed
104,3645,1,directed
104,3646,1,directed
104,3647,1,directed
104,3648,1,directed
104,2443,1,directed
104,3649,1,directed
104,3591,1,directed
104,3650,1,directed
104,2445,1,directed
104,3592,1,directed
104,3651,1,directed
104,3652,1,directed
104,2446,1,directed
104,3653,1,directed
104,3593,1,directed
104,3654,1,directed
104,3309,1,directed
104,3655,1,directed
104,2447,1,directed
104,3656,1,directed
104,2448,1,directed
104,3657,1,directed
104,3595,1,directed
104,3658,1,directed
104,2449,1,directed
104,3659,1,directed
104,76,1,directed
104,3596,1,directed
104,3660,1,directed
104,1193,1,directed
104,3661,1,directed
