id,component,cluster_louvain,cluster_leiden,degree,closeness,eigen_centrality,Label
28,0,0,4,217,0.2787273562013013,0.018983049553664783,https://openalex.org/W2755884504
33,0,11,4,155,0.2608756820115001,0.011138472114197844,https://openalex.org/W2768220913
51,0,11,4,155,0.2608756820115001,0.011138472114197844,https://openalex.org/W2768220913
54,0,0,1,510,0.29164563424875395,0.05990653930259641,https://openalex.org/W2895509011
62,0,0,4,140,0.27526553698272804,0.016114888148405136,https://openalex.org/W2898919684
77,0,11,4,89,0.2531841772331686,0.007194621474500849,https://openalex.org/W2991461979
308,0,10,0,580,0.3546902365216371,0.02686251682798448,https://openalex.org/W4285719527
479,0,10,0,580,0.3546902365216371,0.02686251682798448,https://openalex.org/W4285719527
682,0,0,4,140,0.27526553698272804,0.016114888148405136,https://openalex.org/W1524774593
683,0,0,4,140,0.27526553698272804,0.016114888148405136,https://openalex.org/W1941615107
684,0,0,4,140,0.27526553698272804,0.016114888148405136,https://openalex.org/W1999668070
685,0,0,4,140,0.27526553698272804,0.016114888148405136,https://openalex.org/W2009744730
686,0,0,4,305,0.2794768317070813,0.036354761790782106,https://openalex.org/W2014191564
687,0,0,4,140,0.27526553698272804,0.016114888148405136,https://openalex.org/W2043892346
688,0,0,4,140,0.27526553698272804,0.016114888148405136,https://openalex.org/W2055677456
689,0,0,4,140,0.27526553698272804,0.016114888148405136,https://openalex.org/W2065518119
690,0,0,4,140,0.27526553698272804,0.016114888148405136,https://openalex.org/W2068047340
691,0,0,4,169,0.2759964865818947,0.017082660670020292,https://openalex.org/W2113293388
692,0,0,4,194,0.27813579680362394,0.018274888147171583,https://openalex.org/W2114804272
693,0,0,4,140,0.27526553698272804,0.016114888148405136,https://openalex.org/W2135517195
694,0,0,4,251,0.2780844755015105,0.03245287734945426,https://openalex.org/W2141406633
695,0,10,0,222,0.3122832190179105,0.020996543429314743,https://openalex.org/W2168272791
696,0,0,4,140,0.27526553698272804,0.016114888148405136,https://openalex.org/W2289234183
697,0,11,4,395,0.3050458081126275,0.042412408473562944,https://openalex.org/W2292304140
698,0,1,1,364,0.28101413667358494,0.04789947308272388,https://openalex.org/W2435437921
699,0,1,1,393,0.30051422033508196,0.048977992074595404,https://openalex.org/W2444482132
700,0,0,4,140,0.27526553698272804,0.016114888148405136,https://openalex.org/W2467553328
701,0,0,1,544,0.31105857894333044,0.059490039647459934,https://openalex.org/W2473740239
702,0,0,4,140,0.27526553698272804,0.016114888148405136,https://openalex.org/W2518821378
703,0,0,4,140,0.27526553698272804,0.016114888148405136,https://openalex.org/W2553156512
704,0,0,4,140,0.27526553698272804,0.016114888148405136,https://openalex.org/W2555336036
705,0,1,1,278,0.302839106798038,0.03854478286116878,https://openalex.org/W2555674447
706,0,1,1,300,0.27934732437079446,0.04237559115685267,https://openalex.org/W2560321923
707,0,0,1,422,0.3055095915224886,0.04614971780650228,https://openalex.org/W2600903472
708,0,0,4,140,0.27526553698272804,0.016114888148405136,https://openalex.org/W2601674757
709,0,0,4,140,0.27526553698272804,0.016114888148405136,https://openalex.org/W2612291668
710,0,0,4,140,0.27526553698272804,0.016114888148405136,https://openalex.org/W2615786246
711,0,0,4,140,0.27526553698272804,0.016114888148405136,https://openalex.org/W2626428565
712,0,0,4,140,0.27526553698272804,0.016114888148405136,https://openalex.org/W2736958994
713,0,0,4,140,0.27526553698272804,0.016114888148405136,https://openalex.org/W2738683365
714,0,0,4,217,0.2787273562013013,0.018983049553664783,https://openalex.org/W2755884504
715,0,1,1,419,0.2891000987877299,0.05363352476158411,https://openalex.org/W2770367788
716,0,0,4,140,0.27526553698272804,0.016114888148405136,https://openalex.org/W2806339623
717,0,0,4,140,0.27526553698272804,0.016114888148405136,https://openalex.org/W2809873270
718,0,0,4,194,0.27813579680362394,0.018274888147171583,https://openalex.org/W2859394135
719,0,0,4,140,0.27526553698272804,0.016114888148405136,https://openalex.org/W2883141037
720,0,0,4,140,0.27526553698272804,0.016114888148405136,https://openalex.org/W2884397405
721,0,0,4,140,0.27526553698272804,0.016114888148405136,https://openalex.org/W2885255375
722,0,0,4,140,0.27526553698272804,0.016114888148405136,https://openalex.org/W2889618782
723,0,0,4,140,0.27526553698272804,0.016114888148405136,https://openalex.org/W2890718247
724,0,0,4,140,0.27526553698272804,0.016114888148405136,https://openalex.org/W2894066192
725,0,1,1,328,0.2800741154024226,0.047393088821045704,https://openalex.org/W2894948697
726,0,1,1,538,0.30952532655174286,0.06341487974190806,https://openalex.org/W2895429420
727,0,0,1,510,0.29164563424875395,0.05990653930259641,https://openalex.org/W2895509011
728,0,0,4,140,0.27526553698272804,0.016114888148405136,https://openalex.org/W2896461933
729,0,0,4,140,0.27526553698272804,0.016114888148405136,https://openalex.org/W2898919684
730,0,11,4,333,0.3017476854500823,0.022855703609216127,https://openalex.org/W2913546971
731,0,0,4,140,0.27526553698272804,0.016114888148405136,https://openalex.org/W2916900917
732,0,0,4,140,0.27526553698272804,0.016114888148405136,https://openalex.org/W2921629242
733,0,0,4,140,0.27526553698272804,0.016114888148405136,https://openalex.org/W2936958172
734,0,0,4,140,0.27526553698272804,0.016114888148405136,https://openalex.org/W2942935710
735,0,0,4,140,0.27526553698272804,0.016114888148405136,https://openalex.org/W2955183083
736,0,0,1,244,0.2799180562742266,0.023056274927866303,https://openalex.org/W2994327762
737,0,0,4,140,0.27526553698272804,0.016114888148405136,https://openalex.org/W2999005933
738,0,10,0,580,0.3546902365216371,0.02686251682798448,https://openalex.org/W4285719527
739,0,1,1,537,0.3308262133641611,0.05884591636318303,https://openalex.org/W634430281
826,0,10,0,580,0.3546902365216371,0.02686251682798448,https://openalex.org/W4285719527
844,0,0,1,544,0.31105857894333044,0.059490039647459934,https://openalex.org/W2473740239
845,0,0,1,315,0.27289792937626733,0.04065177864512807,https://openalex.org/W2549607117
846,0,0,1,422,0.3055095915224886,0.04614971780650229,https://openalex.org/W2600903472
847,0,0,1,244,0.2799180562742266,0.023056274927866303,https://openalex.org/W2994327762
944,0,1,1,278,0.302839106798038,0.03854478286116878,https://openalex.org/W2555674447
953,0,1,1,537,0.3308262133641611,0.05884591636318303,https://openalex.org/W634430281
2957,0,11,4,150,0.25868156796780567,0.0072304472126688574,https://openalex.org/W2567289819
3253,0,11,4,89,0.2531841772331686,0.007194621474500849,https://openalex.org/W1504525694
3254,0,11,4,89,0.2531841772331686,0.007194621474500849,https://openalex.org/W1872318212
3255,0,11,4,89,0.2531841772331686,0.007194621474500849,https://openalex.org/W1978228174
3256,0,10,0,203,0.3135827746526084,0.013805581692482083,https://openalex.org/W1993823660
3257,0,11,4,89,0.2531841772331686,0.007194621474500849,https://openalex.org/W2021365718
3258,0,11,4,89,0.2531841772331686,0.007194621474500849,https://openalex.org/W2035183892
3259,0,10,0,174,0.31263952182977617,0.012626847993818982,https://openalex.org/W2042415200
3260,0,11,4,89,0.2531841772331686,0.007194621474500849,https://openalex.org/W2047329680
3261,0,11,4,89,0.2531841772331686,0.007194621474500849,https://openalex.org/W2073478432
3262,0,11,4,89,0.2531841772331686,0.007194621474500849,https://openalex.org/W2077450236
3263,0,10,0,203,0.3135827746526084,0.013805581692482083,https://openalex.org/W2078437399
3264,0,0,4,194,0.27813579680362394,0.018274888147171583,https://openalex.org/W2114804272
3265,0,11,4,155,0.2608756820115001,0.011138472114197844,https://openalex.org/W2117560801
3266,0,11,4,89,0.2531841772331686,0.007194621474500849,https://openalex.org/W2121393654
3267,0,11,4,89,0.2531841772331686,0.007194621474500849,https://openalex.org/W2145555293
3268,0,11,4,89,0.2531841772331686,0.007194621474500849,https://openalex.org/W2155243985
3269,0,11,1,211,0.25689573254588527,0.029001077274688526,https://openalex.org/W2283157884
3270,0,11,4,89,0.2531841772331686,0.007194621474500849,https://openalex.org/W2500888266
3271,0,0,1,315,0.27289792937626733,0.04065177864512807,https://openalex.org/W2549607117
3272,0,11,4,150,0.25868156796780567,0.0072304472126688574,https://openalex.org/W2567289819
3273,0,0,4,217,0.2787273562013013,0.018983049553664783,https://openalex.org/W2755884504
3274,0,11,4,155,0.2608756820115001,0.011138472114197844,https://openalex.org/W2768220913
3275,0,1,1,419,0.2891000987877299,0.05363352476158411,https://openalex.org/W2770367788
3276,0,11,4,89,0.2531841772331686,0.007194621474500849,https://openalex.org/W2788534938
3277,0,11,4,89,0.2531841772331686,0.007194621474500849,https://openalex.org/W2799983917
3278,0,11,4,89,0.2531841772331686,0.007194621474500849,https://openalex.org/W2810722237
3279,0,0,4,194,0.27813579680362394,0.018274888147171583,https://openalex.org/W2859394135
3280,0,11,4,89,0.2531841772331686,0.007194621474500849,https://openalex.org/W2883177787
3281,0,11,4,89,0.2531841772331686,0.007194621474500849,https://openalex.org/W2884339238
3282,0,11,4,89,0.2531841772331686,0.007194621474500849,https://openalex.org/W2894826312
3283,0,0,1,510,0.29164563424875395,0.05990653930259641,https://openalex.org/W2895509011
3284,0,11,4,333,0.3017476854500823,0.022855703609216127,https://openalex.org/W2913546971
3285,0,11,4,155,0.2608756820115001,0.011138472114197844,https://openalex.org/W2922334049
3286,0,11,4,89,0.2531841772331686,0.007194621474500849,https://openalex.org/W2962585031
3287,0,11,4,89,0.2531841772331686,0.007194621474500849,https://openalex.org/W2989682329
3288,0,11,4,89,0.2531841772331686,0.007194621474500849,https://openalex.org/W2991461979
3289,0,11,4,89,0.2531841772331686,0.007194621474500849,https://openalex.org/W3080775404
3290,0,11,4,135,0.27519014242316003,0.011031342929568795,https://openalex.org/W3112455394
3291,0,11,4,89,0.2531841772331686,0.007194621474500849,https://openalex.org/W3128667113
3292,0,11,4,89,0.2531841772331686,0.007194621474500849,https://openalex.org/W3138115493
3293,0,11,4,89,0.2531841772331686,0.007194621474500849,https://openalex.org/W3158758591
3294,0,11,4,89,0.2531841772331686,0.007194621474500849,https://openalex.org/W574252137
3295,0,1,1,537,0.3308262133641611,0.05884591636318303,https://openalex.org/W634430281
3332,0,11,4,146,0.270740827266763,0.0103129847082897,https://openalex.org/W2162561274
3337,0,11,4,395,0.3050458081126275,0.042412408473562944,https://openalex.org/W2292304140
3340,0,1,1,393,0.30051422033508196,0.048977992074595404,https://openalex.org/W2444482132
3341,0,0,1,544,0.31105857894333044,0.059490039647459934,https://openalex.org/W2473740239
3353,0,1,1,538,0.30952532655174286,0.06341487974190806,https://openalex.org/W2895429420
3355,0,11,4,333,0.3017476854500823,0.022855703609216127,https://openalex.org/W2913546971
3439,0,0,1,544,0.31105857894333044,0.059490039647459934,https://openalex.org/W2473740239
3442,0,0,1,422,0.3055095915224886,0.04614971780650229,https://openalex.org/W2600903472
3448,0,11,4,333,0.3017476854500823,0.022855703609216127,https://openalex.org/W2913546971
3452,0,11,4,135,0.27519014242316003,0.011031342929568795,https://openalex.org/W3112455394
30,0,3,2,60,0.1342429800009296,7.86089754643937e-11,https://openalex.org/W2271312795
628,0,3,2,128,0.15602037527619816,2.0847162613956315e-10,https://openalex.org/W2116668395
782,0,3,2,96,0.1551929579837747,1.991033730555332e-10,https://openalex.org/W2043317256
796,0,3,2,155,0.15605268599331465,3.2306567676809465e-10,https://openalex.org/W2153357207
797,0,3,2,96,0.1551929579837747,1.991033730555332e-10,https://openalex.org/W2162326753
835,0,0,1,214,0.2784184029152847,0.015560057190807636,https://openalex.org/W2037427175
848,0,0,1,144,0.2615548099584235,0.012045158027726223,https://openalex.org/W4246903376
928,0,1,1,422,0.32589011027796216,0.050436120189303636,https://openalex.org/W2040106495
937,0,1,1,220,0.28780269549898524,0.02794700664928116,https://openalex.org/W2120718788
3322,0,0,1,214,0.2784184029152847,0.015560057190807637,https://openalex.org/W2037427175
36,0,0,1,533,0.27823849625781155,0.06447386884360878,https://openalex.org/W1917627399
46,0,0,1,233,0.26940987039335645,0.03854281195197492,https://openalex.org/W2291543154
52,0,0,1,273,0.2703765365949831,0.04215395049799891,https://openalex.org/W2894925006
53,0,1,1,215,0.2658690685331985,0.03636092808310179,https://openalex.org/W2894914095
58,0,1,1,197,0.25526402692758066,0.0330907582969431,https://openalex.org/W2894753606
61,0,1,1,215,0.2658690685331985,0.03636092808310179,https://openalex.org/W2895198122
68,0,1,1,215,0.2658690685331985,0.03636092808310179,https://openalex.org/W2895270365
71,0,1,1,373,0.2741888137870347,0.05330529915789657,https://openalex.org/W2894683557
73,0,1,1,274,0.26725994236219824,0.042988459235538685,https://openalex.org/W2895497822
412,0,0,1,248,0.27673132849438786,0.03758827315787439,https://openalex.org/W1815596065
445,0,1,1,353,0.3147945305442164,0.046679002373030014,https://openalex.org/W2037124948
459,0,1,1,388,0.3159494371028168,0.04966440939818858,https://openalex.org/W2107031757
480,0,1,1,337,0.28843613683836095,0.04336419510666696,https://openalex.org/W4300870773
829,0,0,1,158,0.27270040983994137,0.01318928835569036,https://openalex.org/W1565446748
830,0,0,1,79,0.25252661108921515,0.008784592327393405,https://openalex.org/W1604418623
831,0,0,1,79,0.25252661108921515,0.008784592327393405,https://openalex.org/W1666197226
832,0,0,1,533,0.27823849625781155,0.06447386884360878,https://openalex.org/W1917627399
833,0,0,1,79,0.25252661108921515,0.008784592327393405,https://openalex.org/W1968181571
834,0,0,1,79,0.25252661108921515,0.008784592327393405,https://openalex.org/W2008204528
836,0,0,1,79,0.25252661108921515,0.008784592327393405,https://openalex.org/W2047340909
837,0,0,1,354,0.30706577322339773,0.04472399076183082,https://openalex.org/W2071666535
838,0,0,1,79,0.25252661108921515,0.008784592327393405,https://openalex.org/W2079156084
839,0,0,1,79,0.25252661108921515,0.008784592327393405,https://openalex.org/W2079620921
840,0,0,1,79,0.25252661108921515,0.008784592327393405,https://openalex.org/W2096528587
841,0,0,1,79,0.25252661108921515,0.008784592327393405,https://openalex.org/W2118371108
842,0,0,1,79,0.25252661108921515,0.008784592327393405,https://openalex.org/W2122376319
843,0,0,1,79,0.25252661108921515,0.008784592327393405,https://openalex.org/W2129878113
919,0,1,1,496,0.2987568272337072,0.0640636743741205,https://openalex.org/W11141269
920,0,1,1,350,0.32337277437623346,0.04682034274082406,https://openalex.org/W140453387
922,0,1,1,253,0.2887124166629188,0.03965803289464155,https://openalex.org/W1604376790
924,0,1,1,496,0.2987568272337072,0.0640636743741205,https://openalex.org/W2020115725
926,0,1,1,353,0.3147945305442164,0.046679002373030014,https://openalex.org/W2037124948
927,0,1,1,223,0.28438132181912185,0.03334053941115596,https://openalex.org/W2039648153
929,0,1,1,298,0.29300647710322464,0.045894721533006895,https://openalex.org/W2048089557
931,0,1,1,253,0.2887124166629188,0.03965803289464155,https://openalex.org/W2051913088
932,0,0,1,354,0.30706577322339773,0.04472399076183082,https://openalex.org/W2071666535
934,0,1,1,226,0.2879676726818451,0.036736823416810185,https://openalex.org/W2085086602
935,0,1,1,259,0.29189982858424096,0.041803772609540636,https://openalex.org/W2095659502
936,0,1,1,388,0.3159494371028168,0.04966440939818858,https://openalex.org/W2107031757
938,0,1,1,382,0.2954187621249507,0.05514611966969541,https://openalex.org/W2137086357
939,0,1,1,308,0.2932915860621652,0.04847784645861559,https://openalex.org/W2164013208
940,0,1,1,458,0.2976357884823612,0.06090885359768359,https://openalex.org/W2165340505
941,0,1,1,398,0.29588275546882026,0.05632996555985466,https://openalex.org/W2170645559
942,0,1,1,560,0.3295241751351123,0.0657709270228186,https://openalex.org/W2179587568
943,0,1,1,447,0.2973128457250811,0.060723738969744645,https://openalex.org/W2327090251
946,0,1,1,413,0.29631907490767523,0.05833011918071052,https://openalex.org/W2791043707
952,0,1,1,226,0.2879676726818451,0.036736823416810185,https://openalex.org/W604943240
43,0,2,0,58,0.2240343117259456,2.1895466274797337e-05,https://openalex.org/W2041761637
66,0,2,0,58,0.2240343117259456,2.1895466274797337e-05,https://openalex.org/W2890722669
755,0,2,0,106,0.22483646352087663,2.5670082282911167e-05,https://openalex.org/W2048889445
59,0,4,2,35,0.1812482038461138,6.5320601953517946e-09,https://openalex.org/W2183435816
654,0,3,2,142,0.18443110995293838,6.663155864467409e-09,https://openalex.org/W3216779397
800,0,3,2,142,0.18443110995293838,6.663155864467409e-09,https://openalex.org/W3216779397
72,0,2,0,115,0.2801001421764587,0.0004783902360444133,https://openalex.org/W2725011375
76,0,2,0,149,0.29663986123027974,0.0014577488527584156,https://openalex.org/W3193745980
105,0,10,6,100,0.25801725988365626,0.001064813288030846,https://openalex.org/W120594219
106,0,10,6,100,0.25801725988365626,0.001064813288030846,https://openalex.org/W1483220644
107,0,10,6,100,0.25801725988365626,0.001064813288030846,https://openalex.org/W1540606636
108,0,10,6,100,0.25801725988365626,0.001064813288030846,https://openalex.org/W1550621568
109,0,10,6,100,0.25801725988365626,0.001064813288030846,https://openalex.org/W1574803128
110,0,10,6,100,0.25801725988365626,0.001064813288030846,https://openalex.org/W1584932017
111,0,10,6,100,0.25801725988365626,0.001064813288030846,https://openalex.org/W1589480494
112,0,10,6,100,0.25801725988365626,0.001064813288030846,https://openalex.org/W1604841909
113,0,10,6,100,0.25801725988365626,0.001064813288030846,https://openalex.org/W1660505426
114,0,10,6,100,0.25801725988365626,0.001064813288030846,https://openalex.org/W1770203355
115,0,10,6,100,0.25801725988365626,0.001064813288030846,https://openalex.org/W1922999250
116,0,10,6,100,0.25801725988365626,0.001064813288030846,https://openalex.org/W1976353169
117,0,10,6,100,0.25801725988365626,0.001064813288030846,https://openalex.org/W1983705375
118,0,10,6,100,0.25801725988365626,0.001064813288030846,https://openalex.org/W1988874674
119,0,10,6,100,0.25801725988365626,0.001064813288030846,https://openalex.org/W1993841658
120,0,10,6,100,0.25801725988365626,0.001064813288030846,https://openalex.org/W1996927734
121,0,10,6,100,0.25801725988365626,0.001064813288030846,https://openalex.org/W2003768123
122,0,10,6,100,0.25801725988365626,0.001064813288030846,https://openalex.org/W2005320215
123,0,10,6,100,0.25801725988365626,0.001064813288030846,https://openalex.org/W2009850892
124,0,10,6,100,0.25801725988365626,0.001064813288030846,https://openalex.org/W2017461502
125,0,10,6,100,0.25801725988365626,0.001064813288030846,https://openalex.org/W2025657099
126,0,10,6,100,0.25801725988365626,0.001064813288030846,https://openalex.org/W2032087755
127,0,10,6,100,0.25801725988365626,0.001064813288030846,https://openalex.org/W2044954060
128,0,10,6,100,0.25801725988365626,0.001064813288030846,https://openalex.org/W2045445734
129,0,10,6,100,0.25801725988365626,0.001064813288030846,https://openalex.org/W2046474513
130,0,10,6,100,0.25801725988365626,0.001064813288030846,https://openalex.org/W2064457491
131,0,10,6,100,0.25801725988365626,0.001064813288030846,https://openalex.org/W2065470838
132,0,10,6,100,0.25801725988365626,0.001064813288030846,https://openalex.org/W2066246414
133,0,10,6,100,0.25801725988365626,0.001064813288030846,https://openalex.org/W2075241875
134,0,10,6,100,0.25801725988365626,0.001064813288030846,https://openalex.org/W2075609656
135,0,10,6,100,0.25801725988365626,0.001064813288030846,https://openalex.org/W2085741700
136,0,10,6,100,0.25801725988365626,0.001064813288030846,https://openalex.org/W2088954859
137,0,10,6,100,0.25801725988365626,0.001064813288030846,https://openalex.org/W2101168279
138,0,10,6,100,0.25801725988365626,0.001064813288030846,https://openalex.org/W2109237375
139,0,10,6,100,0.25801725988365626,0.001064813288030846,https://openalex.org/W2121225721
140,0,10,6,100,0.25801725988365626,0.001064813288030846,https://openalex.org/W2126417862
141,0,10,6,100,0.25801725988365626,0.001064813288030846,https://openalex.org/W2130597043
142,0,10,6,100,0.25801725988365626,0.001064813288030846,https://openalex.org/W2130819865
143,0,10,6,100,0.25801725988365626,0.001064813288030846,https://openalex.org/W2133469585
144,0,10,6,100,0.25801725988365626,0.001064813288030846,https://openalex.org/W2143069758
145,0,10,6,100,0.25801725988365626,0.001064813288030846,https://openalex.org/W2147564395
146,0,10,6,100,0.25801725988365626,0.001064813288030846,https://openalex.org/W2151870980
147,0,10,6,100,0.25801725988365626,0.001064813288030846,https://openalex.org/W2158024270
148,0,10,6,100,0.25801725988365626,0.001064813288030846,https://openalex.org/W2166940788
149,0,10,6,100,0.25801725988365626,0.001064813288030846,https://openalex.org/W2167825607
150,0,10,6,100,0.25801725988365626,0.001064813288030846,https://openalex.org/W2168485380
151,0,10,6,100,0.25801725988365626,0.001064813288030846,https://openalex.org/W2188697633
152,0,10,6,100,0.25801725988365626,0.001064813288030846,https://openalex.org/W2209011507
153,0,10,6,100,0.25801725988365626,0.001064813288030846,https://openalex.org/W2240061113
154,0,10,6,100,0.25801725988365626,0.001064813288030846,https://openalex.org/W22440634
155,0,10,6,100,0.25801725988365626,0.001064813288030846,https://openalex.org/W2268277402
156,0,10,6,100,0.25801725988365626,0.001064813288030846,https://openalex.org/W2312515356
157,0,10,6,100,0.25801725988365626,0.001064813288030846,https://openalex.org/W2319271087
158,0,10,6,100,0.25801725988365626,0.001064813288030846,https://openalex.org/W2323221925
159,0,10,6,100,0.25801725988365626,0.001064813288030846,https://openalex.org/W2338852780
160,0,10,6,100,0.25801725988365626,0.001064813288030846,https://openalex.org/W2340087897
161,0,10,6,100,0.25801725988365626,0.001064813288030846,https://openalex.org/W2419456313
162,0,10,6,100,0.25801725988365626,0.001064813288030846,https://openalex.org/W2474704289
163,0,10,6,100,0.25801725988365626,0.001064813288030846,https://openalex.org/W2599868300
164,0,10,6,100,0.25801725988365626,0.001064813288030846,https://openalex.org/W2606855838
165,0,10,6,100,0.25801725988365626,0.001064813288030846,https://openalex.org/W2777511750
166,0,10,6,100,0.25801725988365626,0.001064813288030846,https://openalex.org/W2782011318
167,0,10,6,100,0.25801725988365626,0.001064813288030846,https://openalex.org/W2785433234
168,0,10,6,100,0.25801725988365626,0.001064813288030846,https://openalex.org/W2891897418
169,0,10,6,100,0.25801725988365626,0.001064813288030846,https://openalex.org/W2953530796
170,0,10,6,100,0.25801725988365626,0.001064813288030846,https://openalex.org/W3011865677
171,0,10,6,100,0.25801725988365626,0.001064813288030846,https://openalex.org/W3121854767
172,0,10,6,100,0.25801725988365626,0.001064813288030846,https://openalex.org/W3121995747
173,0,10,6,100,0.25801725988365626,0.001064813288030846,https://openalex.org/W3122047221
174,0,10,6,100,0.25801725988365626,0.001064813288030846,https://openalex.org/W3122321297
175,0,10,6,100,0.25801725988365626,0.001064813288030846,https://openalex.org/W3122933983
176,0,10,6,100,0.25801725988365626,0.001064813288030846,https://openalex.org/W3123886011
177,0,10,6,100,0.25801725988365626,0.001064813288030846,https://openalex.org/W3124294801
178,0,10,6,100,0.25801725988365626,0.001064813288030846,https://openalex.org/W3124319319
179,0,10,6,100,0.25801725988365626,0.001064813288030846,https://openalex.org/W3124526872
180,0,10,6,100,0.25801725988365626,0.001064813288030846,https://openalex.org/W3124689133
181,0,10,6,100,0.25801725988365626,0.001064813288030846,https://openalex.org/W3124704578
182,0,10,6,100,0.25801725988365626,0.001064813288030846,https://openalex.org/W3124915837
183,0,10,6,100,0.25801725988365626,0.001064813288030846,https://openalex.org/W3125242204
184,0,10,6,100,0.25801725988365626,0.001064813288030846,https://openalex.org/W3125678016
185,0,10,6,100,0.25801725988365626,0.001064813288030846,https://openalex.org/W3125685058
186,0,10,6,100,0.25801725988365626,0.001064813288030846,https://openalex.org/W3126062738
187,0,10,6,100,0.25801725988365626,0.001064813288030846,https://openalex.org/W3126071966
188,0,10,6,100,0.25801725988365626,0.001064813288030846,https://openalex.org/W409377103
189,0,10,6,100,0.25801725988365626,0.001064813288030846,https://openalex.org/W4230345302
190,0,10,6,100,0.25801725988365626,0.001064813288030846,https://openalex.org/W4233414700
191,0,10,6,100,0.25801725988365626,0.001064813288030846,https://openalex.org/W4235879598
192,0,10,6,100,0.25801725988365626,0.001064813288030846,https://openalex.org/W4249013019
193,0,10,6,100,0.25801725988365626,0.001064813288030846,https://openalex.org/W4253813278
194,0,10,0,580,0.3546902365216371,0.02686251682798448,https://openalex.org/W4285719527
195,0,10,6,100,0.25801725988365626,0.001064813288030846,https://openalex.org/W573540759
196,0,10,6,100,0.25801725988365626,0.001064813288030846,https://openalex.org/W642841646
197,0,10,6,100,0.25801725988365626,0.001064813288030846,https://openalex.org/W83581033
1316,0,10,0,580,0.3546902365216371,0.02686251682798448,https://openalex.org/W4285719527
1692,0,10,0,580,0.3546902365216371,0.02686251682798448,https://openalex.org/W4285719527
2059,0,10,0,580,0.3546902365216371,0.02686251682798448,https://openalex.org/W4285719527
2537,0,10,0,580,0.3546902365216371,0.02686251682798448,https://openalex.org/W4285719527
287,0,10,0,114,0.26477140108581093,0.0008972825483097009,https://openalex.org/W1502142963
288,0,10,0,57,0.26219186064377803,0.0008953931551716146,https://openalex.org/W1524144569
289,0,10,0,57,0.26219186064377803,0.0008953931551716146,https://openalex.org/W1553879074
290,0,10,0,57,0.26219186064377803,0.0008953931551716146,https://openalex.org/W1560831680
291,0,10,0,57,0.26219186064377803,0.0008953931551716146,https://openalex.org/W1571111489
292,0,10,0,57,0.26219186064377803,0.0008953931551716146,https://openalex.org/W1791470807
293,0,10,0,57,0.26219186064377803,0.0008953931551716146,https://openalex.org/W2022468638
294,0,10,0,57,0.26219186064377803,0.0008953931551716146,https://openalex.org/W2033739153
295,0,10,0,57,0.26219186064377803,0.0008953931551716146,https://openalex.org/W2061631194
296,0,10,0,57,0.26219186064377803,0.0008953931551716146,https://openalex.org/W2129688108
297,0,10,0,57,0.26219186064377803,0.0008953931551716146,https://openalex.org/W2133907116
298,0,10,0,57,0.26219186064377803,0.0008953931551716146,https://openalex.org/W2136107756
299,0,10,0,57,0.26219186064377803,0.0008953931551716146,https://openalex.org/W2141441330
300,0,10,0,57,0.26219186064377803,0.0008953931551716146,https://openalex.org/W2147463411
301,0,10,0,57,0.26219186064377803,0.0008953931551716146,https://openalex.org/W2151301230
302,0,10,0,57,0.26219186064377803,0.0008953931551716146,https://openalex.org/W2168461232
303,0,10,0,57,0.26219186064377803,0.0008953931551716146,https://openalex.org/W2188166022
304,0,10,0,57,0.26219186064377803,0.0008953931551716146,https://openalex.org/W2506436885
305,0,10,0,57,0.26219186064377803,0.0008953931551716146,https://openalex.org/W2611582501
306,0,10,0,57,0.26219186064377803,0.0008953931551716146,https://openalex.org/W4247152865
307,0,10,0,136,0.26861755903759665,0.0009054407403595536,https://openalex.org/W4250445487
309,0,10,0,57,0.26219186064377803,0.0008953931551716146,https://openalex.org/W648965654
310,0,10,0,57,0.26219186064377803,0.0008953931551716146,https://openalex.org/W654657680
422,0,1,3,133,0.27834127158194405,0.0036448566243076335,https://openalex.org/W2125220878
427,0,1,3,79,0.27110610091391185,0.003261467435956316,https://openalex.org/W118267216
428,0,1,3,79,0.27110610091391185,0.003261467435956316,https://openalex.org/W1513451850
429,0,1,3,79,0.27110610091391185,0.003261467435956316,https://openalex.org/W1558440899
430,0,1,3,79,0.27110610091391185,0.003261467435956316,https://openalex.org/W1562584391
431,0,1,3,79,0.27110610091391185,0.003261467435956316,https://openalex.org/W1580688595
432,0,1,3,79,0.27110610091391185,0.003261467435956316,https://openalex.org/W1598658914
433,0,1,3,79,0.27110610091391185,0.003261467435956316,https://openalex.org/W1635269021
434,0,1,3,79,0.27110610091391185,0.003261467435956316,https://openalex.org/W1803004425
435,0,1,3,79,0.27110610091391185,0.003261467435956316,https://openalex.org/W1940950433
436,0,1,3,79,0.27110610091391185,0.003261467435956316,https://openalex.org/W1961896722
437,0,1,3,79,0.27110610091391185,0.003261467435956316,https://openalex.org/W1971980724
438,0,1,3,79,0.27110610091391185,0.003261467435956316,https://openalex.org/W1977655591
439,0,1,3,79,0.27110610091391185,0.003261467435956316,https://openalex.org/W1978622957
440,0,1,3,79,0.27110610091391185,0.003261467435956316,https://openalex.org/W1996548598
441,0,1,3,79,0.27110610091391185,0.003261467435956316,https://openalex.org/W2002607345
442,0,1,3,79,0.27110610091391185,0.003261467435956316,https://openalex.org/W2005850239
443,0,1,3,79,0.27110610091391185,0.003261467435956316,https://openalex.org/W2011011316
444,0,1,3,79,0.27110610091391185,0.003261467435956316,https://openalex.org/W2030716640
446,0,1,3,79,0.27110610091391185,0.003261467435956316,https://openalex.org/W2040793390
447,0,1,3,79,0.27110610091391185,0.003261467435956316,https://openalex.org/W2042941609
448,0,1,3,79,0.27110610091391185,0.003261467435956316,https://openalex.org/W2048920201
449,0,1,3,79,0.27110610091391185,0.003261467435956316,https://openalex.org/W2050485610
450,0,1,3,79,0.27110610091391185,0.003261467435956316,https://openalex.org/W2051030138
451,0,1,3,79,0.27110610091391185,0.003261467435956316,https://openalex.org/W2053173693
452,0,1,3,79,0.27110610091391185,0.003261467435956316,https://openalex.org/W2061121240
453,0,1,3,79,0.27110610091391185,0.003261467435956316,https://openalex.org/W2065753397
454,0,1,3,79,0.27110610091391185,0.003261467435956316,https://openalex.org/W2070649243
455,0,1,3,79,0.27110610091391185,0.003261467435956316,https://openalex.org/W2089382928
456,0,1,3,79,0.27110610091391185,0.003261467435956316,https://openalex.org/W2090834622
457,0,1,3,79,0.27110610091391185,0.003261467435956316,https://openalex.org/W2096582896
458,0,1,3,79,0.27110610091391185,0.003261467435956316,https://openalex.org/W2100599795
460,0,1,3,79,0.27110610091391185,0.003261467435956316,https://openalex.org/W2112657826
461,0,1,3,79,0.27110610091391185,0.003261467435956316,https://openalex.org/W2115429614
462,0,1,3,79,0.27110610091391185,0.003261467435956316,https://openalex.org/W2116159486
463,0,1,3,79,0.27110610091391185,0.003261467435956316,https://openalex.org/W2118175947
464,0,1,3,79,0.27110610091391185,0.003261467435956316,https://openalex.org/W2123684590
465,0,1,3,133,0.27834127158194405,0.0036448566243076335,https://openalex.org/W2125220878
466,0,1,3,79,0.27110610091391185,0.003261467435956316,https://openalex.org/W2140116268
467,0,1,3,79,0.27110610091391185,0.003261467435956316,https://openalex.org/W2143000340
468,0,1,3,79,0.27110610091391185,0.003261467435956316,https://openalex.org/W2156855145
469,0,1,3,79,0.27110610091391185,0.003261467435956316,https://openalex.org/W2159539728
470,0,1,3,79,0.27110610091391185,0.003261467435956316,https://openalex.org/W2164860026
471,0,1,3,79,0.27110610091391185,0.003261467435956316,https://openalex.org/W2169570446
472,0,1,3,79,0.27110610091391185,0.003261467435956316,https://openalex.org/W2170557017
473,0,1,3,79,0.27110610091391185,0.003261467435956316,https://openalex.org/W2243040480
474,0,1,3,79,0.27110610091391185,0.003261467435956316,https://openalex.org/W2791286707
475,0,1,3,79,0.27110610091391185,0.003261467435956316,https://openalex.org/W2917562681
476,0,1,3,79,0.27110610091391185,0.003261467435956316,https://openalex.org/W4236701215
477,0,1,3,79,0.27110610091391185,0.003261467435956316,https://openalex.org/W4238038706
478,0,11,3,140,0.2736908771416392,0.0033217912259085117,https://openalex.org/W4241100824
481,0,1,3,79,0.27110610091391185,0.003261467435956316,https://openalex.org/W475940995
482,0,1,3,79,0.27110610091391185,0.003261467435956316,https://openalex.org/W605078877
483,0,1,3,79,0.27110610091391185,0.003261467435956316,https://openalex.org/W650652572
484,0,1,3,79,0.27110610091391185,0.003261467435956316,https://openalex.org/W656483996
485,0,1,3,79,0.27110610091391185,0.003261467435956316,https://openalex.org/W88350714
486,0,10,0,114,0.26477140108581093,0.0008972825483097009,https://openalex.org/W1502142963
805,0,10,0,114,0.26477140108581093,0.0008972825483097009,https://openalex.org/W1502142963
806,0,10,0,57,0.26219186064377803,0.0008953931551716146,https://openalex.org/W1524144569
807,0,10,0,57,0.26219186064377803,0.0008953931551716146,https://openalex.org/W1553879074
808,0,10,0,57,0.26219186064377803,0.0008953931551716146,https://openalex.org/W1560831680
809,0,10,0,57,0.26219186064377803,0.0008953931551716146,https://openalex.org/W1571111489
810,0,10,0,57,0.26219186064377803,0.0008953931551716146,https://openalex.org/W1791470807
811,0,10,0,57,0.26219186064377803,0.0008953931551716146,https://openalex.org/W2022468638
812,0,10,0,57,0.26219186064377803,0.0008953931551716146,https://openalex.org/W2033739153
813,0,10,0,57,0.26219186064377803,0.0008953931551716146,https://openalex.org/W2061631194
814,0,10,0,57,0.26219186064377803,0.0008953931551716146,https://openalex.org/W2129688108
815,0,10,0,57,0.26219186064377803,0.0008953931551716146,https://openalex.org/W2133907116
816,0,10,0,57,0.26219186064377803,0.0008953931551716146,https://openalex.org/W2136107756
817,0,10,0,57,0.26219186064377803,0.0008953931551716146,https://openalex.org/W2141441330
818,0,10,0,57,0.26219186064377803,0.0008953931551716146,https://openalex.org/W2147463411
819,0,10,0,57,0.26219186064377803,0.0008953931551716146,https://openalex.org/W2151301230
820,0,10,0,57,0.26219186064377803,0.0008953931551716146,https://openalex.org/W2168461232
821,0,10,0,57,0.26219186064377803,0.0008953931551716146,https://openalex.org/W2188166022
822,0,10,0,57,0.26219186064377803,0.0008953931551716146,https://openalex.org/W2506436885
823,0,10,0,57,0.26219186064377803,0.0008953931551716146,https://openalex.org/W2611582501
824,0,10,0,57,0.26219186064377803,0.0008953931551716146,https://openalex.org/W4247152865
825,0,10,0,136,0.26861755903759665,0.0009054407403595536,https://openalex.org/W4250445487
827,0,10,0,57,0.26219186064377803,0.0008953931551716146,https://openalex.org/W648965654
828,0,10,0,57,0.26219186064377803,0.0008953931551716146,https://openalex.org/W654657680
877,0,10,0,136,0.26861755903759665,0.0009054407403595536,https://openalex.org/W4250445487
1964,0,2,0,190,0.329776545947579,0.004298657860720899,https://openalex.org/W2141918103
1973,0,2,0,569,0.3665074939154757,0.009210864004861052,https://openalex.org/W656268522
2012,0,10,5,63,0.26280910541118424,0.0009157198871742835,https://openalex.org/W100508310
2013,0,10,5,63,0.26280910541118424,0.0009157198871742835,https://openalex.org/W109564690
2014,0,10,5,63,0.26280910541118424,0.0009157198871742835,https://openalex.org/W1509816124
2015,0,10,5,63,0.26280910541118424,0.0009157198871742835,https://openalex.org/W1557942461
2016,0,10,5,63,0.26280910541118424,0.0009157198871742835,https://openalex.org/W1578519321
2017,0,10,5,63,0.26280910541118424,0.0009157198871742835,https://openalex.org/W1606510071
2018,0,10,5,63,0.26280910541118424,0.0009157198871742835,https://openalex.org/W1924072852
2019,0,10,5,63,0.26280910541118424,0.0009157198871742835,https://openalex.org/W1958019198
2020,0,10,5,63,0.26280910541118424,0.0009157198871742835,https://openalex.org/W1966078077
2021,0,10,5,63,0.26280910541118424,0.0009157198871742835,https://openalex.org/W1967316218
2022,0,10,5,63,0.26280910541118424,0.0009157198871742835,https://openalex.org/W1975974781
2023,0,10,5,63,0.26280910541118424,0.0009157198871742835,https://openalex.org/W1977137264
2024,0,10,5,63,0.26280910541118424,0.0009157198871742835,https://openalex.org/W1978145641
2025,0,10,5,63,0.26280910541118424,0.0009157198871742835,https://openalex.org/W1988575091
2026,0,10,5,63,0.26280910541118424,0.0009157198871742835,https://openalex.org/W1996642497
2027,0,10,5,63,0.26280910541118424,0.0009157198871742835,https://openalex.org/W1999426151
2028,0,10,5,63,0.26280910541118424,0.0009157198871742835,https://openalex.org/W2010833699
2029,0,10,5,63,0.26280910541118424,0.0009157198871742835,https://openalex.org/W2016301684
2030,0,5,5,120,0.2654008655420333,0.0009170490292288267,https://openalex.org/W2031124405
2031,0,10,5,63,0.26280910541118424,0.0009157198871742835,https://openalex.org/W2044630570
2032,0,10,5,116,0.26931358380636816,0.0009301960160314362,https://openalex.org/W2044783854
2033,0,10,5,63,0.26280910541118424,0.0009157198871742835,https://openalex.org/W2054444148
2034,0,10,5,63,0.26280910541118424,0.0009157198871742835,https://openalex.org/W2063654475
2035,0,10,5,63,0.26280910541118424,0.0009157198871742835,https://openalex.org/W2064486164
2036,0,10,5,63,0.26280910541118424,0.0009157198871742835,https://openalex.org/W2068674304
2037,0,10,5,63,0.26280910541118424,0.0009157198871742835,https://openalex.org/W2069907705
2038,0,10,5,63,0.26280910541118424,0.0009157198871742835,https://openalex.org/W2090880637
2039,0,10,5,63,0.26280910541118424,0.0009157198871742835,https://openalex.org/W2108836181
2040,0,10,5,63,0.26280910541118424,0.0009157198871742835,https://openalex.org/W2113045821
2041,0,10,5,63,0.26280910541118424,0.0009157198871742835,https://openalex.org/W2117751082
2042,0,10,5,63,0.26280910541118424,0.0009157198871742835,https://openalex.org/W2153017968
2043,0,10,5,63,0.26280910541118424,0.0009157198871742835,https://openalex.org/W2160946296
2044,0,10,5,63,0.26280910541118424,0.0009157198871742835,https://openalex.org/W2163433165
2045,0,10,5,63,0.26280910541118424,0.0009157198871742835,https://openalex.org/W2168139411
2046,0,10,5,63,0.26280910541118424,0.0009157198871742835,https://openalex.org/W2174926588
2047,0,10,5,63,0.26280910541118424,0.0009157198871742835,https://openalex.org/W2201800076
2048,0,10,5,63,0.26280910541118424,0.0009157198871742835,https://openalex.org/W2409068341
2049,0,10,5,63,0.26280910541118424,0.0009157198871742835,https://openalex.org/W2724552429
2050,0,10,5,63,0.26280910541118424,0.0009157198871742835,https://openalex.org/W2798131886
2051,0,10,5,63,0.26280910541118424,0.0009157198871742835,https://openalex.org/W2798578048
2052,0,10,5,63,0.26280910541118424,0.0009157198871742835,https://openalex.org/W286222163
2053,0,10,5,63,0.26280910541118424,0.0009157198871742835,https://openalex.org/W2904876939
2054,0,10,5,63,0.26280910541118424,0.0009157198871742835,https://openalex.org/W2978805936
2055,0,10,5,63,0.26280910541118424,0.0009157198871742835,https://openalex.org/W3021738595
2056,0,10,5,63,0.26280910541118424,0.0009157198871742835,https://openalex.org/W411150162
2057,0,10,5,63,0.26280910541118424,0.0009157198871742835,https://openalex.org/W4242514780
2058,0,10,5,63,0.26280910541118424,0.0009157198871742835,https://openalex.org/W4249267781
2060,0,10,5,63,0.26280910541118424,0.0009157198871742835,https://openalex.org/W4297403259
2061,0,10,5,63,0.26280910541118424,0.0009157198871742835,https://openalex.org/W4299602173
2062,0,10,5,112,0.2639367451804617,0.0009178088414574428,https://openalex.org/W589615080
2063,0,10,5,112,0.2639367451804617,0.0009178088414574428,https://openalex.org/W630879368
2081,0,1,1,388,0.3159494371028168,0.04966440939818858,https://openalex.org/W2107031757
2091,0,1,1,560,0.3295241751351123,0.0657709270228186,https://openalex.org/W2179587568
2096,0,1,1,364,0.28101413667358494,0.04789947308272388,https://openalex.org/W2435437921
2104,0,1,1,337,0.28843613683836095,0.04336419510666696,https://openalex.org/W4300870773
2149,0,2,0,563,0.35150526296919793,0.00505185445808718,https://openalex.org/W2045241688
2178,0,1,1,339,0.32230085863567925,0.047241722045556635,https://openalex.org/W2136933546
2184,0,1,1,560,0.3295241751351123,0.0657709270228186,https://openalex.org/W2179587568
2189,0,0,1,544,0.31105857894333044,0.059490039647459934,https://openalex.org/W2473740239
2194,0,0,1,422,0.3055095915224886,0.04614971780650229,https://openalex.org/W2600903472
2199,0,1,1,538,0.30952532655174286,0.06341487974190806,https://openalex.org/W2895429420
2200,0,0,1,510,0.29164563424875395,0.05990653930259641,https://openalex.org/W2895509011
2201,0,1,1,537,0.3308262133641611,0.05884591636318303,https://openalex.org/W634430281
2223,0,2,0,563,0.35150526296919793,0.00505185445808718,https://openalex.org/W2045241688
2238,0,2,0,190,0.329776545947579,0.004298657860720899,https://openalex.org/W2141918103
2252,0,2,0,569,0.3665074939154757,0.009210864004861052,https://openalex.org/W656268522
2254,0,1,1,350,0.32337277437623346,0.04682034274082406,https://openalex.org/W140453387
2264,0,1,1,422,0.32589011027796216,0.050436120189303636,https://openalex.org/W2040106495
2275,0,1,1,560,0.3295241751351123,0.0657709270228186,https://openalex.org/W2179587568
2279,0,1,1,364,0.28101413667358494,0.047899473082723874,https://openalex.org/W2435437921
2281,0,1,1,300,0.27934732437079446,0.04237559115685267,https://openalex.org/W2560321923
2388,0,2,0,563,0.35150526296919793,0.00505185445808718,https://openalex.org/W2045241688
2452,0,2,0,569,0.3665074939154757,0.009210864004861052,https://openalex.org/W656268522
2455,0,10,0,285,0.3143349285598991,0.027441338764653996,https://openalex.org/W1597832510
2465,0,1,1,422,0.32589011027796216,0.050436120189303636,https://openalex.org/W2040106495
2484,0,11,4,395,0.3050458081126275,0.042412408473562944,https://openalex.org/W2292304140
2487,0,0,1,422,0.3055095915224886,0.04614971780650229,https://openalex.org/W2600903472
2495,0,11,4,333,0.3017476854500823,0.022855703609216127,https://openalex.org/W2913546971
2500,0,2,0,71,0.29940971788624937,0.003416439004088306,https://openalex.org/W1227492430
2501,0,1,1,350,0.32337277437623346,0.04682034274082406,https://openalex.org/W140453387
2502,0,2,0,71,0.29940971788624937,0.003416439004088306,https://openalex.org/W1581671376
2503,0,2,0,71,0.29940971788624937,0.003416439004088306,https://openalex.org/W1603242685
2504,0,2,0,71,0.29940971788624937,0.003416439004088306,https://openalex.org/W1907488138
2505,0,2,0,144,0.32539756342015247,0.003556191025415201,https://openalex.org/W1967390644
2506,0,2,0,71,0.29940971788624937,0.003416439004088306,https://openalex.org/W1985108728
2507,0,2,0,71,0.29940971788624937,0.003416439004088306,https://openalex.org/W1986576484
2508,0,2,0,71,0.29940971788624937,0.003416439004088306,https://openalex.org/W1995105693
2509,0,2,0,71,0.29940971788624937,0.003416439004088306,https://openalex.org/W2008933922
2510,0,2,0,71,0.29940971788624937,0.003416439004088306,https://openalex.org/W2031942492
2511,0,2,0,114,0.3096207118603875,0.0037597462201478683,https://openalex.org/W2039757335
2512,0,1,1,422,0.32589011027796216,0.050436120189303636,https://openalex.org/W2040106495
2513,0,2,0,71,0.29940971788624937,0.003416439004088306,https://openalex.org/W2044784934
2514,0,2,0,563,0.35150526296919793,0.00505185445808718,https://openalex.org/W2045241688
2515,0,2,0,71,0.29940971788624937,0.003416439004088306,https://openalex.org/W2105263266
2516,0,2,0,71,0.29940971788624937,0.003416439004088306,https://openalex.org/W2120712763
2517,0,2,0,190,0.3085746959419402,0.021564865782018446,https://openalex.org/W2136823874
2518,0,1,1,339,0.32230085863567925,0.047241722045556635,https://openalex.org/W2136933546
2519,0,2,0,71,0.29940971788624937,0.003416439004088306,https://openalex.org/W2137540532
2520,0,2,0,190,0.329776545947579,0.004298657860720899,https://openalex.org/W2141918103
2521,0,2,0,71,0.29940971788624937,0.003416439004088306,https://openalex.org/W2143130238
2522,0,2,0,101,0.3225422824998258,0.003459545129945217,https://openalex.org/W2150353123
2523,0,2,0,71,0.29940971788624937,0.003416439004088306,https://openalex.org/W2163075259
2524,0,2,0,71,0.29940971788624937,0.003416439004088306,https://openalex.org/W2194583865
2525,0,2,0,71,0.29940971788624937,0.003416439004088306,https://openalex.org/W2306291294
2526,0,2,0,71,0.29940971788624937,0.003416439004088306,https://openalex.org/W2322271163
2527,0,2,0,190,0.3085746959419402,0.021564865782018446,https://openalex.org/W2425091006
2528,0,2,0,71,0.29940971788624937,0.003416439004088306,https://openalex.org/W2479840514
2529,0,2,0,71,0.29940971788624937,0.003416439004088306,https://openalex.org/W2550379908
2530,0,2,0,71,0.29940971788624937,0.003416439004088306,https://openalex.org/W2594686157
2531,0,2,0,71,0.29940971788624937,0.003416439004088306,https://openalex.org/W2599228176
2532,0,2,0,71,0.29940971788624937,0.003416439004088306,https://openalex.org/W2768903746
2533,0,2,0,71,0.29940971788624937,0.003416439004088306,https://openalex.org/W2772749861
2534,0,2,0,71,0.29940971788624937,0.003416439004088306,https://openalex.org/W2888687641
2535,0,2,0,71,0.29940971788624937,0.003416439004088306,https://openalex.org/W2991356575
2536,0,2,0,71,0.29940971788624937,0.003416439004088306,https://openalex.org/W4230804826
2669,0,1,1,538,0.30952532655174286,0.06341487974190806,https://openalex.org/W2895429420
2670,0,0,1,510,0.29164563424875395,0.05990653930259641,https://openalex.org/W2895509011
2674,0,1,1,537,0.3308262133641611,0.05884591636318303,https://openalex.org/W634430281
2754,0,0,4,305,0.2794768317070813,0.036354761790782106,https://openalex.org/W2014191564
2769,0,1,1,560,0.3295241751351123,0.0657709270228186,https://openalex.org/W2179587568
2776,0,1,1,364,0.28101413667358494,0.047899473082723874,https://openalex.org/W2435437921
2777,0,0,1,544,0.31105857894333044,0.059490039647459934,https://openalex.org/W2473740239
2786,0,1,1,538,0.30952532655174286,0.06341487974190806,https://openalex.org/W2895429420
2788,0,0,1,510,0.29164563424875395,0.05990653930259641,https://openalex.org/W2895509011
2802,0,1,3,133,0.27834127158194405,0.0036448566243076335,https://openalex.org/W2125220878
2912,0,2,0,114,0.3096207118603875,0.0037597462201478683,https://openalex.org/W2039757335
2934,0,2,0,569,0.3665074939154757,0.009210864004861052,https://openalex.org/W656268522
2989,0,11,3,140,0.2736908771416392,0.0033217912259085117,https://openalex.org/W4241100824
3033,0,2,0,144,0.32539756342015247,0.003556191025415201,https://openalex.org/W1967390644
3039,0,2,0,563,0.35150526296919793,0.00505185445808718,https://openalex.org/W2045241688
3200,0,2,0,563,0.35150526296919793,0.00505185445808718,https://openalex.org/W2045241688
3393,0,2,0,563,0.35150526296919793,0.00505185445808718,https://openalex.org/W2045241688
3471,0,10,5,116,0.26931358380636816,0.0009301960160314362,https://openalex.org/W2044783854
3503,0,10,0,136,0.26861755903759665,0.0009054407403595536,https://openalex.org/W4250445487
3611,0,2,0,563,0.35150526296919793,0.00505185445808718,https://openalex.org/W2045241688
198,0,2,0,16,0.2215152223091697,6.8266562999867334e-06,https://openalex.org/W1524256431
199,0,2,0,16,0.2215152223091697,6.8266562999867334e-06,https://openalex.org/W1532460262
200,0,2,0,16,0.2215152223091697,6.8266562999867334e-06,https://openalex.org/W154238464
201,0,2,0,16,0.2215152223091697,6.8266562999867334e-06,https://openalex.org/W2013649179
202,0,2,0,16,0.2215152223091697,6.8266562999867334e-06,https://openalex.org/W2050302634
203,0,2,0,16,0.2215152223091697,6.8266562999867334e-06,https://openalex.org/W2089031929
204,0,2,0,16,0.2215152223091697,6.8266562999867334e-06,https://openalex.org/W2091501695
205,0,2,0,16,0.2215152223091697,6.8266562999867334e-06,https://openalex.org/W2115323158
206,0,2,0,16,0.2215152223091697,6.8266562999867334e-06,https://openalex.org/W2132830447
207,0,2,0,16,0.2215152223091697,6.8266562999867334e-06,https://openalex.org/W2168274585
208,0,2,0,118,0.291532801040804,0.0010344735223908365,https://openalex.org/W2172151487
209,0,2,0,16,0.2215152223091697,6.8266562999867334e-06,https://openalex.org/W2264875384
210,0,2,0,16,0.2215152223091697,6.8266562999867334e-06,https://openalex.org/W2891007566
211,0,2,0,16,0.2215152223091697,6.8266562999867334e-06,https://openalex.org/W2902662261
212,0,2,0,16,0.2215152223091697,6.8266562999867334e-06,https://openalex.org/W2976368678
213,0,2,0,16,0.2215152223091697,6.8266562999867334e-06,https://openalex.org/W2989330452
2245,0,2,0,118,0.291532801040804,0.0010344735223908365,https://openalex.org/W2172151487
921,0,1,1,293,0.3294161344219533,0.025182639237363413,https://openalex.org/W1484864026
2155,0,2,0,179,0.2960280524416492,0.0011946779469886371,https://openalex.org/W2094954772
2156,0,2,0,262,0.3128017465712819,0.0012508116148105392,https://openalex.org/W2099246599
2203,0,2,0,164,0.29787109694247177,0.0013487125369583057,https://openalex.org/W135978924
2204,0,1,1,293,0.3294161344219533,0.025182639237363413,https://openalex.org/W1484864026
2205,0,2,0,103,0.29111045296125865,0.001034150738222263,https://openalex.org/W1493773294
2206,0,2,0,103,0.29111045296125865,0.001034150738222263,https://openalex.org/W1506694424
2207,0,2,0,144,0.2922677814371058,0.0010572600474214793,https://openalex.org/W1577682341
2208,0,2,0,103,0.29111045296125865,0.001034150738222263,https://openalex.org/W1657562951
2209,0,2,0,103,0.29111045296125865,0.001034150738222263,https://openalex.org/W1977000593
2210,0,2,0,140,0.29215446641086285,0.0011117121082518506,https://openalex.org/W1984814658
2211,0,2,0,103,0.29111045296125865,0.001034150738222263,https://openalex.org/W1986092457
2212,0,2,0,103,0.29111045296125865,0.001034150738222263,https://openalex.org/W1987445308
2213,0,2,0,295,0.3109943902147,0.0024756881607155136,https://openalex.org/W1999061866
2214,0,2,0,103,0.29111045296125865,0.001034150738222263,https://openalex.org/W2007402616
2215,0,2,0,103,0.29111045296125865,0.001034150738222263,https://openalex.org/W2012161785
2216,0,2,0,103,0.29111045296125865,0.001034150738222263,https://openalex.org/W2022346271
2217,0,2,0,103,0.29111045296125865,0.001034150738222263,https://openalex.org/W2025474519
2218,0,2,0,103,0.29111045296125865,0.001034150738222263,https://openalex.org/W2035151633
2219,0,2,0,103,0.29111045296125865,0.001034150738222263,https://openalex.org/W2037639363
2220,0,2,0,103,0.29111045296125865,0.001034150738222263,https://openalex.org/W2040020326
2221,0,2,0,129,0.2918433026685585,0.0010705354739033186,https://openalex.org/W2040211497
2222,0,2,0,103,0.29111045296125865,0.001034150738222263,https://openalex.org/W2043391154
2224,0,2,0,201,0.2958246766081924,0.0011729008685617732,https://openalex.org/W2046866325
2225,0,2,0,163,0.29426512056632553,0.0010878770875722811,https://openalex.org/W2063307665
2226,0,2,0,103,0.29111045296125865,0.001034150738222263,https://openalex.org/W2073794479
2227,0,2,0,103,0.29111045296125865,0.001034150738222263,https://openalex.org/W2074339253
2228,0,2,0,103,0.29111045296125865,0.001034150738222263,https://openalex.org/W2089466082
2229,0,2,0,179,0.2960280524416492,0.0011946779469886371,https://openalex.org/W2094954772
2230,0,2,0,262,0.3128017465712819,0.001250811614810539,https://openalex.org/W2099246599
2231,0,2,0,103,0.29111045296125865,0.001034150738222263,https://openalex.org/W2102989444
2232,0,2,0,332,0.3055715358841111,0.001767785040802064,https://openalex.org/W2113626142
2233,0,2,0,159,0.2946102658548404,0.0011596539565936815,https://openalex.org/W2122488227
2234,0,2,0,263,0.31348493291324725,0.0013739290577094371,https://openalex.org/W2129716887
2235,0,2,0,103,0.29111045296125865,0.001034150738222263,https://openalex.org/W2132542075
2236,0,2,0,103,0.29111045296125865,0.001034150738222263,https://openalex.org/W2139839572
2237,0,2,0,183,0.29337722697691965,0.0011659979283584147,https://openalex.org/W2141435397
2239,0,2,0,103,0.29111045296125865,0.001034150738222263,https://openalex.org/W2143628862
2240,0,2,0,103,0.29111045296125865,0.001034150738222263,https://openalex.org/W2144562055
2241,0,2,0,103,0.29111045296125865,0.001034150738222263,https://openalex.org/W2155547356
2242,0,2,0,103,0.29111045296125865,0.001034150738222263,https://openalex.org/W2163318033
2243,0,2,0,159,0.2946102658548404,0.0011596539565936815,https://openalex.org/W2165140579
2244,0,2,0,103,0.29111045296125865,0.001034150738222263,https://openalex.org/W2171443751
2246,0,2,0,103,0.29111045296125865,0.001034150738222263,https://openalex.org/W2260141890
2247,0,2,0,103,0.29111045296125865,0.001034150738222263,https://openalex.org/W2281004844
2248,0,2,0,103,0.29111045296125865,0.001034150738222263,https://openalex.org/W2605010358
2249,0,2,0,149,0.2943225886105724,0.0011338247758076907,https://openalex.org/W4241327584
2250,0,2,0,103,0.29111045296125865,0.001034150738222263,https://openalex.org/W4249818656
2251,0,2,0,103,0.29111045296125865,0.001034150738222263,https://openalex.org/W46967766
2344,0,2,0,144,0.2922677814371058,0.0010572600474214793,https://openalex.org/W1577682341
2886,0,2,0,295,0.3109943902147,0.0024756881607155136,https://openalex.org/W1999061866
2888,0,2,0,201,0.2958246766081924,0.0011729008685617732,https://openalex.org/W2046866325
2891,0,2,0,262,0.3128017465712819,0.001250811614810539,https://openalex.org/W2099246599
2914,0,2,0,201,0.2958246766081924,0.0011729008685617732,https://openalex.org/W2046866325
3047,0,2,0,179,0.2960280524416492,0.0011946779469886371,https://openalex.org/W2094954772
3198,0,2,0,295,0.3109943902147,0.0024756881607155136,https://openalex.org/W1999061866
3201,0,2,0,262,0.3128017465712819,0.001250811614810539,https://openalex.org/W2099246599
3204,0,2,0,332,0.3055715358841111,0.001767785040802064,https://openalex.org/W2113626142
3205,0,2,0,159,0.2946102658548404,0.0011596539565936815,https://openalex.org/W2122488227
3213,0,2,0,159,0.2946102658548404,0.0011596539565936815,https://openalex.org/W2165140579
3400,0,2,0,163,0.29426512056632553,0.0010878770875722811,https://openalex.org/W2063307665
3577,0,2,0,295,0.3109943902147,0.0024756881607155136,https://openalex.org/W1999061866
3619,0,2,0,332,0.3055715358841111,0.001767785040802064,https://openalex.org/W2113626142
3622,0,2,0,263,0.31348493291324725,0.0013739290577094371,https://openalex.org/W2129716887
214,0,3,2,53,0.13413544701886307,1.801182492231352e-11,https://openalex.org/W132342118
215,0,3,2,53,0.13413544701886307,1.801182492231352e-11,https://openalex.org/W14129648
216,0,3,2,53,0.13413544701886307,1.801182492231352e-11,https://openalex.org/W1490808151
217,0,3,2,53,0.13413544701886307,1.801182492231352e-11,https://openalex.org/W1491061445
218,0,3,2,53,0.13413544701886307,1.801182492231352e-11,https://openalex.org/W1516513156
219,0,3,2,53,0.13413544701886307,1.801182492231352e-11,https://openalex.org/W1539265701
220,0,3,2,53,0.13413544701886307,1.801182492231352e-11,https://openalex.org/W1546500700
221,0,3,2,53,0.13413544701886307,1.801182492231352e-11,https://openalex.org/W1552063689
222,0,3,2,53,0.13413544701886307,1.801182492231352e-11,https://openalex.org/W1579081857
223,0,3,2,53,0.13413544701886307,1.801182492231352e-11,https://openalex.org/W1907855292
224,0,3,2,53,0.13413544701886307,1.801182492231352e-11,https://openalex.org/W1919445689
225,0,3,2,119,0.1559477250600617,1.4719779078779185e-10,https://openalex.org/W19449966
226,0,3,2,53,0.13413544701886307,1.801182492231352e-11,https://openalex.org/W1968381883
227,0,3,2,53,0.13413544701886307,1.801182492231352e-11,https://openalex.org/W1969999249
228,0,3,2,53,0.13413544701886307,1.801182492231352e-11,https://openalex.org/W1973689223
229,0,3,2,53,0.13413544701886307,1.801182492231352e-11,https://openalex.org/W1976644211
230,0,3,2,53,0.13413544701886307,1.801182492231352e-11,https://openalex.org/W1993830193
231,0,3,2,53,0.13413544701886307,1.801182492231352e-11,https://openalex.org/W2007254456
232,0,3,2,53,0.13413544701886307,1.801182492231352e-11,https://openalex.org/W2016753875
233,0,3,2,53,0.13413544701886307,1.801182492231352e-11,https://openalex.org/W2030200233
234,0,3,2,65,0.13420711652170053,1.9977822356884708e-11,https://openalex.org/W2033282520
235,0,3,2,53,0.13413544701886307,1.801182492231352e-11,https://openalex.org/W2036602832
236,0,3,2,53,0.13413544701886307,1.801182492231352e-11,https://openalex.org/W2050541054
237,0,3,2,133,0.1350308050336382,1.987558429615907e-10,https://openalex.org/W2057691077
238,0,3,2,53,0.13413544701886307,1.801182492231352e-11,https://openalex.org/W2074981533
239,0,3,2,53,0.13413544701886307,1.801182492231352e-11,https://openalex.org/W2085567500
240,0,3,2,53,0.13413544701886307,1.801182492231352e-11,https://openalex.org/W2093151073
241,0,3,2,53,0.13413544701886307,1.801182492231352e-11,https://openalex.org/W2112162246
242,0,3,2,53,0.13413544701886307,1.801182492231352e-11,https://openalex.org/W2131402323
243,0,3,2,53,0.13413544701886307,1.801182492231352e-11,https://openalex.org/W2173653987
244,0,3,2,53,0.13413544701886307,1.801182492231352e-11,https://openalex.org/W2186981574
245,0,3,2,53,0.13413544701886307,1.801182492231352e-11,https://openalex.org/W23980768
246,0,3,2,53,0.13413544701886307,1.801182492231352e-11,https://openalex.org/W2480918679
247,0,3,2,53,0.13413544701886307,1.801182492231352e-11,https://openalex.org/W2481381000
248,0,3,2,53,0.13413544701886307,1.801182492231352e-11,https://openalex.org/W2518292713
249,0,3,2,53,0.13413544701886307,1.801182492231352e-11,https://openalex.org/W2524551678
250,0,3,2,53,0.13413544701886307,1.801182492231352e-11,https://openalex.org/W255604591
251,0,3,2,53,0.13413544701886307,1.801182492231352e-11,https://openalex.org/W2565605152
252,0,3,2,53,0.13413544701886307,1.801182492231352e-11,https://openalex.org/W2604406046
253,0,3,2,53,0.13413544701886307,1.801182492231352e-11,https://openalex.org/W2608291093
254,0,3,2,53,0.13413544701886307,1.801182492231352e-11,https://openalex.org/W2617826829
255,0,3,2,53,0.13413544701886307,1.801182492231352e-11,https://openalex.org/W2727755688
256,0,3,2,53,0.13413544701886307,1.801182492231352e-11,https://openalex.org/W2992737798
257,0,3,2,53,0.13413544701886307,1.801182492231352e-11,https://openalex.org/W419726280
258,0,3,2,53,0.13413544701886307,1.801182492231352e-11,https://openalex.org/W4242675370
259,0,3,2,53,0.13413544701886307,1.801182492231352e-11,https://openalex.org/W4251925831
260,0,3,2,119,0.1559477250600617,1.4719779078779185e-10,https://openalex.org/W4366452411
261,0,3,2,53,0.13413544701886307,1.801182492231352e-11,https://openalex.org/W4402110396
262,0,3,2,53,0.13413544701886307,1.801182492231352e-11,https://openalex.org/W47750800
263,0,3,2,53,0.13413544701886307,1.801182492231352e-11,https://openalex.org/W593950806
548,0,3,2,65,0.13420711652170053,1.9977822356884708e-11,https://openalex.org/W2033282520
613,0,3,2,119,0.1559477250600617,1.4719779078779185e-10,https://openalex.org/W19449966
663,0,3,2,119,0.1559477250600617,1.4719779078779185e-10,https://openalex.org/W4366452411
2564,0,3,2,133,0.1350308050336382,1.9875584296159065e-10,https://openalex.org/W2057691077
286,0,3,2,142,0.18443110995293838,6.663155864467409e-09,https://openalex.org/W3216779397
553,0,3,2,81,0.1556417241537164,1.3392474532520242e-10,https://openalex.org/W2131806896
603,0,3,2,82,0.1556497614232312,1.3349786372739856e-10,https://openalex.org/W2905010601
605,0,3,2,69,0.15554534162250347,1.332639074062782e-10,https://openalex.org/W1508863820
606,0,3,2,69,0.15554534162250347,1.332639074062782e-10,https://openalex.org/W1524578401
607,0,3,2,69,0.15554534162250347,1.332639074062782e-10,https://openalex.org/W1560322244
608,0,3,2,69,0.15554534162250347,1.332639074062782e-10,https://openalex.org/W1572549222
609,0,3,2,69,0.15554534162250347,1.332639074062782e-10,https://openalex.org/W1578913844
610,0,3,2,69,0.15554534162250347,1.332639074062782e-10,https://openalex.org/W1599548180
611,0,3,2,69,0.15554534162250347,1.332639074062782e-10,https://openalex.org/W189315048
612,0,3,2,69,0.15554534162250347,1.332639074062782e-10,https://openalex.org/W1942444330
614,0,3,2,69,0.15554534162250347,1.332639074062782e-10,https://openalex.org/W1971170556
615,0,3,2,69,0.15554534162250347,1.332639074062782e-10,https://openalex.org/W1984800886
616,0,3,2,69,0.15554534162250347,1.332639074062782e-10,https://openalex.org/W1993390327
617,0,3,2,69,0.15554534162250347,1.332639074062782e-10,https://openalex.org/W1996435010
618,0,3,2,69,0.15554534162250347,1.332639074062782e-10,https://openalex.org/W2007323868
619,0,3,2,69,0.15554534162250347,1.332639074062782e-10,https://openalex.org/W2013109714
620,0,3,2,69,0.15554534162250347,1.332639074062782e-10,https://openalex.org/W2018834259
621,0,3,2,69,0.15554534162250347,1.332639074062782e-10,https://openalex.org/W2023394231
622,0,3,2,69,0.15554534162250347,1.332639074062782e-10,https://openalex.org/W2027399021
623,0,3,2,69,0.15554534162250347,1.332639074062782e-10,https://openalex.org/W2041218274
624,0,3,2,69,0.15554534162250347,1.332639074062782e-10,https://openalex.org/W2066448258
625,0,3,2,69,0.15554534162250347,1.332639074062782e-10,https://openalex.org/W2084403116
626,0,3,2,69,0.15554534162250347,1.332639074062782e-10,https://openalex.org/W2094107797
627,0,3,2,69,0.15554534162250347,1.332639074062782e-10,https://openalex.org/W2097473141
629,0,3,2,69,0.15554534162250347,1.332639074062782e-10,https://openalex.org/W2117412747
630,0,3,2,69,0.15554534162250347,1.332639074062782e-10,https://openalex.org/W2118402255
631,0,3,2,69,0.15554534162250347,1.332639074062782e-10,https://openalex.org/W2121500851
632,0,3,2,69,0.15554534162250347,1.332639074062782e-10,https://openalex.org/W2123890379
633,0,3,2,69,0.15554534162250347,1.332639074062782e-10,https://openalex.org/W2131303026
634,0,3,2,81,0.1556417241537164,1.3392474532520242e-10,https://openalex.org/W2131806896
635,0,3,2,69,0.15554534162250347,1.332639074062782e-10,https://openalex.org/W2131922494
636,0,3,2,69,0.15554534162250347,1.332639074062782e-10,https://openalex.org/W2134805917
637,0,3,2,149,0.15619015597268485,3.1270276592990753e-10,https://openalex.org/W2140375221
638,0,3,2,69,0.15554534162250347,1.332639074062782e-10,https://openalex.org/W2141537732
639,0,3,2,69,0.15554534162250347,1.332639074062782e-10,https://openalex.org/W2145114177
640,0,3,2,69,0.15554534162250347,1.332639074062782e-10,https://openalex.org/W2156035226
641,0,3,2,69,0.15554534162250347,1.332639074062782e-10,https://openalex.org/W2162140083
642,0,3,2,69,0.15554534162250347,1.332639074062782e-10,https://openalex.org/W2315178503
643,0,3,2,69,0.15554534162250347,1.332639074062782e-10,https://openalex.org/W2553074465
644,0,3,2,69,0.15554534162250347,1.332639074062782e-10,https://openalex.org/W2612488585
645,0,3,2,69,0.15554534162250347,1.332639074062782e-10,https://openalex.org/W2703802103
646,0,3,2,69,0.15554534162250347,1.332639074062782e-10,https://openalex.org/W2903120359
647,0,3,2,69,0.15554534162250347,1.332639074062782e-10,https://openalex.org/W2904314261
648,0,3,2,82,0.1556497614232312,1.3349786372739856e-10,https://openalex.org/W2905010601
649,0,3,2,69,0.15554534162250347,1.332639074062782e-10,https://openalex.org/W3080693292
650,0,3,2,69,0.15554534162250347,1.332639074062782e-10,https://openalex.org/W3093106750
651,0,3,2,69,0.15554534162250347,1.332639074062782e-10,https://openalex.org/W3136241140
652,0,3,2,69,0.15554534162250347,1.332639074062782e-10,https://openalex.org/W3184876643
653,0,3,2,69,0.15554534162250347,1.332639074062782e-10,https://openalex.org/W3190574818
655,0,3,2,69,0.15554534162250347,1.332639074062782e-10,https://openalex.org/W419394948
656,0,3,2,69,0.15554534162250347,1.332639074062782e-10,https://openalex.org/W4205204520
657,0,3,2,69,0.15554534162250347,1.332639074062782e-10,https://openalex.org/W4210248375
658,0,3,2,69,0.15554534162250347,1.332639074062782e-10,https://openalex.org/W4213193087
659,0,3,2,69,0.15554534162250347,1.332639074062782e-10,https://openalex.org/W4232387830
660,0,3,2,69,0.15554534162250347,1.332639074062782e-10,https://openalex.org/W4243544633
661,0,3,2,69,0.15554534162250347,1.332639074062782e-10,https://openalex.org/W4251613392
662,0,3,2,69,0.15554534162250347,1.332639074062782e-10,https://openalex.org/W4301911704
664,0,3,2,69,0.15554534162250347,1.332639074062782e-10,https://openalex.org/W4393020831
665,0,3,2,69,0.15554534162250347,1.332639074062782e-10,https://openalex.org/W600941897
666,0,3,2,69,0.15554534162250347,1.332639074062782e-10,https://openalex.org/W656565818
2577,0,3,2,149,0.15619015597268485,3.1270276592990753e-10,https://openalex.org/W2140375221
543,0,3,2,13,0.1334347527540339,2.396639847639627e-12,https://openalex.org/W1491190506
544,0,3,2,13,0.1334347527540339,2.396639847639627e-12,https://openalex.org/W1496698723
545,0,3,2,13,0.1334347527540339,2.396639847639627e-12,https://openalex.org/W1572986423
546,0,3,2,13,0.1334347527540339,2.396639847639627e-12,https://openalex.org/W1597018565
547,0,3,2,13,0.1334347527540339,2.396639847639627e-12,https://openalex.org/W1990850277
549,0,3,2,13,0.1334347527540339,2.396639847639627e-12,https://openalex.org/W2037749464
550,0,3,2,13,0.1334347527540339,2.396639847639627e-12,https://openalex.org/W2038146667
551,0,3,2,13,0.1334347527540339,2.396639847639627e-12,https://openalex.org/W2085491458
552,0,3,2,13,0.1334347527540339,2.396639847639627e-12,https://openalex.org/W2099431245
554,0,3,2,13,0.1334347527540339,2.396639847639627e-12,https://openalex.org/W609097193
776,0,3,2,109,0.15568191880382584,2.811794188725283e-10,https://openalex.org/W1598821627
780,0,3,2,109,0.15568191880382584,2.811794188725283e-10,https://openalex.org/W2011066935
781,0,3,2,109,0.15568191880382584,2.811794188725283e-10,https://openalex.org/W2024532809
786,0,3,2,109,0.15568191880382584,2.811794188725283e-10,https://openalex.org/W2063332082
790,0,3,2,109,0.15568191880382584,2.811794188725283e-10,https://openalex.org/W2123669206
798,0,3,2,109,0.15568191880382584,2.811794188725283e-10,https://openalex.org/W2166083835
2538,0,3,2,81,0.13465679190318408,1.8517575155554865e-10,https://openalex.org/W1499259498
2539,0,3,2,81,0.13465679190318408,1.8517575155554865e-10,https://openalex.org/W1532669942
2540,0,3,2,109,0.15568191880382584,2.811794188725283e-10,https://openalex.org/W1598821627
2541,0,3,2,81,0.13465679190318408,1.8517575155554865e-10,https://openalex.org/W1821066201
2542,0,3,2,81,0.13465679190318408,1.8517575155554865e-10,https://openalex.org/W196469326
2543,0,3,2,81,0.13465679190318408,1.8517575155554865e-10,https://openalex.org/W1965086125
2544,0,3,2,81,0.13465679190318408,1.8517575155554865e-10,https://openalex.org/W1969608664
2545,0,3,2,81,0.13465679190318408,1.8517575155554865e-10,https://openalex.org/W1974454624
2546,0,3,2,81,0.13465679190318408,1.8517575155554865e-10,https://openalex.org/W1982192452
2547,0,3,2,81,0.13465679190318408,1.8517575155554865e-10,https://openalex.org/W1989019977
2548,0,3,2,81,0.13465679190318408,1.8517575155554865e-10,https://openalex.org/W1995597615
2549,0,3,2,81,0.13465679190318408,1.8517575155554865e-10,https://openalex.org/W1998528427
2550,0,3,2,81,0.13465679190318408,1.8517575155554865e-10,https://openalex.org/W2001177581
2551,0,3,2,81,0.13465679190318408,1.8517575155554865e-10,https://openalex.org/W2001180667
2552,0,3,2,109,0.15568191880382584,2.811794188725283e-10,https://openalex.org/W2011066935
2553,0,3,2,81,0.13465679190318408,1.8517575155554865e-10,https://openalex.org/W2015366485
2554,0,3,2,131,0.13495825333396938,2.3371962194026737e-10,https://openalex.org/W2018691396
2555,0,3,2,81,0.13465679190318408,1.8517575155554865e-10,https://openalex.org/W2022093467
2556,0,3,2,81,0.13465679190318408,1.8517575155554865e-10,https://openalex.org/W2024475444
2557,0,3,2,109,0.15568191880382584,2.811794188725283e-10,https://openalex.org/W2024532809
2558,0,3,2,81,0.13465679190318408,1.8517575155554865e-10,https://openalex.org/W2026041656
2559,0,3,2,81,0.13465679190318408,1.8517575155554865e-10,https://openalex.org/W2026449767
2560,0,3,2,81,0.13465679190318408,1.8517575155554865e-10,https://openalex.org/W2043128308
2561,0,3,2,81,0.13465679190318408,1.8517575155554865e-10,https://openalex.org/W2049082677
2562,0,3,2,81,0.13465679190318408,1.8517575155554865e-10,https://openalex.org/W2049795368
2563,0,3,2,81,0.13465679190318408,1.8517575155554865e-10,https://openalex.org/W2050676017
2565,0,3,2,81,0.13465679190318408,1.8517575155554865e-10,https://openalex.org/W2057958242
2566,0,3,2,81,0.13465679190318408,1.8517575155554865e-10,https://openalex.org/W2058040293
2567,0,3,2,109,0.15568191880382584,2.811794188725283e-10,https://openalex.org/W2063332082
2568,0,3,2,81,0.13465679190318408,1.8517575155554865e-10,https://openalex.org/W2063611796
2569,0,3,2,81,0.13465679190318408,1.8517575155554865e-10,https://openalex.org/W2074757189
2570,0,3,2,81,0.13465679190318408,1.8517575155554865e-10,https://openalex.org/W2085525720
2571,0,3,2,81,0.13465679190318408,1.8517575155554865e-10,https://openalex.org/W2099019452
2572,0,3,2,81,0.13465679190318408,1.8517575155554865e-10,https://openalex.org/W2100487390
2573,0,3,2,131,0.13495825333396938,2.337196219402674e-10,https://openalex.org/W2103129510
2574,0,3,2,131,0.13495825333396938,2.337196219402674e-10,https://openalex.org/W2106976007
2575,0,3,2,81,0.13465679190318408,1.8517575155554865e-10,https://openalex.org/W2123371944
2576,0,3,2,109,0.15568191880382584,2.811794188725283e-10,https://openalex.org/W2123669206
2578,0,3,2,131,0.13495825333396938,2.337196219402674e-10,https://openalex.org/W2147740030
2579,0,3,2,81,0.13465679190318408,1.8517575155554865e-10,https://openalex.org/W2149520595
2580,0,3,2,155,0.15605268599331465,3.230656767680946e-10,https://openalex.org/W2153357207
2581,0,3,2,81,0.13465679190318408,1.8517575155554865e-10,https://openalex.org/W2160900637
2582,0,3,2,109,0.15568191880382584,2.811794188725282e-10,https://openalex.org/W2166083835
2583,0,3,2,81,0.13465679190318408,1.8517575155554865e-10,https://openalex.org/W2166284420
2584,0,3,2,81,0.13465679190318408,1.8517575155554865e-10,https://openalex.org/W2184407280
2585,0,3,2,81,0.13465679190318408,1.8517575155554865e-10,https://openalex.org/W2186575396
2586,0,3,2,81,0.13465679190318408,1.8517575155554865e-10,https://openalex.org/W2291250721
2587,0,3,2,81,0.13465679190318408,1.8517575155554865e-10,https://openalex.org/W2320361824
2588,0,3,2,81,0.13465679190318408,1.8517575155554865e-10,https://openalex.org/W2331021632
2589,0,3,2,81,0.13465679190318408,1.8517575155554865e-10,https://openalex.org/W2484962552
2590,0,3,2,81,0.13465679190318408,1.8517575155554865e-10,https://openalex.org/W2523352121
2591,0,3,2,81,0.13465679190318408,1.8517575155554865e-10,https://openalex.org/W2556300262
2592,0,3,2,81,0.13465679190318408,1.8517575155554865e-10,https://openalex.org/W2591903145
2593,0,3,2,81,0.13465679190318408,1.8517575155554865e-10,https://openalex.org/W260495154
2594,0,3,2,81,0.13465679190318408,1.8517575155554865e-10,https://openalex.org/W2613591421
2595,0,3,2,81,0.13465679190318408,1.8517575155554865e-10,https://openalex.org/W2745206256
2596,0,3,2,81,0.13465679190318408,1.8517575155554865e-10,https://openalex.org/W2750164938
2597,0,3,2,81,0.13465679190318408,1.8517575155554865e-10,https://openalex.org/W2912777353
2598,0,3,2,81,0.13465679190318408,1.8517575155554865e-10,https://openalex.org/W309965191
2599,0,3,2,81,0.13465679190318408,1.8517575155554865e-10,https://openalex.org/W3158860828
2600,0,3,2,81,0.13465679190318408,1.8517575155554865e-10,https://openalex.org/W35848862
2601,0,3,2,81,0.13465679190318408,1.8517575155554865e-10,https://openalex.org/W4234424125
2602,0,3,2,81,0.13465679190318408,1.8517575155554865e-10,https://openalex.org/W4236609053
2603,0,3,2,81,0.13465679190318408,1.8517575155554865e-10,https://openalex.org/W4238112919
2604,0,3,2,81,0.13465679190318408,1.8517575155554865e-10,https://openalex.org/W4250462574
2605,0,3,2,81,0.13465679190318408,1.8517575155554865e-10,https://openalex.org/W4390479642
264,0,4,2,124,0.22002756624285513,8.947392424422638e-07,https://openalex.org/W1496437928
265,0,4,2,66,0.1815866997988356,6.58164448866262e-09,https://openalex.org/W1524453245
266,0,4,2,35,0.1812482038461138,6.5320601953517946e-09,https://openalex.org/W1594907370
267,0,4,2,66,0.1815866997988356,6.58164448866262e-09,https://openalex.org/W159971562
268,0,4,2,66,0.1815866997988356,6.58164448866262e-09,https://openalex.org/W1711668075
269,0,4,2,35,0.1812482038461138,6.5320601953517946e-09,https://openalex.org/W1906467711
270,0,4,2,66,0.1815866997988356,6.58164448866262e-09,https://openalex.org/W1988533717
271,0,4,2,66,0.1815866997988356,6.58164448866262e-09,https://openalex.org/W2002407086
272,0,4,2,35,0.1812482038461138,6.5320601953517946e-09,https://openalex.org/W2028534249
273,0,4,2,35,0.1812482038461138,6.5320601953517946e-09,https://openalex.org/W2037053096
274,0,4,2,66,0.1815866997988356,6.58164448866262e-09,https://openalex.org/W2053420201
275,0,4,2,66,0.1815866997988356,6.58164448866262e-09,https://openalex.org/W2080707037
276,0,4,2,35,0.1812482038461138,6.5320601953517946e-09,https://openalex.org/W20917856
277,0,4,2,35,0.1812482038461138,6.5320601953517946e-09,https://openalex.org/W2091981949
278,0,4,2,35,0.1812482038461138,6.5320601953517946e-09,https://openalex.org/W2097993933
279,0,4,2,35,0.1812482038461138,6.5320601953517946e-09,https://openalex.org/W2113436604
280,0,4,2,35,0.1812482038461138,6.5320601953517946e-09,https://openalex.org/W2122997249
281,0,4,2,35,0.1812482038461138,6.5320601953517946e-09,https://openalex.org/W2127159166
282,0,4,2,66,0.1815866997988356,6.58164448866262e-09,https://openalex.org/W2139866268
283,0,4,2,35,0.1812482038461138,6.5320601953517946e-09,https://openalex.org/W2183435816
284,0,4,2,66,0.1815866997988356,6.58164448866262e-09,https://openalex.org/W2566185324
285,0,4,2,35,0.1812482038461138,6.5320601953517946e-09,https://openalex.org/W2888724355
3066,0,4,2,90,0.21451552415919664,8.939901568214423e-07,https://openalex.org/W1057886598
3067,0,4,2,124,0.22002756624285513,8.947392424422638e-07,https://openalex.org/W1496437928
3068,0,4,2,90,0.21451552415919664,8.939901568214423e-07,https://openalex.org/W1517229207
3069,0,4,2,90,0.21451552415919664,8.939901568214423e-07,https://openalex.org/W1624568164
3070,0,4,2,90,0.21451552415919664,8.939901568214423e-07,https://openalex.org/W16309552
3071,0,4,2,90,0.21451552415919664,8.939901568214423e-07,https://openalex.org/W1788708638
3072,0,4,2,90,0.21451552415919664,8.939901568214423e-07,https://openalex.org/W1809807064
3073,0,4,2,90,0.21451552415919664,8.939901568214423e-07,https://openalex.org/W1965296421
3074,0,4,2,90,0.21451552415919664,8.939901568214423e-07,https://openalex.org/W1969203828
3075,0,4,2,90,0.21451552415919664,8.939901568214423e-07,https://openalex.org/W1970689833
3076,0,4,2,90,0.21451552415919664,8.939901568214423e-07,https://openalex.org/W1970843826
3077,0,4,2,90,0.21451552415919664,8.939901568214423e-07,https://openalex.org/W1973141483
3078,0,4,2,90,0.21451552415919664,8.939901568214423e-07,https://openalex.org/W1975635725
3079,0,4,2,90,0.21451552415919664,8.939901568214423e-07,https://openalex.org/W1983150389
3080,0,4,2,90,0.21451552415919664,8.939901568214423e-07,https://openalex.org/W1991502979
3081,0,4,2,90,0.21451552415919664,8.939901568214423e-07,https://openalex.org/W1998627566
3082,0,4,2,90,0.21451552415919664,8.939901568214423e-07,https://openalex.org/W1998778493
3083,0,4,2,90,0.21451552415919664,8.939901568214423e-07,https://openalex.org/W1999268558
3084,0,4,2,90,0.21451552415919664,8.939901568214423e-07,https://openalex.org/W2012041761
3085,0,4,2,90,0.21451552415919664,8.939901568214423e-07,https://openalex.org/W2013623290
3086,0,4,2,90,0.21451552415919664,8.939901568214423e-07,https://openalex.org/W2015686877
3087,0,4,2,90,0.21451552415919664,8.939901568214423e-07,https://openalex.org/W2022059719
3088,0,4,2,90,0.21451552415919664,8.939901568214423e-07,https://openalex.org/W2022299663
3089,0,4,2,90,0.21451552415919664,8.939901568214423e-07,https://openalex.org/W2022413678
3090,0,4,2,90,0.21451552415919664,8.939901568214423e-07,https://openalex.org/W2026140573
3091,0,4,2,90,0.21451552415919664,8.939901568214423e-07,https://openalex.org/W2027225330
3092,0,4,2,90,0.21451552415919664,8.939901568214423e-07,https://openalex.org/W2038682635
3093,0,4,2,90,0.21451552415919664,8.939901568214423e-07,https://openalex.org/W2041220996
3094,0,4,2,90,0.21451552415919664,8.939901568214423e-07,https://openalex.org/W2044405167
3095,0,4,2,90,0.21451552415919664,8.939901568214423e-07,https://openalex.org/W2046006297
3096,0,4,2,90,0.21451552415919664,8.939901568214423e-07,https://openalex.org/W2050985325
3097,0,4,2,90,0.21451552415919664,8.939901568214423e-07,https://openalex.org/W2054431730
3098,0,4,2,90,0.21451552415919664,8.939901568214423e-07,https://openalex.org/W2055300972
3099,0,4,2,90,0.21451552415919664,8.939901568214423e-07,https://openalex.org/W2055655470
3100,0,4,2,90,0.21451552415919664,8.939901568214423e-07,https://openalex.org/W2068603644
3101,0,4,2,90,0.21451552415919664,8.939901568214423e-07,https://openalex.org/W2069971618
3102,0,4,2,90,0.21451552415919664,8.939901568214423e-07,https://openalex.org/W2070634900
3103,0,4,2,90,0.21451552415919664,8.939901568214423e-07,https://openalex.org/W2078370746
3104,0,4,2,90,0.21451552415919664,8.939901568214423e-07,https://openalex.org/W2080120616
3105,0,4,2,90,0.21451552415919664,8.939901568214423e-07,https://openalex.org/W2086941332
3106,0,4,2,90,0.21451552415919664,8.939901568214423e-07,https://openalex.org/W2087785133
3107,0,4,0,161,0.26890513247933556,0.00010043799218095529,https://openalex.org/W2099697766
3108,0,4,2,90,0.21451552415919664,8.939901568214423e-07,https://openalex.org/W2101338329
3109,0,4,2,90,0.21451552415919664,8.939901568214423e-07,https://openalex.org/W2101612816
3110,0,4,2,90,0.21451552415919664,8.939901568214423e-07,https://openalex.org/W2101985111
3111,0,4,2,90,0.21451552415919664,8.939901568214423e-07,https://openalex.org/W2103599714
3112,0,4,2,90,0.21451552415919664,8.939901568214423e-07,https://openalex.org/W2111386624
3113,0,4,2,90,0.21451552415919664,8.939901568214423e-07,https://openalex.org/W2112336557
3114,0,4,2,90,0.21451552415919664,8.939901568214423e-07,https://openalex.org/W2117891525
3115,0,4,2,90,0.21451552415919664,8.939901568214423e-07,https://openalex.org/W2121282904
3116,0,4,2,90,0.21451552415919664,8.939901568214423e-07,https://openalex.org/W2126789885
3117,0,4,2,90,0.21451552415919664,8.939901568214423e-07,https://openalex.org/W2127434429
3118,0,4,2,90,0.21451552415919664,8.939901568214423e-07,https://openalex.org/W2131639346
3119,0,4,2,90,0.21451552415919664,8.939901568214423e-07,https://openalex.org/W2132216351
3120,0,4,2,90,0.21451552415919664,8.939901568214423e-07,https://openalex.org/W2143038096
3121,0,4,2,90,0.21451552415919664,8.939901568214423e-07,https://openalex.org/W2146134048
3122,0,4,2,90,0.21451552415919664,8.939901568214423e-07,https://openalex.org/W2147745468
3123,0,4,2,90,0.21451552415919664,8.939901568214423e-07,https://openalex.org/W2157033945
3124,0,4,2,90,0.21451552415919664,8.939901568214423e-07,https://openalex.org/W2163682975
3125,0,4,2,90,0.21451552415919664,8.939901568214423e-07,https://openalex.org/W2167339704
3126,0,4,2,90,0.21451552415919664,8.939901568214423e-07,https://openalex.org/W2170488209
3127,0,4,2,90,0.21451552415919664,8.939901568214423e-07,https://openalex.org/W2198829320
3128,0,4,2,90,0.21451552415919664,8.939901568214423e-07,https://openalex.org/W2199629696
3129,0,4,2,90,0.21451552415919664,8.939901568214423e-07,https://openalex.org/W2259886736
3130,0,4,2,90,0.21451552415919664,8.939901568214423e-07,https://openalex.org/W2259921148
3131,0,4,2,90,0.21451552415919664,8.939901568214423e-07,https://openalex.org/W2331403782
3132,0,4,2,90,0.21451552415919664,8.939901568214423e-07,https://openalex.org/W2412072801
3133,0,4,2,90,0.21451552415919664,8.939901568214423e-07,https://openalex.org/W2515423874
3134,0,4,2,90,0.21451552415919664,8.939901568214423e-07,https://openalex.org/W2551047011
3135,0,4,2,90,0.21451552415919664,8.939901568214423e-07,https://openalex.org/W2563020631
3136,0,4,2,90,0.21451552415919664,8.939901568214423e-07,https://openalex.org/W2564199120
3137,0,4,2,90,0.21451552415919664,8.939901568214423e-07,https://openalex.org/W2623703952
3138,0,4,2,90,0.21451552415919664,8.939901568214423e-07,https://openalex.org/W2692863388
3139,0,4,2,90,0.21451552415919664,8.939901568214423e-07,https://openalex.org/W2764606914
3140,0,4,2,90,0.21451552415919664,8.939901568214423e-07,https://openalex.org/W2765951996
3141,0,4,2,90,0.21451552415919664,8.939901568214423e-07,https://openalex.org/W2768337983
3142,0,4,2,90,0.21451552415919664,8.939901568214423e-07,https://openalex.org/W2776193527
3143,0,4,2,90,0.21451552415919664,8.939901568214423e-07,https://openalex.org/W2781022301
3144,0,4,2,90,0.21451552415919664,8.939901568214423e-07,https://openalex.org/W2898831599
3145,0,4,2,90,0.21451552415919664,8.939901568214423e-07,https://openalex.org/W2909038262
3146,0,4,2,90,0.21451552415919664,8.939901568214423e-07,https://openalex.org/W2950415685
3147,0,4,2,90,0.21451552415919664,8.939901568214423e-07,https://openalex.org/W2951973168
3148,0,4,2,90,0.21451552415919664,8.939901568214423e-07,https://openalex.org/W2979296636
3149,0,4,2,90,0.21451552415919664,8.939901568214423e-07,https://openalex.org/W3008786884
3150,0,4,2,90,0.21451552415919664,8.939901568214423e-07,https://openalex.org/W3047789540
3151,0,4,2,90,0.21451552415919664,8.939901568214423e-07,https://openalex.org/W4211056260
3152,0,4,2,90,0.21451552415919664,8.939901568214423e-07,https://openalex.org/W4235235940
3153,0,4,2,90,0.21451552415919664,8.939901568214423e-07,https://openalex.org/W4240726377
3154,0,4,2,90,0.21451552415919664,8.939901568214423e-07,https://openalex.org/W4368326944
774,0,3,2,42,0.15476266327587143,1.3635269315773675e-10,https://openalex.org/W1535520578
775,0,3,2,42,0.15476266327587143,1.3635269315773675e-10,https://openalex.org/W1547736995
777,0,3,2,42,0.15476266327587143,1.3635269315773675e-10,https://openalex.org/W1899688676
778,0,3,2,42,0.15476266327587143,1.3635269315773675e-10,https://openalex.org/W1967643329
779,0,3,2,42,0.15476266327587143,1.3635269315773675e-10,https://openalex.org/W2003053625
783,0,3,2,42,0.15476266327587143,1.3635269315773675e-10,https://openalex.org/W2048469360
784,0,3,2,42,0.15476266327587143,1.3635269315773675e-10,https://openalex.org/W2054274362
785,0,3,2,42,0.15476266327587143,1.3635269315773675e-10,https://openalex.org/W2054763711
787,0,3,2,42,0.15476266327587143,1.3635269315773675e-10,https://openalex.org/W2063922331
788,0,3,2,42,0.15476266327587143,1.3635269315773675e-10,https://openalex.org/W2065304227
789,0,3,2,42,0.15476266327587143,1.3635269315773675e-10,https://openalex.org/W2120954445
791,0,3,2,42,0.15476266327587143,1.3635269315773675e-10,https://openalex.org/W2124504569
792,0,3,2,42,0.15476266327587143,1.3635269315773675e-10,https://openalex.org/W2126753475
793,0,3,2,42,0.15476266327587143,1.3635269315773675e-10,https://openalex.org/W2139763558
794,0,3,2,42,0.15476266327587143,1.3635269315773675e-10,https://openalex.org/W2141046658
795,0,3,2,42,0.15476266327587143,1.3635269315773675e-10,https://openalex.org/W2148861294
799,0,3,2,42,0.15476266327587143,1.3635269315773675e-10,https://openalex.org/W2536540467
801,0,3,2,42,0.15476266327587143,1.3635269315773675e-10,https://openalex.org/W42080141
802,0,3,2,42,0.15476266327587143,1.3635269315773675e-10,https://openalex.org/W4234321897
803,0,3,2,42,0.15476266327587143,1.3635269315773675e-10,https://openalex.org/W4243651738
804,0,3,2,42,0.15476266327587143,1.3635269315773675e-10,https://openalex.org/W4293410603
487,0,5,5,59,0.20713012850198406,1.0327121501371696e-05,https://openalex.org/W1512618164
488,0,5,5,59,0.20713012850198406,1.0327121501371696e-05,https://openalex.org/W1518844692
489,0,5,5,59,0.20713012850198406,1.0327121501371696e-05,https://openalex.org/W1562600285
490,0,5,5,59,0.20713012850198406,1.0327121501371696e-05,https://openalex.org/W1562901594
491,0,5,5,59,0.20713012850198406,1.0327121501371696e-05,https://openalex.org/W1603889988
492,0,5,5,59,0.20713012850198406,1.0327121501371696e-05,https://openalex.org/W167088912
493,0,5,5,59,0.20713012850198406,1.0327121501371696e-05,https://openalex.org/W1678084289
494,0,5,5,59,0.20713012850198406,1.0327121501371696e-05,https://openalex.org/W1681730134
495,0,5,5,59,0.20713012850198406,1.0327121501371696e-05,https://openalex.org/W171621893
496,0,5,5,59,0.20713012850198406,1.0327121501371696e-05,https://openalex.org/W1740039579
497,0,5,5,59,0.20713012850198406,1.0327121501371696e-05,https://openalex.org/W1828171833
498,0,5,5,59,0.20713012850198406,1.0327121501371696e-05,https://openalex.org/W1967678182
499,0,5,5,59,0.20713012850198406,1.0327121501371696e-05,https://openalex.org/W1981939665
500,0,5,5,59,0.20713012850198406,1.0327121501371696e-05,https://openalex.org/W1985375307
501,0,5,5,116,0.20941830264440162,1.729689873473116e-05,https://openalex.org/W1989621340
502,0,5,5,59,0.20713012850198406,1.0327121501371696e-05,https://openalex.org/W1993988452
503,0,5,5,59,0.20713012850198406,1.0327121501371696e-05,https://openalex.org/W2000899752
504,0,5,5,59,0.20713012850198406,1.0327121501371696e-05,https://openalex.org/W2005777857
505,0,5,5,59,0.20713012850198406,1.0327121501371696e-05,https://openalex.org/W2007827970
506,0,5,5,59,0.20713012850198406,1.0327121501371696e-05,https://openalex.org/W2008151625
507,0,5,5,59,0.20713012850198406,1.0327121501371696e-05,https://openalex.org/W2018099680
508,0,5,5,59,0.20713012850198406,1.0327121501371696e-05,https://openalex.org/W2024538327
509,0,5,5,59,0.20713012850198406,1.0327121501371696e-05,https://openalex.org/W2026253062
510,0,5,5,59,0.20713012850198406,1.0327121501371696e-05,https://openalex.org/W2033138442
511,0,5,5,59,0.20713012850198406,1.0327121501371696e-05,https://openalex.org/W2045041263
512,0,5,5,59,0.20713012850198406,1.0327121501371696e-05,https://openalex.org/W2052870110
513,0,5,5,59,0.20713012850198406,1.0327121501371696e-05,https://openalex.org/W2053157903
514,0,5,5,59,0.20713012850198406,1.0327121501371696e-05,https://openalex.org/W2056403841
515,0,5,5,59,0.20713012850198406,1.0327121501371696e-05,https://openalex.org/W2064245088
516,0,5,5,59,0.20713012850198406,1.0327121501371696e-05,https://openalex.org/W2071455396
517,0,5,5,59,0.20713012850198406,1.0327121501371696e-05,https://openalex.org/W2076149548
518,0,5,5,59,0.20713012850198406,1.0327121501371696e-05,https://openalex.org/W2093980251
519,0,5,5,59,0.20713012850198406,1.0327121501371696e-05,https://openalex.org/W2101571917
520,0,5,5,59,0.20713012850198406,1.0327121501371696e-05,https://openalex.org/W2104264329
521,0,5,5,59,0.20713012850198406,1.0327121501371696e-05,https://openalex.org/W2109654065
522,0,5,5,59,0.20713012850198406,1.0327121501371696e-05,https://openalex.org/W2117796631
523,0,5,5,59,0.20713012850198406,1.0327121501371696e-05,https://openalex.org/W2126026019
524,0,5,5,59,0.20713012850198406,1.0327121501371696e-05,https://openalex.org/W2126496538
525,0,5,5,59,0.20713012850198406,1.0327121501371696e-05,https://openalex.org/W2136158997
526,0,5,5,59,0.20713012850198406,1.0327121501371696e-05,https://openalex.org/W2140750556
527,0,5,5,59,0.20713012850198406,1.0327121501371696e-05,https://openalex.org/W2159426564
528,0,5,5,59,0.20713012850198406,1.0327121501371696e-05,https://openalex.org/W2161866352
529,0,5,5,59,0.20713012850198406,1.0327121501371696e-05,https://openalex.org/W2162120381
530,0,5,5,59,0.20713012850198406,1.0327121501371696e-05,https://openalex.org/W2169231635
531,0,5,5,59,0.20713012850198406,1.0327121501371696e-05,https://openalex.org/W2171771273
532,0,5,5,59,0.20713012850198406,1.0327121501371696e-05,https://openalex.org/W2337980608
533,0,5,5,59,0.20713012850198406,1.0327121501371696e-05,https://openalex.org/W2486568322
534,0,5,5,59,0.20713012850198406,1.0327121501371696e-05,https://openalex.org/W2790783572
535,0,5,5,59,0.20713012850198406,1.0327121501371696e-05,https://openalex.org/W2904116032
536,0,5,5,59,0.20713012850198406,1.0327121501371696e-05,https://openalex.org/W2948041845
537,0,5,5,59,0.20713012850198406,1.0327121501371696e-05,https://openalex.org/W370177488
538,0,5,5,59,0.20713012850198406,1.0327121501371696e-05,https://openalex.org/W4244342442
539,0,5,5,59,0.20713012850198406,1.0327121501371696e-05,https://openalex.org/W4244488305
540,0,5,5,59,0.20713012850198406,1.0327121501371696e-05,https://openalex.org/W4251904093
541,0,5,5,59,0.20713012850198406,1.0327121501371696e-05,https://openalex.org/W653955720
542,0,5,5,59,0.20713012850198406,1.0327121501371696e-05,https://openalex.org/W74692804
849,0,10,0,31,0.20824634724062957,1.244516791930752e-05,https://openalex.org/W1498885056
850,0,10,0,31,0.20824634724062957,1.244516791930752e-05,https://openalex.org/W1567747366
851,0,10,0,31,0.20824634724062957,1.244516791930752e-05,https://openalex.org/W1802770727
852,0,10,0,31,0.20824634724062957,1.244516791930752e-05,https://openalex.org/W2028746648
853,0,10,0,31,0.20824634724062957,1.244516791930752e-05,https://openalex.org/W2059218221
854,0,10,0,31,0.20824634724062957,1.244516791930752e-05,https://openalex.org/W2061408528
855,0,10,0,31,0.20824634724062957,1.244516791930752e-05,https://openalex.org/W2075349007
856,0,10,0,31,0.20824634724062957,1.244516791930752e-05,https://openalex.org/W2101026866
857,0,10,0,31,0.20824634724062957,1.244516791930752e-05,https://openalex.org/W2138667268
858,0,10,0,31,0.20824634724062957,1.244516791930752e-05,https://openalex.org/W2156656344
859,0,10,0,31,0.20824634724062957,1.244516791930752e-05,https://openalex.org/W2157964620
860,0,10,0,31,0.20824634724062957,1.244516791930752e-05,https://openalex.org/W2164599981
861,0,10,0,31,0.20824634724062957,1.244516791930752e-05,https://openalex.org/W2180120254
862,0,10,0,31,0.20824634724062957,1.244516791930752e-05,https://openalex.org/W2295728609
863,0,10,0,31,0.20824634724062957,1.244516791930752e-05,https://openalex.org/W2509108540
864,0,10,0,31,0.20824634724062957,1.244516791930752e-05,https://openalex.org/W2511963211
865,0,10,0,31,0.20824634724062957,1.244516791930752e-05,https://openalex.org/W2515770132
866,0,10,0,31,0.20824634724062957,1.244516791930752e-05,https://openalex.org/W2529401224
867,0,10,0,31,0.20824634724062957,1.244516791930752e-05,https://openalex.org/W2603247244
868,0,10,0,31,0.20824634724062957,1.244516791930752e-05,https://openalex.org/W2617275166
869,0,10,0,31,0.20824634724062957,1.244516791930752e-05,https://openalex.org/W2792211703
870,0,10,0,31,0.20824634724062957,1.244516791930752e-05,https://openalex.org/W2807813414
871,0,10,0,31,0.20824634724062957,1.244516791930752e-05,https://openalex.org/W2903965800
872,0,10,0,31,0.20824634724062957,1.244516791930752e-05,https://openalex.org/W3047828763
873,0,10,0,31,0.20824634724062957,1.244516791930752e-05,https://openalex.org/W3089161788
874,0,10,0,31,0.20824634724062957,1.244516791930752e-05,https://openalex.org/W3141315446
875,0,10,0,31,0.20824634724062957,1.244516791930752e-05,https://openalex.org/W3195117460
876,0,10,0,31,0.20824634724062957,1.244516791930752e-05,https://openalex.org/W3214514942
3456,0,10,5,54,0.214286764535822,2.030767421626511e-05,https://openalex.org/W1529073897
3457,0,10,5,54,0.214286764535822,2.030767421626511e-05,https://openalex.org/W1931094051
3458,0,10,5,54,0.214286764535822,2.030767421626511e-05,https://openalex.org/W1962301850
3459,0,6,3,117,0.21816427547487494,2.0865712733731545e-05,https://openalex.org/W1966718713
3460,0,10,5,54,0.214286764535822,2.030767421626511e-05,https://openalex.org/W1972815642
3461,0,10,5,54,0.214286764535822,2.030767421626511e-05,https://openalex.org/W1994279947
3462,0,10,5,54,0.214286764535822,2.030767421626511e-05,https://openalex.org/W1996585067
3463,0,10,5,54,0.214286764535822,2.030767421626511e-05,https://openalex.org/W2005637604
3464,0,10,5,54,0.214286764535822,2.030767421626511e-05,https://openalex.org/W2016796239
3465,0,10,5,54,0.214286764535822,2.030767421626511e-05,https://openalex.org/W2018460800
3466,0,10,5,54,0.214286764535822,2.030767421626511e-05,https://openalex.org/W2019933476
3467,0,10,5,54,0.214286764535822,2.030767421626511e-05,https://openalex.org/W2037269084
3468,0,10,5,54,0.214286764535822,2.030767421626511e-05,https://openalex.org/W2039426677
3469,0,10,5,54,0.214286764535822,2.030767421626511e-05,https://openalex.org/W2041017216
3470,0,10,5,54,0.214286764535822,2.030767421626511e-05,https://openalex.org/W2043920660
3472,0,10,5,54,0.214286764535822,2.030767421626511e-05,https://openalex.org/W2051274386
3473,0,10,5,54,0.214286764535822,2.030767421626511e-05,https://openalex.org/W2052809072
3474,0,10,5,54,0.214286764535822,2.030767421626511e-05,https://openalex.org/W2057451933
3475,0,10,5,54,0.214286764535822,2.030767421626511e-05,https://openalex.org/W2068971408
3476,0,10,5,54,0.214286764535822,2.030767421626511e-05,https://openalex.org/W2108851244
3477,0,10,5,54,0.214286764535822,2.030767421626511e-05,https://openalex.org/W2110218280
3478,0,10,5,54,0.214286764535822,2.030767421626511e-05,https://openalex.org/W2129695575
3479,0,10,5,54,0.214286764535822,2.030767421626511e-05,https://openalex.org/W2131460081
3480,0,10,5,54,0.214286764535822,2.030767421626511e-05,https://openalex.org/W2143565172
3481,0,10,5,54,0.214286764535822,2.030767421626511e-05,https://openalex.org/W2145601941
3482,0,10,5,54,0.214286764535822,2.030767421626511e-05,https://openalex.org/W2176858626
3483,0,10,5,54,0.214286764535822,2.030767421626511e-05,https://openalex.org/W2334365377
3484,0,10,5,54,0.214286764535822,2.030767421626511e-05,https://openalex.org/W2494042831
3485,0,10,5,54,0.214286764535822,2.030767421626511e-05,https://openalex.org/W2619487249
3486,0,10,5,54,0.214286764535822,2.030767421626511e-05,https://openalex.org/W2777565875
3487,0,10,5,54,0.214286764535822,2.030767421626511e-05,https://openalex.org/W2794638558
3488,0,10,5,54,0.214286764535822,2.030767421626511e-05,https://openalex.org/W2915512655
3489,0,10,5,54,0.214286764535822,2.030767421626511e-05,https://openalex.org/W2916684541
3490,0,10,5,54,0.214286764535822,2.030767421626511e-05,https://openalex.org/W2933278625
3491,0,10,5,54,0.214286764535822,2.030767421626511e-05,https://openalex.org/W2950097271
3492,0,10,5,54,0.214286764535822,2.030767421626511e-05,https://openalex.org/W2951601789
3493,0,10,5,54,0.214286764535822,2.030767421626511e-05,https://openalex.org/W2971123505
3494,0,10,5,54,0.214286764535822,2.030767421626511e-05,https://openalex.org/W3001348963
3495,0,10,5,54,0.214286764535822,2.030767421626511e-05,https://openalex.org/W3003275820
3496,0,10,5,54,0.214286764535822,2.030767421626511e-05,https://openalex.org/W3021390040
3497,0,10,5,54,0.214286764535822,2.030767421626511e-05,https://openalex.org/W3096963725
3498,0,10,5,54,0.214286764535822,2.030767421626511e-05,https://openalex.org/W3108715068
3499,0,10,5,54,0.214286764535822,2.030767421626511e-05,https://openalex.org/W3108749782
3500,0,10,5,54,0.214286764535822,2.030767421626511e-05,https://openalex.org/W4230616807
3501,0,10,5,54,0.214286764535822,2.030767421626511e-05,https://openalex.org/W4243650441
3502,0,10,5,54,0.214286764535822,2.030767421626511e-05,https://openalex.org/W4249334270
3504,0,10,5,54,0.214286764535822,2.030767421626511e-05,https://openalex.org/W4253254106
3505,0,10,5,54,0.214286764535822,2.030767421626511e-05,https://openalex.org/W632358656
311,0,2,0,81,0.22441796068504744,2.5617615895298268e-05,https://openalex.org/W1552089836
312,0,2,0,81,0.22441796068504744,2.5617615895298268e-05,https://openalex.org/W1893551219
313,0,2,0,81,0.22441796068504744,2.5617615895298268e-05,https://openalex.org/W1981722146
314,0,2,0,81,0.22441796068504744,2.5617615895298268e-05,https://openalex.org/W1982986492
315,0,2,0,143,0.27451344535162775,0.0003901591360096145,https://openalex.org/W2017305439
316,0,2,0,58,0.2240343117259456,2.1895466274797337e-05,https://openalex.org/W2032039690
317,0,2,0,58,0.2240343117259456,2.1895466274797337e-05,https://openalex.org/W2041761637
318,0,2,0,81,0.22441796068504744,2.5617615895298268e-05,https://openalex.org/W2045333532
319,0,2,0,106,0.22483646352087663,2.5670082282911167e-05,https://openalex.org/W2048889445
320,0,2,0,58,0.2240343117259456,2.1895466274797337e-05,https://openalex.org/W2055690472
321,0,2,0,81,0.22441796068504744,2.5617615895298268e-05,https://openalex.org/W2064569513
322,0,2,0,81,0.22441796068504744,2.5617615895298268e-05,https://openalex.org/W2070195344
323,0,2,0,81,0.22441796068504744,2.5617615895298268e-05,https://openalex.org/W2107750653
324,0,2,0,81,0.22441796068504744,2.5617615895298268e-05,https://openalex.org/W2116594433
325,0,2,0,81,0.22441796068504744,2.5617615895298268e-05,https://openalex.org/W2117939261
326,0,2,0,122,0.2739894218671823,0.0003888660329757548,https://openalex.org/W2118826874
327,0,2,0,81,0.22441796068504744,2.5617615895298268e-05,https://openalex.org/W2142916408
328,0,2,0,81,0.22441796068504744,2.5617615895298268e-05,https://openalex.org/W2160237435
329,0,2,0,58,0.2240343117259456,2.1895466274797337e-05,https://openalex.org/W2329373558
330,0,2,0,174,0.26453902316665545,0.00031433703216145865,https://openalex.org/W2333387201
331,0,2,0,58,0.2240343117259456,2.1895466274797337e-05,https://openalex.org/W2338782937
332,0,2,0,115,0.2502206234402185,0.0003038592585073657,https://openalex.org/W2345211139
333,0,2,0,115,0.2502206234402185,0.0003038592585073657,https://openalex.org/W2395166509
334,0,2,0,151,0.26400609879660786,0.00031061488254095776,https://openalex.org/W2417351459
335,0,2,0,58,0.2240343117259456,2.189546627479734e-05,https://openalex.org/W2793485675
336,0,2,0,58,0.2240343117259456,2.189546627479734e-05,https://openalex.org/W2890722669
337,0,2,0,81,0.22441796068504744,2.5617615895298268e-05,https://openalex.org/W3123723057
338,0,2,0,58,0.2240343117259456,2.189546627479734e-05,https://openalex.org/W4231300084
339,0,2,0,81,0.22441796068504744,2.5617615895298268e-05,https://openalex.org/W639695655
757,0,2,0,91,0.22458517472325998,1.9614190606761205e-05,https://openalex.org/W2050853935
762,0,2,0,91,0.22458517472325998,1.9614190606761205e-05,https://openalex.org/W2099276202
763,0,2,0,91,0.22458517472325998,1.9614190606761205e-05,https://openalex.org/W2109297286
3429,0,2,0,174,0.2953029910807164,0.0008528679441764897,https://openalex.org/W566204369
3661,0,2,0,182,0.29429385178294004,0.0008461493532180272,https://openalex.org/W4299961741
745,0,2,0,33,0.18095441135623894,6.648673521380362e-07,https://openalex.org/W1488494785
746,0,2,0,33,0.18095441135623894,6.648673521380362e-07,https://openalex.org/W1591861791
747,0,2,0,33,0.18095441135623894,6.648673521380362e-07,https://openalex.org/W1850933954
748,0,2,0,33,0.18095441135623894,6.648673521380362e-07,https://openalex.org/W1975694682
749,0,2,0,33,0.18095441135623894,6.648673521380362e-07,https://openalex.org/W1979208543
750,0,2,0,33,0.18095441135623894,6.648673521380362e-07,https://openalex.org/W2002045598
751,0,2,0,33,0.18095441135623894,6.648673521380362e-07,https://openalex.org/W2004350900
752,0,2,0,33,0.18095441135623894,6.648673521380362e-07,https://openalex.org/W2012186625
753,0,2,0,33,0.18095441135623894,6.648673521380362e-07,https://openalex.org/W2028640756
754,0,2,0,33,0.18095441135623894,6.648673521380362e-07,https://openalex.org/W2036128926
756,0,2,0,33,0.18095441135623894,6.648673521380362e-07,https://openalex.org/W2049536091
758,0,2,0,33,0.18095441135623894,6.648673521380362e-07,https://openalex.org/W205937675
759,0,2,0,33,0.18095441135623894,6.648673521380362e-07,https://openalex.org/W2061257397
760,0,2,0,33,0.18095441135623894,6.648673521380362e-07,https://openalex.org/W2063051517
761,0,2,0,33,0.18095441135623894,6.648673521380362e-07,https://openalex.org/W2084329980
764,0,2,0,33,0.18095441135623894,6.648673521380362e-07,https://openalex.org/W2118185372
765,0,2,0,33,0.18095441135623894,6.648673521380362e-07,https://openalex.org/W2130835641
766,0,2,0,33,0.18095441135623894,6.648673521380362e-07,https://openalex.org/W2150337440
767,0,2,0,33,0.18095441135623894,6.648673521380362e-07,https://openalex.org/W2156843619
768,0,2,0,33,0.18095441135623894,6.648673521380362e-07,https://openalex.org/W2160828537
769,0,2,0,33,0.18095441135623894,6.648673521380362e-07,https://openalex.org/W2275699360
770,0,2,0,33,0.18095441135623894,6.648673521380362e-07,https://openalex.org/W2313271446
771,0,2,0,33,0.18095441135623894,6.648673521380362e-07,https://openalex.org/W2323062275
772,0,2,0,33,0.18095441135623894,6.648673521380362e-07,https://openalex.org/W2336630343
773,0,2,0,33,0.18095441135623894,6.648673521380362e-07,https://openalex.org/W4235761618
3409,0,2,0,234,0.29937997913794917,0.0003867494740875863,https://openalex.org/W2105099865
340,0,6,3,97,0.2304225693724388,0.00041535255345048126,https://openalex.org/W1237552737
341,0,6,3,73,0.18771611321921106,4.343649772907902e-06,https://openalex.org/W129098367
342,0,6,3,73,0.18771611321921106,4.343649772907902e-06,https://openalex.org/W1490170098
343,0,6,3,73,0.18771611321921106,4.343649772907902e-06,https://openalex.org/W1500225740
344,0,6,3,73,0.18771611321921106,4.343649772907902e-06,https://openalex.org/W1515849683
345,0,6,3,73,0.18771611321921106,4.343649772907902e-06,https://openalex.org/W1526701384
346,0,6,3,73,0.18771611321921106,4.343649772907902e-06,https://openalex.org/W1534459462
347,0,6,3,73,0.18771611321921106,4.343649772907902e-06,https://openalex.org/W1596191359
348,0,6,3,73,0.18771611321921106,4.343649772907902e-06,https://openalex.org/W1888961081
349,0,6,3,73,0.18771611321921106,4.343649772907902e-06,https://openalex.org/W195340075
350,0,6,3,73,0.18771611321921106,4.343649772907902e-06,https://openalex.org/W1982539745
351,0,6,3,73,0.18771611321921106,4.343649772907902e-06,https://openalex.org/W1987552479
352,0,6,3,73,0.18771611321921106,4.343649772907902e-06,https://openalex.org/W1994429357
353,0,6,3,73,0.18771611321921106,4.343649772907902e-06,https://openalex.org/W2004179778
354,0,6,3,73,0.18771611321921106,4.343649772907902e-06,https://openalex.org/W2014219648
355,0,6,3,73,0.18771611321921106,4.343649772907902e-06,https://openalex.org/W2018516812
356,0,6,3,73,0.18771611321921106,4.343649772907902e-06,https://openalex.org/W2021986561
357,0,6,3,73,0.18771611321921106,4.343649772907902e-06,https://openalex.org/W2026352809
358,0,6,3,73,0.18771611321921106,4.343649772907902e-06,https://openalex.org/W2039967438
359,0,6,3,73,0.18771611321921106,4.343649772907902e-06,https://openalex.org/W2044603100
360,0,6,3,73,0.18771611321921106,4.343649772907902e-06,https://openalex.org/W2050661045
361,0,6,3,73,0.18771611321921106,4.343649772907902e-06,https://openalex.org/W2064958475
362,0,6,3,73,0.18771611321921106,4.343649772907902e-06,https://openalex.org/W2074413334
363,0,6,3,103,0.21927525316171045,4.444046501168074e-05,https://openalex.org/W2075811243
364,0,6,3,73,0.18771611321921106,4.343649772907902e-06,https://openalex.org/W2080166282
365,0,6,3,73,0.18771611321921106,4.343649772907902e-06,https://openalex.org/W2081235079
366,0,6,3,73,0.18771611321921106,4.343649772907902e-06,https://openalex.org/W2081368728
367,0,6,3,73,0.18771611321921106,4.343649772907902e-06,https://openalex.org/W2084989006
368,0,6,3,73,0.18771611321921106,4.343649772907902e-06,https://openalex.org/W2139946543
369,0,6,3,73,0.18771611321921106,4.343649772907902e-06,https://openalex.org/W2141757554
370,0,6,3,73,0.18771611321921106,4.343649772907902e-06,https://openalex.org/W2147200107
371,0,6,3,73,0.18771611321921106,4.343649772907902e-06,https://openalex.org/W2148237264
372,0,6,3,73,0.18771611321921106,4.343649772907902e-06,https://openalex.org/W2163713416
373,0,6,3,73,0.18771611321921106,4.343649772907902e-06,https://openalex.org/W2164649021
374,0,6,3,73,0.18771611321921106,4.343649772907902e-06,https://openalex.org/W2166781449
375,0,6,3,73,0.18771611321921106,4.343649772907902e-06,https://openalex.org/W2188535786
376,0,6,3,73,0.18771611321921106,4.343649772907902e-06,https://openalex.org/W2204283557
377,0,6,3,73,0.18771611321921106,4.343649772907902e-06,https://openalex.org/W2234911546
378,0,6,3,73,0.18771611321921106,4.343649772907902e-06,https://openalex.org/W2255530287
379,0,6,3,73,0.18771611321921106,4.343649772907902e-06,https://openalex.org/W2274395749
380,0,6,3,73,0.18771611321921106,4.343649772907902e-06,https://openalex.org/W2283239735
381,0,6,3,73,0.18771611321921106,4.343649772907902e-06,https://openalex.org/W2339357670
382,0,6,3,73,0.18771611321921106,4.343649772907902e-06,https://openalex.org/W2397478716
383,0,6,3,73,0.18771611321921106,4.343649772907902e-06,https://openalex.org/W2435173215
384,0,6,3,73,0.18771611321921106,4.343649772907902e-06,https://openalex.org/W2466908408
385,0,6,3,73,0.18771611321921106,4.343649772907902e-06,https://openalex.org/W2520114489
386,0,6,3,103,0.21927525316171045,4.444046501168074e-05,https://openalex.org/W2523553082
387,0,6,3,73,0.18771611321921106,4.343649772907902e-06,https://openalex.org/W264471868
388,0,6,3,73,0.18771611321921106,4.343649772907902e-06,https://openalex.org/W2766215772
389,0,6,3,73,0.18771611321921106,4.343649772907902e-06,https://openalex.org/W2770051917
390,0,6,3,73,0.18771611321921106,4.343649772907902e-06,https://openalex.org/W2789220512
391,0,6,3,73,0.18771611321921106,4.343649772907902e-06,https://openalex.org/W2885939083
392,0,6,3,73,0.18771611321921106,4.343649772907902e-06,https://openalex.org/W2907372196
393,0,6,3,95,0.18797365949241485,4.345667165210912e-06,https://openalex.org/W2923653770
394,0,6,3,73,0.18771611321921106,4.343649772907902e-06,https://openalex.org/W2943617220
395,0,6,3,73,0.18771611321921106,4.343649772907902e-06,https://openalex.org/W2954738844
396,0,6,3,73,0.18771611321921106,4.343649772907902e-06,https://openalex.org/W2957004659
397,0,6,3,73,0.18771611321921106,4.343649772907902e-06,https://openalex.org/W3122635821
398,0,6,3,73,0.18771611321921106,4.343649772907902e-06,https://openalex.org/W3125864288
399,0,6,3,73,0.18771611321921106,4.343649772907902e-06,https://openalex.org/W4206788541
400,0,6,3,148,0.19312857243293857,5.003959123064601e-06,https://openalex.org/W4231978264
401,0,6,3,73,0.18771611321921106,4.343649772907902e-06,https://openalex.org/W4246043765
402,0,6,3,73,0.18771611321921106,4.343649772907902e-06,https://openalex.org/W4250143350
403,0,6,3,73,0.18771611321921106,4.343649772907902e-06,https://openalex.org/W4250185701
404,0,6,3,103,0.21927525316171045,4.444046501168074e-05,https://openalex.org/W4255290445
405,0,6,3,73,0.18771611321921106,4.343649772907902e-06,https://openalex.org/W4299395399
406,0,6,3,73,0.18771611321921106,4.343649772907902e-06,https://openalex.org/W641760028
407,0,6,3,97,0.2304225693724388,0.00041535255345048126,https://openalex.org/W1237552737
408,0,6,3,25,0.22613531622483848,0.0004136121788765807,https://openalex.org/W140487274
409,0,6,3,25,0.22613531622483848,0.0004136121788765807,https://openalex.org/W1510602673
410,0,6,3,25,0.22613531622483848,0.0004136121788765807,https://openalex.org/W1558902831
411,0,6,3,25,0.22613531622483848,0.0004136121788765807,https://openalex.org/W1699746760
413,0,6,3,25,0.22613531622483848,0.0004136121788765807,https://openalex.org/W1965268674
414,0,6,3,25,0.22613531622483848,0.0004136121788765807,https://openalex.org/W2014370213
415,0,6,3,25,0.22613531622483848,0.0004136121788765807,https://openalex.org/W2021032627
416,0,6,3,25,0.22613531622483848,0.0004136121788765807,https://openalex.org/W2042575966
417,0,6,3,25,0.22613531622483848,0.0004136121788765807,https://openalex.org/W2049390752
418,0,6,3,25,0.22613531622483848,0.0004136121788765807,https://openalex.org/W2069895733
419,0,6,3,25,0.22613531622483848,0.0004136121788765807,https://openalex.org/W2086244482
420,0,6,3,25,0.22613531622483848,0.0004136121788765807,https://openalex.org/W2088088068
421,0,6,3,25,0.22613531622483848,0.0004136121788765807,https://openalex.org/W2118502261
423,0,6,3,56,0.2293181398326896,0.0004176580718880243,https://openalex.org/W2335903768
424,0,6,3,25,0.22613531622483848,0.0004136121788765807,https://openalex.org/W2413573154
425,0,6,3,25,0.22613531622483848,0.0004136121788765807,https://openalex.org/W279057253
426,0,6,3,25,0.22613531622483848,0.0004136121788765807,https://openalex.org/W2976352237
677,0,6,3,148,0.19312857243293857,5.003959123064601e-06,https://openalex.org/W4231978264
676,0,6,3,110,0.22089832392531125,4.125199435202396e-05,https://openalex.org/W4206305191
585,0,6,3,99,0.18414941532019014,6.894178272879146e-07,https://openalex.org/W2953051821
667,0,6,3,18,0.17915820434860155,4.533952198106501e-07,https://openalex.org/W1985870405
668,0,6,3,18,0.17915820434860155,4.533952198106501e-07,https://openalex.org/W2149759924
669,0,6,3,18,0.17915820434860155,4.533952198106501e-07,https://openalex.org/W2336981594
670,0,6,3,18,0.17915820434860155,4.533952198106501e-07,https://openalex.org/W2497019608
671,0,6,3,18,0.17915820434860155,4.533952198106501e-07,https://openalex.org/W2587004178
672,0,6,3,18,0.17915820434860155,4.533952198106501e-07,https://openalex.org/W2605248710
673,0,6,3,18,0.17915820434860155,4.533952198106501e-07,https://openalex.org/W2763456132
674,0,6,3,18,0.17915820434860155,4.533952198106501e-07,https://openalex.org/W3015416615
675,0,6,3,18,0.17915820434860155,4.533952198106501e-07,https://openalex.org/W3023093151
678,0,6,3,18,0.17915820434860155,4.533952198106501e-07,https://openalex.org/W4232709840
679,0,6,3,18,0.17915820434860155,4.533952198106501e-07,https://openalex.org/W4234178885
680,0,6,3,18,0.17915820434860155,4.533952198106501e-07,https://openalex.org/W4238027251
681,0,6,3,18,0.17915820434860155,4.533952198106501e-07,https://openalex.org/W4400155124
923,0,1,1,148,0.2819868678043664,0.024331229200801552,https://openalex.org/W1965877674
925,0,1,1,148,0.2819868678043664,0.024331229200801552,https://openalex.org/W2024650319
930,0,1,1,148,0.2819868678043664,0.024331229200801552,https://openalex.org/W2050178102
933,0,1,1,148,0.2819868678043664,0.024331229200801552,https://openalex.org/W2074067604
945,0,1,1,148,0.2819868678043664,0.024331229200801552,https://openalex.org/W2587321624
947,0,1,1,148,0.2819868678043664,0.024331229200801552,https://openalex.org/W2795596299
948,0,1,1,148,0.2819868678043664,0.024331229200801552,https://openalex.org/W2897971917
949,0,1,1,148,0.2819868678043664,0.024331229200801552,https://openalex.org/W2903814255
950,0,1,1,148,0.2819868678043664,0.024331229200801552,https://openalex.org/W2955893364
951,0,1,1,148,0.2819868678043664,0.024331229200801552,https://openalex.org/W3014732579
555,0,6,3,36,0.1536581173511864,4.856549680184708e-09,https://openalex.org/W1011222721
556,0,6,3,36,0.1536581173511864,4.856549680184708e-09,https://openalex.org/W1505555390
557,0,6,3,36,0.1536581173511864,4.856549680184708e-09,https://openalex.org/W1531166158
558,0,6,3,36,0.1536581173511864,4.856549680184708e-09,https://openalex.org/W1532098389
559,0,6,3,36,0.1536581173511864,4.856549680184708e-09,https://openalex.org/W1631767606
560,0,6,3,36,0.1536581173511864,4.856549680184708e-09,https://openalex.org/W1840865377
561,0,6,3,36,0.1536581173511864,4.856549680184708e-09,https://openalex.org/W1846207026
562,0,6,3,36,0.1536581173511864,4.856549680184708e-09,https://openalex.org/W2012586651
563,0,6,3,36,0.1536581173511864,4.856549680184708e-09,https://openalex.org/W2013258879
564,0,6,3,36,0.1536581173511864,4.856549680184708e-09,https://openalex.org/W2024970618
565,0,6,3,36,0.1536581173511864,4.856549680184708e-09,https://openalex.org/W2048431936
566,0,6,3,36,0.1536581173511864,4.856549680184708e-09,https://openalex.org/W2061430993
567,0,6,3,36,0.1536581173511864,4.856549680184708e-09,https://openalex.org/W2075821725
568,0,6,3,36,0.1536581173511864,4.856549680184708e-09,https://openalex.org/W2093950336
569,0,6,3,36,0.1536581173511864,4.856549680184708e-09,https://openalex.org/W2116400684
570,0,6,3,36,0.1536581173511864,4.856549680184708e-09,https://openalex.org/W2118762351
571,0,6,3,36,0.1536581173511864,4.856549680184708e-09,https://openalex.org/W2131259509
572,0,6,3,36,0.1536581173511864,4.856549680184708e-09,https://openalex.org/W2153076044
573,0,6,3,36,0.1536581173511864,4.856549680184708e-09,https://openalex.org/W2163058110
574,0,6,3,36,0.1536581173511864,4.856549680184708e-09,https://openalex.org/W2460904773
575,0,6,3,36,0.1536581173511864,4.856549680184708e-09,https://openalex.org/W2479837187
576,0,6,3,36,0.1536581173511864,4.856549680184708e-09,https://openalex.org/W2501229488
577,0,6,3,36,0.1536581173511864,4.856549680184708e-09,https://openalex.org/W2526854742
578,0,6,3,36,0.1536581173511864,4.856549680184708e-09,https://openalex.org/W2527163700
579,0,6,3,36,0.1536581173511864,4.856549680184708e-09,https://openalex.org/W2560708187
580,0,6,3,36,0.1536581173511864,4.856549680184708e-09,https://openalex.org/W2568476927
581,0,6,3,36,0.1536581173511864,4.856549680184708e-09,https://openalex.org/W2601707491
582,0,6,3,36,0.1536581173511864,4.856549680184708e-09,https://openalex.org/W2807083886
583,0,6,3,36,0.1536581173511864,4.856549680184708e-09,https://openalex.org/W2810989163
584,0,6,3,36,0.1536581173511864,4.856549680184708e-09,https://openalex.org/W2896426694
586,0,6,3,36,0.1536581173511864,4.856549680184708e-09,https://openalex.org/W2985318277
587,0,6,3,36,0.1536581173511864,4.856549680184708e-09,https://openalex.org/W3124254896
588,0,6,3,36,0.1536581173511864,4.856549680184708e-09,https://openalex.org/W428354147
589,0,6,3,36,0.1536581173511864,4.856549680184708e-09,https://openalex.org/W59945560
590,0,6,3,36,0.1536581173511864,4.856549680184708e-09,https://openalex.org/W745492657
591,0,3,2,14,0.13316357985247945,1.9599416674583056e-12,https://openalex.org/W1558461721
592,0,3,2,14,0.13316357985247945,1.9599416674583056e-12,https://openalex.org/W1594018239
593,0,3,2,14,0.13316357985247945,1.9599416674583056e-12,https://openalex.org/W1767339332
594,0,3,2,14,0.13316357985247945,1.9599416674583056e-12,https://openalex.org/W2003728145
595,0,3,2,14,0.13316357985247945,1.9599416674583056e-12,https://openalex.org/W2017735442
596,0,3,2,14,0.13316357985247945,1.9599416674583056e-12,https://openalex.org/W2031450386
597,0,3,2,14,0.13316357985247945,1.9599416674583056e-12,https://openalex.org/W2041085983
598,0,3,2,14,0.13316357985247945,1.9599416674583056e-12,https://openalex.org/W2096016260
599,0,3,2,14,0.13316357985247945,1.9599416674583056e-12,https://openalex.org/W2110647620
600,0,3,2,14,0.13316357985247945,1.9599416674583056e-12,https://openalex.org/W2115016210
601,0,3,2,14,0.13316357985247945,1.9599416674583056e-12,https://openalex.org/W2118020692
602,0,3,2,14,0.13316357985247945,1.9599416674583056e-12,https://openalex.org/W2140757787
604,0,3,2,14,0.13316357985247945,1.9599416674583056e-12,https://openalex.org/W579559746
740,1,7,17,4,0.0011179429849077697,3.3949851491626365e-29,https://openalex.org/W1914972138
741,1,7,17,4,0.0011179429849077697,3.3949851491626365e-29,https://openalex.org/W2299625877
742,1,7,17,4,0.0011179429849077697,3.3949851491626365e-29,https://openalex.org/W2904855160
743,1,7,17,4,0.0011179429849077697,3.3949851491626365e-29,https://openalex.org/W3095579626
744,1,7,17,4,0.0011179429849077697,3.3949851491626365e-29,https://openalex.org/W3183211572
878,2,8,9,40,0.011179429849077696,1.729998253222821e-15,https://openalex.org/W133885100
879,2,8,9,40,0.011179429849077696,1.729998253222821e-15,https://openalex.org/W1552581395
880,2,8,9,40,0.011179429849077696,1.729998253222821e-15,https://openalex.org/W1946297417
881,2,8,9,40,0.011179429849077696,1.729998253222821e-15,https://openalex.org/W1970555405
882,2,8,9,40,0.011179429849077696,1.729998253222821e-15,https://openalex.org/W1975485520
883,2,8,9,40,0.011179429849077696,1.729998253222821e-15,https://openalex.org/W1978341452
884,2,8,9,40,0.011179429849077696,1.729998253222821e-15,https://openalex.org/W1984961060
885,2,8,9,40,0.011179429849077696,1.729998253222821e-15,https://openalex.org/W2000399486
886,2,8,9,40,0.011179429849077696,1.729998253222821e-15,https://openalex.org/W2000593888
887,2,8,9,40,0.011179429849077696,1.729998253222821e-15,https://openalex.org/W2010645998
888,2,8,9,40,0.011179429849077696,1.729998253222821e-15,https://openalex.org/W2027406821
889,2,8,9,40,0.011179429849077696,1.729998253222821e-15,https://openalex.org/W2028040158
890,2,8,9,40,0.011179429849077696,1.729998253222821e-15,https://openalex.org/W2041999656
891,2,8,9,40,0.011179429849077696,1.729998253222821e-15,https://openalex.org/W2042725768
892,2,8,9,40,0.011179429849077696,1.729998253222821e-15,https://openalex.org/W2061367247
893,2,8,9,40,0.011179429849077696,1.729998253222821e-15,https://openalex.org/W2105156391
894,2,8,9,40,0.011179429849077696,1.729998253222821e-15,https://openalex.org/W2117562782
895,2,8,9,40,0.011179429849077696,1.729998253222821e-15,https://openalex.org/W2135787588
896,2,8,9,40,0.011179429849077696,1.729998253222821e-15,https://openalex.org/W2172616432
897,2,8,9,40,0.011179429849077696,1.729998253222821e-15,https://openalex.org/W2282109167
898,2,8,9,40,0.011179429849077696,1.729998253222821e-15,https://openalex.org/W2335984747
899,2,8,9,40,0.011179429849077696,1.729998253222821e-15,https://openalex.org/W2551362907
900,2,8,9,40,0.011179429849077696,1.729998253222821e-15,https://openalex.org/W2609389044
901,2,8,9,40,0.011179429849077696,1.729998253222821e-15,https://openalex.org/W2634002236
902,2,8,9,40,0.011179429849077696,1.729998253222821e-15,https://openalex.org/W2761702225
903,2,8,9,40,0.011179429849077696,1.729998253222821e-15,https://openalex.org/W2776570872
904,2,8,9,40,0.011179429849077696,1.729998253222821e-15,https://openalex.org/W2850388578
905,2,8,9,40,0.011179429849077696,1.729998253222821e-15,https://openalex.org/W2892071022
906,2,8,9,40,0.011179429849077696,1.729998253222821e-15,https://openalex.org/W2893050421
907,2,8,9,40,0.011179429849077696,1.729998253222821e-15,https://openalex.org/W2896805025
908,2,8,9,40,0.011179429849077696,1.729998253222821e-15,https://openalex.org/W2902948564
909,2,8,9,40,0.011179429849077696,1.729998253222821e-15,https://openalex.org/W2914501541
910,2,8,9,40,0.011179429849077696,1.729998253222821e-15,https://openalex.org/W2921456154
911,2,8,9,40,0.011179429849077696,1.729998253222821e-15,https://openalex.org/W2947085654
912,2,8,9,40,0.011179429849077696,1.729998253222821e-15,https://openalex.org/W2973387597
913,2,8,9,40,0.011179429849077696,1.729998253222821e-15,https://openalex.org/W2974941758
914,2,8,9,40,0.011179429849077696,1.729998253222821e-15,https://openalex.org/W2984337159
915,2,8,9,40,0.011179429849077696,1.729998253222821e-15,https://openalex.org/W3003124376
916,2,8,9,40,0.011179429849077696,1.729998253222821e-15,https://openalex.org/W3008622359
917,2,8,9,40,0.011179429849077696,1.729998253222821e-15,https://openalex.org/W3112801209
918,2,8,9,40,0.011179429849077696,1.729998253222821e-15,https://openalex.org/W643606810
954,0,10,5,52,0.2057164639612935,1.3596694480623557e-05,https://openalex.org/W122314927
955,0,10,5,52,0.2057164639612935,1.3596694480623557e-05,https://openalex.org/W1522202957
956,0,10,5,52,0.2057164639612935,1.3596694480623557e-05,https://openalex.org/W1527222540
957,0,10,5,52,0.2057164639612935,1.3596694480623557e-05,https://openalex.org/W1557200816
958,0,10,5,52,0.2057164639612935,1.3596694480623557e-05,https://openalex.org/W1578570113
959,0,10,5,52,0.2057164639612935,1.3596694480623557e-05,https://openalex.org/W1591354983
960,0,10,5,52,0.2057164639612935,1.3596694480623557e-05,https://openalex.org/W162761190
961,0,10,5,52,0.2057164639612935,1.3596694480623557e-05,https://openalex.org/W1977396365
962,0,10,5,52,0.2057164639612935,1.3596694480623557e-05,https://openalex.org/W1990519216
963,0,10,5,52,0.2057164639612935,1.3596694480623557e-05,https://openalex.org/W2000933541
964,0,10,5,52,0.2057164639612935,1.3596694480623557e-05,https://openalex.org/W2027236222
965,0,10,5,52,0.2057164639612935,1.3596694480623557e-05,https://openalex.org/W2037693308
966,0,10,5,52,0.2057164639612935,1.3596694480623557e-05,https://openalex.org/W2040378704
967,0,10,5,52,0.2057164639612935,1.3596694480623557e-05,https://openalex.org/W2050052595
968,0,10,5,52,0.2057164639612935,1.3596694480623557e-05,https://openalex.org/W2058429249
969,0,10,5,52,0.2057164639612935,1.3596694480623557e-05,https://openalex.org/W2061693824
970,0,10,5,52,0.2057164639612935,1.3596694480623557e-05,https://openalex.org/W2066070648
971,0,10,5,52,0.2057164639612935,1.3596694480623557e-05,https://openalex.org/W2066989356
972,0,10,5,52,0.2057164639612935,1.3596694480623557e-05,https://openalex.org/W2068737387
973,0,10,5,52,0.2057164639612935,1.3596694480623557e-05,https://openalex.org/W2073910028
974,0,10,5,52,0.2057164639612935,1.3596694480623557e-05,https://openalex.org/W2083096822
975,0,10,5,52,0.2057164639612935,1.3596694480623557e-05,https://openalex.org/W2085689347
976,0,10,5,52,0.2057164639612935,1.3596694480623557e-05,https://openalex.org/W2088519494
977,0,10,5,52,0.2057164639612935,1.3596694480623557e-05,https://openalex.org/W2112072718
978,0,10,5,52,0.2057164639612935,1.3596694480623557e-05,https://openalex.org/W2118341258
979,0,10,5,52,0.2057164639612935,1.3596694480623557e-05,https://openalex.org/W2134121872
980,0,10,5,52,0.2057164639612935,1.3596694480623557e-05,https://openalex.org/W2136677625
981,0,10,5,52,0.2057164639612935,1.3596694480623557e-05,https://openalex.org/W2143076092
982,0,10,5,52,0.2057164639612935,1.3596694480623557e-05,https://openalex.org/W2146759546
983,0,10,5,52,0.2057164639612935,1.3596694480623557e-05,https://openalex.org/W2163695022
984,0,10,5,52,0.2057164639612935,1.3596694480623557e-05,https://openalex.org/W2169603651
985,0,10,5,52,0.2057164639612935,1.3596694480623557e-05,https://openalex.org/W2170101179
986,0,10,5,52,0.2057164639612935,1.3596694480623557e-05,https://openalex.org/W2308178634
987,0,10,5,52,0.2057164639612935,1.3596694480623557e-05,https://openalex.org/W240404405
988,0,10,5,52,0.2057164639612935,1.3596694480623557e-05,https://openalex.org/W2460937302
989,0,10,5,52,0.2057164639612935,1.3596694480623557e-05,https://openalex.org/W2465754280
990,0,10,5,52,0.2057164639612935,1.3596694480623557e-05,https://openalex.org/W2797369760
991,0,10,5,52,0.2057164639612935,1.3596694480623557e-05,https://openalex.org/W2801084647
992,0,10,5,52,0.2057164639612935,1.3596694480623557e-05,https://openalex.org/W2893691276
993,0,10,5,52,0.2057164639612935,1.3596694480623557e-05,https://openalex.org/W3006178030
994,0,10,5,52,0.2057164639612935,1.3596694480623557e-05,https://openalex.org/W3007953347
995,0,10,5,52,0.2057164639612935,1.3596694480623557e-05,https://openalex.org/W4241564283
996,0,10,5,52,0.2057164639612935,1.3596694480623557e-05,https://openalex.org/W4249183382
997,0,10,5,52,0.2057164639612935,1.3596694480623557e-05,https://openalex.org/W427047542
998,0,10,5,52,0.2057164639612935,1.3596694480623557e-05,https://openalex.org/W574918403
999,0,10,5,52,0.2057164639612935,1.3596694480623557e-05,https://openalex.org/W584551294
1000,0,10,5,112,0.2639367451804617,0.0009178088414574428,https://openalex.org/W589615080
1001,0,10,5,52,0.2057164639612935,1.3596694480623557e-05,https://openalex.org/W623892231
1002,0,10,5,112,0.2639367451804617,0.0009178088414574428,https://openalex.org/W630879368
1003,0,10,5,52,0.2057164639612935,1.3596694480623557e-05,https://openalex.org/W653427236
1004,0,10,5,52,0.2057164639612935,1.3596694480623557e-05,https://openalex.org/W870173617
1113,0,5,5,120,0.2654008655420333,0.0009170490292288267,https://openalex.org/W2031124405
1005,0,2,0,37,0.23799112751368906,0.00010445332179887326,https://openalex.org/W1667265675
1006,0,2,0,253,0.2933201274777026,0.001016068069077304,https://openalex.org/W1963511353
1007,0,2,0,37,0.23799112751368906,0.00010445332179887326,https://openalex.org/W1968986330
1008,0,2,0,37,0.23799112751368906,0.00010445332179887326,https://openalex.org/W1972507746
1009,0,2,0,37,0.23799112751368906,0.00010445332179887326,https://openalex.org/W1972585536
1010,0,2,0,37,0.23799112751368906,0.00010445332179887326,https://openalex.org/W1974200588
1011,0,2,0,295,0.3109943902147,0.0024756881607155136,https://openalex.org/W1999061866
1012,0,2,0,37,0.23799112751368906,0.00010445332179887326,https://openalex.org/W2011292331
1013,0,2,0,37,0.23799112751368906,0.00010445332179887326,https://openalex.org/W2031890647
1014,0,2,0,37,0.23799112751368906,0.00010445332179887326,https://openalex.org/W2035616688
1015,0,2,0,115,0.2776745859015083,0.0004478873078097386,https://openalex.org/W2037466863
1016,0,2,0,129,0.2918433026685585,0.0010705354739033186,https://openalex.org/W2040211497
1017,0,2,0,122,0.28843613683836095,0.0006816386688425629,https://openalex.org/W2069611505
1018,0,2,0,37,0.23799112751368906,0.00010445332179887326,https://openalex.org/W2092149319
1019,0,2,0,37,0.23799112751368906,0.00010445332179887326,https://openalex.org/W2102542406
1020,0,2,0,37,0.23799112751368906,0.00010445332179887326,https://openalex.org/W2110897487
1021,0,2,0,183,0.29337722697691965,0.0011659979283584147,https://openalex.org/W2141435397
1022,0,2,0,135,0.2881879367014889,0.0007233345976141457,https://openalex.org/W2332781197
1023,0,2,0,37,0.23799112751368906,0.00010445332179887326,https://openalex.org/W4293154792
1024,0,2,0,37,0.23799112751368906,0.00010445332179887326,https://openalex.org/W55285801
1058,0,2,0,135,0.2881879367014889,0.0007233345976141457,https://openalex.org/W2332781197
1082,0,2,0,122,0.28843613683836095,0.0006816386688425629,https://openalex.org/W2069611505
1087,0,2,0,183,0.29337722697691965,0.0011659979283584147,https://openalex.org/W2141435397
1090,0,2,0,135,0.2881879367014889,0.0007233345976141457,https://openalex.org/W2332781197
1228,0,2,0,295,0.3109943902147,0.002475688160715513,https://openalex.org/W1999061866
1774,0,2,0,253,0.2933201274777026,0.001016068069077304,https://openalex.org/W1963511353
1951,0,2,0,253,0.2933201274777026,0.001016068069077304,https://openalex.org/W1963511353
1963,0,2,0,183,0.29337722697691965,0.0011659979283584147,https://openalex.org/W2141435397
2153,0,2,0,122,0.28843613683836095,0.0006816386688425629,https://openalex.org/W2069611505
2883,0,2,0,253,0.2933201274777026,0.001016068069077304,https://openalex.org/W1963511353
3199,0,2,0,115,0.2776745859015083,0.0004478873078097386,https://openalex.org/W2037466863
3602,0,2,0,253,0.2933201274777026,0.001016068069077304,https://openalex.org/W1963511353
1040,0,2,0,563,0.35150526296919793,0.00505185445808718,https://openalex.org/W2045241688
1052,0,2,0,171,0.2909980334003545,0.0008686788690912374,https://openalex.org/W2139862476
1062,0,2,0,569,0.3665074939154757,0.009210864004861052,https://openalex.org/W656268522
1065,0,2,0,204,0.30235305747425745,0.001794104429124247,https://openalex.org/W1534215117
1092,0,2,0,569,0.3665074939154757,0.009210864004861052,https://openalex.org/W656268522
1193,0,2,0,182,0.29429385178294004,0.0008461493532180272,https://openalex.org/W4299961741
1196,0,2,0,569,0.3665074939154757,0.009210864004861052,https://openalex.org/W656268522
1211,0,2,0,332,0.3055715358841111,0.001767785040802064,https://openalex.org/W2113626142
1230,0,2,0,255,0.29748890939211137,0.0012964944485364992,https://openalex.org/W2023080089
1249,0,2,0,332,0.3055715358841111,0.001767785040802064,https://openalex.org/W2113626142
1267,0,2,0,569,0.3665074939154757,0.009210864004861052,https://openalex.org/W656268522
1321,0,2,0,569,0.3665074939154757,0.009210864004861052,https://openalex.org/W656268522
1356,0,2,0,200,0.28046502558489556,0.0004574054228691147,https://openalex.org/W1965598713
1620,0,2,0,233,0.29976704425269735,0.0007032929335319905,https://openalex.org/W1965315711
1639,0,2,0,262,0.3128017465712819,0.001250811614810539,https://openalex.org/W2099246599
1648,0,2,0,263,0.31348493291324725,0.0013739290577094371,https://openalex.org/W2129716887
1693,0,2,0,569,0.3665074939154757,0.009210864004861052,https://openalex.org/W656268522
1768,0,2,0,56,0.25932699216732963,0.00021838518792790648,https://openalex.org/W1013112569
1769,0,2,0,56,0.25932699216732963,0.00021838518792790648,https://openalex.org/W111516281
1770,0,2,0,56,0.25932699216732963,0.00021838518792790648,https://openalex.org/W1485842059
1771,0,2,0,56,0.25932699216732963,0.00021838518792790648,https://openalex.org/W1564581052
1772,0,2,0,116,0.27762343464685196,0.0002772051809222152,https://openalex.org/W1646365943
1773,0,2,0,56,0.25932699216732963,0.00021838518792790648,https://openalex.org/W187056649
1775,0,2,0,56,0.25932699216732963,0.00021838518792790648,https://openalex.org/W1964880708
1776,0,2,0,200,0.28046502558489556,0.0004574054228691147,https://openalex.org/W1965598713
1777,0,2,0,97,0.26733105365506626,0.0002465881407714166,https://openalex.org/W1986959305
1778,0,2,0,56,0.25932699216732963,0.00021838518792790648,https://openalex.org/W1990166011
1779,0,2,0,56,0.25932699216732963,0.00021838518792790648,https://openalex.org/W2009691381
1780,0,2,0,56,0.25932699216732963,0.00021838518792790648,https://openalex.org/W2015901745
1781,0,2,0,56,0.25932699216732963,0.00021838518792790648,https://openalex.org/W2018561502
1782,0,2,0,56,0.25932699216732963,0.00021838518792790648,https://openalex.org/W2019398887
1783,0,2,0,56,0.25932699216732963,0.00021838518792790648,https://openalex.org/W2038909771
1784,0,2,0,563,0.35150526296919793,0.00505185445808718,https://openalex.org/W2045241688
1785,0,2,0,201,0.2958246766081924,0.0011729008685617732,https://openalex.org/W2046866325
1786,0,2,0,56,0.25932699216732963,0.0002183851879279065,https://openalex.org/W2064712015
1787,0,2,0,56,0.25932699216732963,0.0002183851879279065,https://openalex.org/W2065580111
1788,0,2,0,56,0.25932699216732963,0.0002183851879279065,https://openalex.org/W2069357663
1789,0,2,0,56,0.25932699216732963,0.0002183851879279065,https://openalex.org/W2100333721
1790,0,2,0,56,0.25932699216732963,0.0002183851879279065,https://openalex.org/W2113237624
1791,0,2,0,56,0.25932699216732963,0.0002183851879279065,https://openalex.org/W2122141875
1792,0,2,0,56,0.25932699216732963,0.0002183851879279065,https://openalex.org/W2123969858
1793,0,2,0,56,0.25932699216732963,0.0002183851879279065,https://openalex.org/W2127000934
1794,0,2,0,56,0.25932699216732963,0.0002183851879279065,https://openalex.org/W2133526648
1795,0,2,0,56,0.25932699216732963,0.0002183851879279065,https://openalex.org/W2143804633
1796,0,2,0,56,0.25932699216732963,0.0002183851879279065,https://openalex.org/W2145323122
1797,0,2,0,56,0.25932699216732963,0.0002183851879279065,https://openalex.org/W2146048262
1798,0,2,0,56,0.25932699216732963,0.0002183851879279065,https://openalex.org/W2148370712
1799,0,2,0,56,0.25932699216732963,0.0002183851879279065,https://openalex.org/W2257756882
1800,0,2,0,56,0.25932699216732963,0.0002183851879279065,https://openalex.org/W2279704636
1801,0,2,0,56,0.25932699216732963,0.0002183851879279065,https://openalex.org/W2342090359
1802,0,2,0,56,0.25932699216732963,0.0002183851879279065,https://openalex.org/W2405193268
1803,0,2,0,56,0.25932699216732963,0.0002183851879279065,https://openalex.org/W4388365222
1804,0,2,0,56,0.25932699216732963,0.0002183851879279065,https://openalex.org/W61276154
1948,0,2,0,44,0.26735476582941925,0.00039125487778198214,https://openalex.org/W107036022
1949,0,2,0,44,0.26735476582941925,0.00039125487778198214,https://openalex.org/W1487332245
1950,0,2,0,44,0.26735476582941925,0.00039125487778198214,https://openalex.org/W1544438452
1952,0,2,0,44,0.26735476582941925,0.00039125487778198214,https://openalex.org/W1964396530
1953,0,2,0,44,0.26735476582941925,0.00039125487778198214,https://openalex.org/W2014859708
1954,0,2,0,153,0.2886294771579883,0.0008482876620341231,https://openalex.org/W2024579578
1955,0,2,0,44,0.26735476582941925,0.00039125487778198214,https://openalex.org/W2030937763
1956,0,2,0,44,0.26735476582941925,0.00039125487778198214,https://openalex.org/W2063932013
1957,0,2,0,44,0.26735476582941925,0.00039125487778198214,https://openalex.org/W2078341192
1958,0,2,0,44,0.26735476582941925,0.00039125487778198214,https://openalex.org/W2086479089
1959,0,2,0,44,0.26735476582941925,0.00039125487778198214,https://openalex.org/W2095796416
1960,0,2,0,44,0.26735476582941925,0.00039125487778198214,https://openalex.org/W2102102566
1961,0,2,0,44,0.26735476582941925,0.00039125487778198214,https://openalex.org/W2106147306
1962,0,2,0,44,0.26735476582941925,0.00039125487778198214,https://openalex.org/W2141145096
1965,0,2,0,44,0.26735476582941925,0.00039125487778198214,https://openalex.org/W2156905108
1966,0,2,0,44,0.26735476582941925,0.00039125487778198214,https://openalex.org/W2159950823
1967,0,2,0,44,0.26735476582941925,0.00039125487778198214,https://openalex.org/W2160461585
1968,0,2,0,44,0.26735476582941925,0.00039125487778198214,https://openalex.org/W2165531576
1969,0,2,0,44,0.26735476582941925,0.00039125487778198214,https://openalex.org/W2183630261
1970,0,2,0,44,0.26735476582941925,0.00039125487778198214,https://openalex.org/W2296469970
1971,0,2,0,44,0.26735476582941925,0.00039125487778198214,https://openalex.org/W2409062777
1972,0,2,0,44,0.26735476582941925,0.00039125487778198214,https://openalex.org/W2410351929
2349,0,2,0,97,0.26733105365506626,0.00024658814077141656,https://openalex.org/W1986959305
2369,0,2,0,156,0.28117142070530526,0.000504957748195238,https://openalex.org/W2168881144
2385,0,2,0,255,0.29748890939211137,0.0012964944485364992,https://openalex.org/W2023080089
2387,0,2,0,194,0.29074540657479236,0.0009604805553326908,https://openalex.org/W2030105099
2400,0,2,0,194,0.29074540657479236,0.0009604805553326908,https://openalex.org/W2101761001
2402,0,2,0,194,0.29074540657479236,0.0009604805553326908,https://openalex.org/W2113471284
2420,0,2,0,239,0.2932915860621652,0.0010792089538119952,https://openalex.org/W2314277051
2422,0,2,0,194,0.29074540657479236,0.0009604805553326908,https://openalex.org/W2332078948
2429,0,2,0,194,0.29074540657479236,0.0009604805553326908,https://openalex.org/W2555503952
2432,0,2,0,224,0.30259588695521256,0.0019174696766831748,https://openalex.org/W2766110043
2434,0,2,0,194,0.29074540657479236,0.0009604805553326908,https://openalex.org/W2804547333
2435,0,2,0,194,0.29074540657479236,0.0009604805553326908,https://openalex.org/W2891056634
2443,0,2,0,194,0.29074540657479236,0.0009604805553326908,https://openalex.org/W3004543239
2445,0,2,0,224,0.30259588695521256,0.0019174696766831748,https://openalex.org/W3011671762
2446,0,2,0,194,0.29074540657479236,0.0009604805553326908,https://openalex.org/W3027205685
2447,0,2,0,194,0.29074540657479236,0.0009604805553326908,https://openalex.org/W3097466170
2448,0,2,0,194,0.29074540657479236,0.0009604805553326908,https://openalex.org/W3112802670
2449,0,2,0,194,0.29074540657479236,0.0009604805553326908,https://openalex.org/W3179400444
2881,0,2,0,204,0.30235305747425745,0.001794104429124247,https://openalex.org/W1534215117
2882,0,2,0,43,0.24756941519185807,0.00012772454322190386,https://openalex.org/W1659952696
2884,0,2,0,43,0.24756941519185807,0.00012772454322190386,https://openalex.org/W1965733490
2885,0,2,0,43,0.24756941519185807,0.00012772454322190386,https://openalex.org/W1996548435
2887,0,2,0,43,0.24756941519185807,0.00012772454322190386,https://openalex.org/W2008573987
2889,0,2,0,43,0.24756941519185807,0.00012772454322190386,https://openalex.org/W2055493458
2890,0,2,0,43,0.24756941519185807,0.00012772454322190386,https://openalex.org/W2056989464
2892,0,2,0,43,0.24756941519185807,0.00012772454322190386,https://openalex.org/W2111708398
2893,0,2,0,43,0.24756941519185807,0.00012772454322190386,https://openalex.org/W2118197434
2894,0,2,0,43,0.24756941519185807,0.00012772454322190386,https://openalex.org/W2140762161
2895,0,2,0,43,0.24756941519185807,0.00012772454322190386,https://openalex.org/W2151534933
2896,0,2,0,43,0.24756941519185807,0.00012772454322190386,https://openalex.org/W2318247584
2897,0,2,0,43,0.24756941519185807,0.00012772454322190386,https://openalex.org/W2347022106
2898,0,2,0,43,0.24756941519185807,0.00012772454322190386,https://openalex.org/W2400837116
2899,0,2,0,43,0.24756941519185807,0.00012772454322190386,https://openalex.org/W2529268806
2900,0,2,0,43,0.24756941519185807,0.00012772454322190386,https://openalex.org/W2792057175
2901,0,2,0,43,0.24756941519185807,0.00012772454322190386,https://openalex.org/W2805253242
2902,0,2,0,43,0.24756941519185807,0.00012772454322190386,https://openalex.org/W3004846313
2903,0,2,0,43,0.24756941519185807,0.00012772454322190386,https://openalex.org/W3035976364
2904,0,2,0,43,0.24756941519185807,0.00012772454322190386,https://openalex.org/W3040968806
2905,0,2,0,43,0.24756941519185807,0.00012772454322190386,https://openalex.org/W3045133335
2919,0,2,0,158,0.29063326872634,0.000839981412245838,https://openalex.org/W2139104627
3051,0,2,0,239,0.2932915860621652,0.0010792089538119952,https://openalex.org/W2314277051
3192,0,2,0,204,0.30235305747425745,0.001794104429124247,https://openalex.org/W1534215117
3195,0,2,0,233,0.29976704425269735,0.0007032929335319905,https://openalex.org/W1965315711
3196,0,2,0,200,0.28046502558489556,0.0004574054228691147,https://openalex.org/W1965598713
3309,0,2,0,135,0.2806216953692275,0.00047859563404112056,https://openalex.org/W3091929931
3378,0,2,0,116,0.27762343464685196,0.0002772051809222152,https://openalex.org/W1646365943
3574,0,2,0,204,0.30235305747425745,0.001794104429124247,https://openalex.org/W1534215117
3584,0,2,0,149,0.29663986123027974,0.0014577488527584156,https://openalex.org/W2113801465
3589,0,2,0,224,0.30259588695521256,0.0019174696766831748,https://openalex.org/W2766110043
3591,0,2,0,149,0.29663986123027974,0.0014577488527584156,https://openalex.org/W3010431723
3592,0,2,0,224,0.30259588695521256,0.0019174696766831748,https://openalex.org/W3011671762
3593,0,2,0,149,0.29663986123027974,0.0014577488527584156,https://openalex.org/W3034823677
3595,0,2,0,149,0.29663986123027974,0.0014577488527584156,https://openalex.org/W3159206904
3596,0,2,0,149,0.29663986123027974,0.0014577488527584156,https://openalex.org/W3193745980
3600,0,2,0,115,0.2801001421764587,0.0004783902360444133,https://openalex.org/W1485761988
3601,0,2,0,115,0.2801001421764587,0.0004783902360444133,https://openalex.org/W1584233812
3603,0,2,0,233,0.29976704425269735,0.0007032929335319905,https://openalex.org/W1965315711
3604,0,2,0,115,0.2801001421764587,0.0004783902360444133,https://openalex.org/W1968859206
3605,0,2,0,115,0.2801001421764587,0.0004783902360444133,https://openalex.org/W1974642095
3606,0,2,0,115,0.2801001421764587,0.0004783902360444133,https://openalex.org/W1992426791
3607,0,2,0,255,0.29748890939211137,0.0012964944485364992,https://openalex.org/W2023080089
3608,0,2,0,153,0.2886294771579883,0.0008482876620341231,https://openalex.org/W2024579578
3609,0,2,0,115,0.2801001421764587,0.0004783902360444133,https://openalex.org/W2028047570
3610,0,2,0,194,0.29074540657479236,0.0009604805553326908,https://openalex.org/W2030105099
3612,0,2,0,115,0.2801001421764587,0.0004783902360444133,https://openalex.org/W2064009032
3613,0,2,0,115,0.2801001421764587,0.0004783902360444133,https://openalex.org/W2080703676
3614,0,2,0,115,0.2801001421764587,0.0004783902360444133,https://openalex.org/W2085057904
3615,0,2,0,115,0.2801001421764587,0.0004783902360444133,https://openalex.org/W2086332783
3616,0,2,0,115,0.2801001421764587,0.0004783902360444133,https://openalex.org/W2090476187
3617,0,2,0,194,0.29074540657479236,0.0009604805553326908,https://openalex.org/W2101761001
3618,0,2,0,194,0.29074540657479236,0.0009604805553326908,https://openalex.org/W2113471284
3620,0,2,0,149,0.29663986123027974,0.0014577488527584156,https://openalex.org/W2113801465
3621,0,2,0,115,0.2801001421764587,0.0004783902360444133,https://openalex.org/W2122433348
3623,0,2,0,115,0.2801001421764587,0.0004783902360444133,https://openalex.org/W2132521998
3624,0,2,0,158,0.29063326872634,0.000839981412245838,https://openalex.org/W2139104627
3625,0,2,0,171,0.2909980334003545,0.0008686788690912376,https://openalex.org/W2139862476
3626,0,2,0,115,0.2801001421764587,0.0004783902360444133,https://openalex.org/W2140453756
3627,0,2,0,115,0.2801001421764587,0.0004783902360444133,https://openalex.org/W2156195316
3628,0,2,0,115,0.2801001421764587,0.0004783902360444133,https://openalex.org/W2161957066
3629,0,2,0,156,0.28117142070530526,0.0005049577481952381,https://openalex.org/W2168881144
3630,0,2,0,115,0.2801001421764587,0.0004783902360444133,https://openalex.org/W2169578473
3631,0,2,0,239,0.2932915860621652,0.0010792089538119952,https://openalex.org/W2314277051
3632,0,2,0,194,0.29074540657479236,0.0009604805553326908,https://openalex.org/W2332078948
3633,0,2,0,115,0.2801001421764587,0.0004783902360444133,https://openalex.org/W2394693995
3634,0,2,0,115,0.2801001421764587,0.0004783902360444133,https://openalex.org/W2416225000
3635,0,2,0,194,0.29074540657479236,0.0009604805553326908,https://openalex.org/W2555503952
3636,0,2,0,115,0.2801001421764587,0.0004783902360444133,https://openalex.org/W2560449667
3637,0,2,0,115,0.2801001421764587,0.0004783902360444133,https://openalex.org/W2725011375
3638,0,2,0,115,0.2801001421764587,0.0004783902360444133,https://openalex.org/W2750789564
3639,0,2,0,224,0.30259588695521256,0.0019174696766831748,https://openalex.org/W2766110043
3640,0,2,0,115,0.2801001421764587,0.0004783902360444133,https://openalex.org/W2790378924
3641,0,2,0,194,0.29074540657479236,0.0009604805553326908,https://openalex.org/W2804547333
3642,0,2,0,115,0.2801001421764587,0.0004783902360444133,https://openalex.org/W2888157924
3643,0,2,0,194,0.29074540657479236,0.0009604805553326908,https://openalex.org/W2891056634
3644,0,2,0,115,0.2801001421764587,0.0004783902360444133,https://openalex.org/W2896897493
3645,0,2,0,115,0.2801001421764587,0.0004783902360444133,https://openalex.org/W2902806688
3646,0,2,0,115,0.2801001421764587,0.0004783902360444133,https://openalex.org/W2905166257
3647,0,2,0,115,0.2801001421764587,0.0004783902360444133,https://openalex.org/W2907546616
3648,0,2,0,115,0.2801001421764587,0.0004783902360444133,https://openalex.org/W2981067716
3649,0,2,0,194,0.29074540657479236,0.0009604805553326908,https://openalex.org/W3004543239
3650,0,2,0,149,0.29663986123027974,0.001457748852758416,https://openalex.org/W3010431723
3651,0,2,0,224,0.30259588695521256,0.0019174696766831748,https://openalex.org/W3011671762
3652,0,2,0,115,0.2801001421764587,0.0004783902360444133,https://openalex.org/W3019959760
3653,0,2,0,194,0.29074540657479236,0.0009604805553326908,https://openalex.org/W3027205685
3654,0,2,0,149,0.29663986123027974,0.001457748852758416,https://openalex.org/W3034823677
3655,0,2,0,135,0.2806216953692275,0.00047859563404112056,https://openalex.org/W3091929931
3656,0,2,0,194,0.29074540657479236,0.0009604805553326908,https://openalex.org/W3097466170
3657,0,2,0,194,0.29074540657479236,0.0009604805553326908,https://openalex.org/W3112802670
3658,0,2,0,149,0.29663986123027974,0.001457748852758416,https://openalex.org/W3159206904
3659,0,2,0,194,0.29074540657479236,0.0009604805553326908,https://openalex.org/W3179400444
3660,0,2,0,149,0.29663986123027974,0.001457748852758416,https://openalex.org/W3193745980
1045,0,2,0,333,0.3170794897918022,0.0013606830502514704,https://openalex.org/W2100402834
1049,0,2,0,256,0.30781838541267076,0.0008035897048444802,https://openalex.org/W2126800506
1060,0,2,0,149,0.2943225886105724,0.0011338247758076907,https://openalex.org/W4241327584
1071,0,2,0,140,0.29215446641086285,0.0011117121082518506,https://openalex.org/W1984814658
1078,0,2,0,162,0.29492736105292294,0.0009837642275141796,https://openalex.org/W2046954222
1220,0,2,0,164,0.29787109694247177,0.0013487125369583057,https://openalex.org/W135978924
1221,0,2,0,83,0.287500727771926,0.0006864949440248599,https://openalex.org/W1544151704
1222,0,2,0,83,0.287500727771926,0.0006864949440248599,https://openalex.org/W1865935269
1223,0,2,0,83,0.287500727771926,0.0006864949440248599,https://openalex.org/W1972668358
1224,0,2,0,83,0.287500727771926,0.0006864949440248599,https://openalex.org/W1988930537
1225,0,2,0,83,0.287500727771926,0.0006864949440248599,https://openalex.org/W1993443859
1226,0,2,0,83,0.287500727771926,0.0006864949440248599,https://openalex.org/W1993645965
1227,0,2,0,83,0.287500727771926,0.0006864949440248599,https://openalex.org/W1995632010
1229,0,2,0,83,0.287500727771926,0.0006864949440248599,https://openalex.org/W2019290108
1231,0,2,0,83,0.287500727771926,0.0006864949440248599,https://openalex.org/W2031767140
1232,0,11,0,205,0.3136480364163239,0.008978382814906231,https://openalex.org/W2037557484
1233,0,2,0,83,0.287500727771926,0.0006864949440248599,https://openalex.org/W2040558071
1234,0,2,0,83,0.287500727771926,0.0006864949440248599,https://openalex.org/W2043417500
1235,0,2,0,162,0.29492736105292294,0.0009837642275141796,https://openalex.org/W2046954222
1236,0,2,0,83,0.287500727771926,0.0006864949440248599,https://openalex.org/W2047000576
1237,0,2,0,83,0.287500727771926,0.0006864949440248599,https://openalex.org/W2050261089
1238,0,2,0,83,0.287500727771926,0.0006864949440248599,https://openalex.org/W2059122872
1239,0,2,0,83,0.287500727771926,0.0006864949440248599,https://openalex.org/W2063825733
1240,0,2,0,171,0.29518731073948407,0.0010177457261632817,https://openalex.org/W2064089371
1241,0,2,0,83,0.287500727771926,0.0006864949440248599,https://openalex.org/W2072803606
1242,0,2,0,83,0.287500727771926,0.0006864949440248599,https://openalex.org/W2076902840
1243,0,2,0,83,0.287500727771926,0.0006864949440248599,https://openalex.org/W2081096870
1244,0,2,0,83,0.287500727771926,0.0006864949440248599,https://openalex.org/W2085714022
1245,0,2,0,83,0.287500727771926,0.0006864949440248599,https://openalex.org/W2093484375
1246,0,2,0,83,0.287500727771926,0.0006864949440248599,https://openalex.org/W2096639236
1247,0,2,0,333,0.3170794897918022,0.0013606830502514702,https://openalex.org/W2100402834
1248,0,2,0,83,0.287500727771926,0.0006864949440248599,https://openalex.org/W2112778345
1250,0,2,0,83,0.287500727771926,0.0006864949440248599,https://openalex.org/W2117900547
1251,0,2,0,188,0.29588275546882026,0.0009884920571667296,https://openalex.org/W2129751987
1252,0,2,0,83,0.287500727771926,0.0006864949440248599,https://openalex.org/W2134893798
1253,0,2,0,83,0.287500727771926,0.0006864949440248599,https://openalex.org/W2141770009
1254,0,2,0,83,0.287500727771926,0.0006864949440248599,https://openalex.org/W2147169903
1255,0,2,0,83,0.287500727771926,0.0006864949440248599,https://openalex.org/W2151433573
1256,0,2,0,83,0.287500727771926,0.0006864949440248599,https://openalex.org/W2153774782
1257,0,2,0,83,0.287500727771926,0.0006864949440248599,https://openalex.org/W2159175771
1258,0,2,0,83,0.287500727771926,0.0006864949440248599,https://openalex.org/W2171061907
1259,0,2,0,148,0.2947254942760215,0.0009680664091624337,https://openalex.org/W2264220972
1260,0,2,0,83,0.287500727771926,0.0006864949440248599,https://openalex.org/W2294588566
1261,0,2,0,83,0.287500727771926,0.0006864949440248599,https://openalex.org/W2397767534
1262,0,2,0,83,0.287500727771926,0.0006864949440248599,https://openalex.org/W2915464224
1263,0,2,0,83,0.287500727771926,0.0006864949440248599,https://openalex.org/W2915967003
1264,0,2,0,83,0.287500727771926,0.0006864949440248599,https://openalex.org/W4231934897
1265,0,2,0,83,0.287500727771926,0.0006864949440248599,https://openalex.org/W4241772804
1266,0,11,0,205,0.3136480364163239,0.008978382814906231,https://openalex.org/W4243177274
1324,0,1,1,293,0.3294161344219533,0.025182639237363413,https://openalex.org/W1484864026
1352,0,2,0,207,0.2963773480787485,0.0004393923081838058,https://openalex.org/W1485861288
1399,0,2,0,256,0.30781838541267076,0.0008035897048444802,https://openalex.org/W2126800506
1475,0,0,1,354,0.30706577322339773,0.04472399076183082,https://openalex.org/W2071666535
1617,0,2,0,207,0.2963773480787485,0.0004393923081838058,https://openalex.org/W1485861288
1641,0,2,0,333,0.3170794897918022,0.0013606830502514702,https://openalex.org/W2100402834
1646,0,2,0,256,0.30781838541267076,0.0008035897048444802,https://openalex.org/W2126800506
1706,0,0,1,354,0.30706577322339773,0.04472399076183082,https://openalex.org/W2071666535
2150,0,2,0,162,0.29492736105292294,0.0009837642275141796,https://openalex.org/W2046954222
2151,0,2,0,171,0.29518731073948407,0.0010177457261632817,https://openalex.org/W2064089371
2175,0,0,1,354,0.30706577322339773,0.04472399076183082,https://openalex.org/W2071666535
2367,0,2,0,188,0.29588275546882026,0.0009884920571667296,https://openalex.org/W2129751987
2399,0,2,0,333,0.3170794897918022,0.0013606830502514702,https://openalex.org/W2100402834
2426,0,2,0,193,0.29204123921721464,0.0009787546923791814,https://openalex.org/W2399147426
2428,0,2,0,165,0.29887532275268935,0.001779483921753922,https://openalex.org/W2532214162
2437,0,2,0,165,0.29887532275268935,0.001779483921753922,https://openalex.org/W2906077577
3034,0,2,0,133,0.2813551414133177,0.0005241745070067543,https://openalex.org/W1968318340
3043,0,2,0,171,0.29518731073948407,0.0010177457261632817,https://openalex.org/W2064089371
3190,0,2,0,207,0.2963773480787485,0.0004393923081838058,https://openalex.org/W1485861288
3191,0,2,0,85,0.27637608930504975,0.0003929289191656754,https://openalex.org/W1510070068
3193,0,2,0,85,0.27637608930504975,0.0003929289191656754,https://openalex.org/W1837859574
3194,0,2,0,85,0.27637608930504975,0.0003929289191656754,https://openalex.org/W1907906534
3197,0,2,0,133,0.2813551414133177,0.0005241745070067543,https://openalex.org/W1968318340
3202,0,2,0,333,0.3170794897918022,0.0013606830502514702,https://openalex.org/W2100402834
3203,0,2,0,85,0.27637608930504975,0.0003929289191656754,https://openalex.org/W2111888990
3206,0,2,0,256,0.30781838541267076,0.0008035897048444802,https://openalex.org/W2126800506
3207,0,2,0,188,0.29588275546882026,0.0009884920571667296,https://openalex.org/W2129751987
3208,0,2,0,85,0.27637608930504975,0.0003929289191656754,https://openalex.org/W2136095668
3209,0,2,0,85,0.27637608930504975,0.0003929289191656754,https://openalex.org/W2137800079
3210,0,2,0,85,0.27637608930504975,0.0003929289191656754,https://openalex.org/W2148031294
3211,0,2,0,85,0.27637608930504975,0.0003929289191656754,https://openalex.org/W2160405983
3212,0,2,0,85,0.27637608930504975,0.0003929289191656754,https://openalex.org/W2162870386
3214,0,2,0,148,0.2947254942760215,0.0009680664091624337,https://openalex.org/W2264220972
3215,0,2,0,193,0.29204123921721464,0.0009787546923791818,https://openalex.org/W2399147426
3216,0,2,0,85,0.27637608930504975,0.0003929289191656754,https://openalex.org/W2522261157
3217,0,2,0,85,0.27637608930504975,0.0003929289191656754,https://openalex.org/W2546229696
3218,0,2,0,85,0.27637608930504975,0.0003929289191656754,https://openalex.org/W2641683363
3219,0,2,0,85,0.27637608930504975,0.0003929289191656754,https://openalex.org/W2783674029
3220,0,2,0,85,0.27637608930504975,0.0003929289191656754,https://openalex.org/W2787298218
3221,0,2,0,85,0.27637608930504975,0.0003929289191656754,https://openalex.org/W2793350103
3222,0,2,0,85,0.27637608930504975,0.0003929289191656754,https://openalex.org/W3092224433
3223,0,2,0,85,0.27637608930504975,0.0003929289191656754,https://openalex.org/W3107467664
3224,0,2,0,85,0.27637608930504975,0.0003929289191656754,https://openalex.org/W3117680158
3225,0,2,0,85,0.27637608930504975,0.0003929289191656754,https://openalex.org/W3159249937
3226,0,2,0,85,0.27637608930504975,0.0003929289191656754,https://openalex.org/W3174832828
3227,0,2,0,85,0.27637608930504975,0.0003929289191656754,https://openalex.org/W3190758029
3228,0,2,0,85,0.27637608930504975,0.0003929289191656754,https://openalex.org/W4200542154
3229,0,2,0,85,0.27637608930504975,0.0003929289191656754,https://openalex.org/W4280556765
3323,0,11,0,205,0.3136480364163239,0.008978382814906231,https://openalex.org/W2037557484
3374,0,11,0,205,0.3136480364163239,0.008978382814906231,https://openalex.org/W4243177274
3433,0,11,0,205,0.3136480364163239,0.008978382814906231,https://openalex.org/W2037557484
3454,0,11,0,205,0.3136480364163239,0.008978382814906231,https://openalex.org/W4243177274
3575,0,2,0,50,0.2575982933049203,0.0010659372940110786,https://openalex.org/W1597314510
3576,0,2,0,50,0.2575982933049203,0.0010659372940110786,https://openalex.org/W1987994933
3578,0,2,0,50,0.2575982933049203,0.0010659372940110786,https://openalex.org/W2024993993
3579,0,2,0,50,0.2575982933049203,0.0010659372940110786,https://openalex.org/W2029517174
3580,0,0,1,354,0.30706577322339773,0.04472399076183082,https://openalex.org/W2071666535
3581,0,2,0,50,0.2575982933049203,0.0010659372940110784,https://openalex.org/W2089262464
3582,0,2,0,50,0.2575982933049203,0.0010659372940110784,https://openalex.org/W2094710090
3583,0,2,0,50,0.2575982933049203,0.0010659372940110784,https://openalex.org/W2095255755
3585,0,2,0,50,0.2575982933049203,0.0010659372940110784,https://openalex.org/W2117053834
3586,0,2,0,50,0.2575982933049203,0.0010659372940110784,https://openalex.org/W2464706539
3587,0,2,0,165,0.29887532275268935,0.001779483921753922,https://openalex.org/W2532214162
3588,0,2,0,50,0.2575982933049203,0.0010659372940110784,https://openalex.org/W2612259620
3590,0,2,0,165,0.29887532275268935,0.001779483921753922,https://openalex.org/W2906077577
3594,0,2,0,50,0.2575982933049203,0.0010659372940110784,https://openalex.org/W3108650400
3597,0,2,0,50,0.2575982933049203,0.0010659372940110784,https://openalex.org/W4247527350
3598,0,2,0,50,0.2575982933049203,0.0010659372940110784,https://openalex.org/W4285493738
3599,0,2,0,50,0.2575982933049203,0.0010659372940110784,https://openalex.org/W615644768
1064,0,2,0,52,0.26725994236219824,0.0003881792204663027,https://openalex.org/W1487461236
1066,0,2,0,110,0.2746885655664697,0.0006771271961177929,https://openalex.org/W1777140507
1067,0,2,0,52,0.26725994236219824,0.0003881792204663027,https://openalex.org/W1922806025
1068,0,2,0,52,0.26725994236219824,0.0003881792204663027,https://openalex.org/W1968195324
1069,0,2,0,52,0.26725994236219824,0.0003881792204663027,https://openalex.org/W1972359429
1070,0,2,0,52,0.26725994236219824,0.0003881792204663027,https://openalex.org/W1983297679
1072,0,2,0,52,0.26725994236219824,0.0003881792204663027,https://openalex.org/W1997254901
1073,0,2,0,52,0.26725994236219824,0.0003881792204663027,https://openalex.org/W2010263664
1074,0,2,0,52,0.26725994236219824,0.0003881792204663027,https://openalex.org/W2014445774
1075,0,2,0,52,0.26725994236219824,0.0003881792204663027,https://openalex.org/W2028862418
1076,0,2,0,52,0.26725994236219824,0.0003881792204663027,https://openalex.org/W2031722179
1077,0,2,0,52,0.26725994236219824,0.0003881792204663027,https://openalex.org/W2032344422
1079,0,2,0,52,0.26725994236219824,0.0003881792204663027,https://openalex.org/W2050288708
1080,0,2,0,52,0.26725994236219824,0.0003881792204663027,https://openalex.org/W2058620209
1081,0,2,0,52,0.26725994236219824,0.0003881792204663027,https://openalex.org/W2068889347
1083,0,2,0,52,0.26725994236219824,0.0003881792204663027,https://openalex.org/W2081093524
1084,0,2,0,52,0.26725994236219824,0.0003881792204663027,https://openalex.org/W2092556657
1085,0,2,0,52,0.26725994236219824,0.0003881792204663027,https://openalex.org/W2102793519
1086,0,2,0,52,0.26725994236219824,0.0003881792204663027,https://openalex.org/W2123781212
1088,0,2,0,94,0.2876653588433739,0.0006051160357667751,https://openalex.org/W2144543402
1089,0,2,0,52,0.26725994236219824,0.0003881792204663027,https://openalex.org/W2162244458
1091,0,2,0,52,0.26725994236219824,0.0003881792204663027,https://openalex.org/W4238773368
1643,0,2,0,234,0.29937997913794917,0.00038674947408758633,https://openalex.org/W2105099865
2144,0,2,0,49,0.27554233750442203,0.0002364611698258921,https://openalex.org/W1420517538
2145,0,2,0,49,0.27554233750442203,0.0002364611698258921,https://openalex.org/W1966907333
2146,0,2,0,49,0.27554233750442203,0.0002364611698258921,https://openalex.org/W1971585854
2147,0,2,0,49,0.27554233750442203,0.0002364611698258921,https://openalex.org/W1989001315
2148,0,2,0,49,0.27554233750442203,0.0002364611698258921,https://openalex.org/W2011761219
2152,0,2,0,49,0.27554233750442203,0.0002364611698258921,https://openalex.org/W2067758597
2154,0,2,0,49,0.27554233750442203,0.0002364611698258921,https://openalex.org/W2078123421
2157,0,2,0,234,0.29937997913794917,0.00038674947408758633,https://openalex.org/W2105099865
2158,0,2,0,49,0.27554233750442203,0.0002364611698258921,https://openalex.org/W2144497181
2159,0,2,0,94,0.2876653588433739,0.0006051160357667751,https://openalex.org/W2144543402
2160,0,2,0,49,0.27554233750442203,0.0002364611698258921,https://openalex.org/W2154628602
2161,0,2,0,49,0.27554233750442203,0.0002364611698258921,https://openalex.org/W2408922978
2162,0,2,0,49,0.27554233750442203,0.0002364611698258921,https://openalex.org/W2462737623
2163,0,2,0,49,0.27554233750442203,0.0002364611698258921,https://openalex.org/W2498119267
2164,0,2,0,49,0.27554233750442203,0.0002364611698258921,https://openalex.org/W250794236
2165,0,2,0,49,0.27554233750442203,0.0002364611698258921,https://openalex.org/W2521288430
2166,0,2,0,90,0.27821281428473993,0.0002645512206901348,https://openalex.org/W2641112480
2167,0,2,0,49,0.27554233750442203,0.0002364611698258921,https://openalex.org/W3022391957
2372,0,2,0,90,0.27821281428473993,0.0002645512206901348,https://openalex.org/W2641112480
2847,0,2,0,234,0.29937997913794917,0.00038674947408758633,https://openalex.org/W2105099865
3030,0,2,0,110,0.2746885655664697,0.0006771271961177929,https://openalex.org/W1777140507
1025,0,2,0,67,0.28464988478240366,0.0005544214949250388,https://openalex.org/W1504584431
1026,0,2,0,67,0.28464988478240366,0.0005544214949250388,https://openalex.org/W1582334633
1027,0,2,0,67,0.28464988478240366,0.0005544214949250388,https://openalex.org/W1592471647
1028,0,2,0,67,0.28464988478240366,0.0005544214949250388,https://openalex.org/W1600582725
1029,0,2,0,67,0.28464988478240366,0.0005544214949250388,https://openalex.org/W1866161964
1030,0,2,0,67,0.28464988478240366,0.0005544214949250388,https://openalex.org/W1968454578
1031,0,2,0,67,0.28464988478240366,0.0005544214949250388,https://openalex.org/W1971061593
1032,0,2,0,67,0.28464988478240366,0.0005544214949250388,https://openalex.org/W1973948212
1033,0,2,0,67,0.28464988478240366,0.0005544214949250388,https://openalex.org/W1983714967
1034,0,2,0,67,0.28464988478240366,0.0005544214949250388,https://openalex.org/W1984090318
1035,0,2,0,67,0.28464988478240366,0.0005544214949250388,https://openalex.org/W1995031937
1036,0,2,0,67,0.28464988478240366,0.0005544214949250388,https://openalex.org/W2019890777
1037,0,2,0,67,0.28464988478240366,0.0005544214949250388,https://openalex.org/W2023752972
1038,0,2,0,67,0.28464988478240366,0.0005544214949250388,https://openalex.org/W2032049429
1039,0,2,0,67,0.28464988478240366,0.0005544214949250388,https://openalex.org/W2038702827
1041,0,2,0,67,0.28464988478240366,0.0005544214949250388,https://openalex.org/W2060398403
1042,0,2,0,67,0.28464988478240366,0.0005544214949250388,https://openalex.org/W2069787433
1043,0,2,0,67,0.28464988478240366,0.0005544214949250388,https://openalex.org/W2074353918
1044,0,2,0,67,0.28464988478240366,0.0005544214949250388,https://openalex.org/W2084847905
1046,0,2,0,67,0.28464988478240366,0.0005544214949250388,https://openalex.org/W2104290428
1047,0,2,0,67,0.28464988478240366,0.0005544214949250388,https://openalex.org/W2117583205
1048,0,2,0,67,0.28464988478240366,0.0005544214949250388,https://openalex.org/W2120735587
1050,0,2,0,67,0.28464988478240366,0.0005544214949250388,https://openalex.org/W2127821521
1051,0,2,0,67,0.28464988478240366,0.0005544214949250388,https://openalex.org/W2128017071
1053,0,2,0,67,0.28464988478240366,0.0005544214949250388,https://openalex.org/W2149620793
1054,0,2,0,67,0.28464988478240366,0.0005544214949250388,https://openalex.org/W2150504996
1055,0,2,0,67,0.28464988478240366,0.0005544214949250388,https://openalex.org/W2159306398
1056,0,2,0,67,0.28464988478240366,0.0005544214949250388,https://openalex.org/W2167679948
1057,0,2,0,67,0.28464988478240366,0.0005544214949250388,https://openalex.org/W2171648622
1059,0,2,0,67,0.28464988478240366,0.0005544214949250388,https://openalex.org/W2796575992
1061,0,2,0,67,0.28464988478240366,0.0005544214949250388,https://openalex.org/W4245708065
1063,0,2,0,67,0.28464988478240366,0.0005544214949250388,https://openalex.org/W656509861
1194,0,2,0,174,0.2953029910807164,0.0008528679441764897,https://openalex.org/W566204369
1200,0,2,0,87,0.2800480934647285,0.00035355395229629314,https://openalex.org/W1966809963
1201,0,2,0,144,0.32539756342015247,0.003556191025415201,https://openalex.org/W1967390644
1204,0,2,0,87,0.2800480934647285,0.00035355395229629314,https://openalex.org/W2049684062
1214,0,2,0,101,0.3225422824998258,0.003459545129945217,https://openalex.org/W2150353123
1350,0,2,0,174,0.2953029910807164,0.0008528679441764897,https://openalex.org/W566204369
1534,0,1,1,350,0.32337277437623346,0.046820342740824056,https://openalex.org/W140453387
1543,0,1,1,422,0.32589011027796216,0.050436120189303636,https://openalex.org/W2040106495
1548,0,1,1,339,0.32230085863567925,0.047241722045556635,https://openalex.org/W2136933546
1655,0,2,0,190,0.30554056056369716,0.0008455027553042768,https://openalex.org/W2169106516
1879,0,2,0,190,0.3085746959419402,0.021564865782018446,https://openalex.org/W2136823874
1888,0,2,0,190,0.3085746959419402,0.021564865782018446,https://openalex.org/W2425091006
2378,0,2,0,124,0.28610893497492856,0.0007720945061071959,https://openalex.org/W134179536
2379,0,2,0,124,0.28610893497492856,0.0007720945061071959,https://openalex.org/W1593329604
2380,0,2,0,124,0.28610893497492856,0.0007720945061071959,https://openalex.org/W1976605571
2381,0,2,0,159,0.28706263142484495,0.0007727021138703381,https://openalex.org/W1979290264
2382,0,2,0,124,0.28610893497492856,0.0007720945061071959,https://openalex.org/W1981620905
2383,0,2,0,124,0.28610893497492856,0.0007720945061071959,https://openalex.org/W1996409699
2384,0,2,0,124,0.28610893497492856,0.0007720945061071959,https://openalex.org/W2004588465
2386,0,2,0,124,0.28610893497492856,0.0007720945061071959,https://openalex.org/W2025827184
2389,0,2,0,124,0.28610893497492856,0.0007720945061071959,https://openalex.org/W2048935034
2390,0,2,0,124,0.28610893497492856,0.0007720945061071959,https://openalex.org/W2057714145
2391,0,2,0,124,0.28610893497492856,0.0007720945061071959,https://openalex.org/W2058397757
2392,0,2,0,124,0.28610893497492856,0.0007720945061071959,https://openalex.org/W2060334426
2393,0,2,0,124,0.28610893497492856,0.0007720945061071959,https://openalex.org/W2060420112
2394,0,2,0,124,0.28610893497492856,0.0007720945061071959,https://openalex.org/W2071169991
2395,0,2,0,124,0.28610893497492856,0.0007720945061071959,https://openalex.org/W2081052781
2396,0,2,0,124,0.28610893497492856,0.0007720945061071959,https://openalex.org/W2084275069
2397,0,2,0,124,0.28610893497492856,0.0007720945061071959,https://openalex.org/W2090337505
2398,0,2,0,124,0.28610893497492856,0.0007720945061071959,https://openalex.org/W2093958885
2401,0,2,0,124,0.28610893497492856,0.0007720945061071959,https://openalex.org/W2101960310
2403,0,2,0,124,0.28610893497492856,0.0007720945061071959,https://openalex.org/W2118009198
2404,0,2,0,124,0.28610893497492856,0.0007720945061071959,https://openalex.org/W2125128154
2405,0,2,0,124,0.28610893497492856,0.0007720945061071959,https://openalex.org/W2128816921
2406,0,2,0,124,0.28610893497492856,0.0007720945061071959,https://openalex.org/W2130775869
2407,0,2,0,124,0.28610893497492856,0.0007720945061071959,https://openalex.org/W2130944789
2408,0,2,0,184,0.290101793066494,0.0008274461880497275,https://openalex.org/W2132183026
2409,0,2,0,124,0.28610893497492856,0.0007720945061071959,https://openalex.org/W2133776815
2410,0,2,0,124,0.28610893497492856,0.0007720945061071959,https://openalex.org/W2135165791
2411,0,2,0,124,0.28610893497492856,0.0007720945061071959,https://openalex.org/W2143280167
2412,0,2,0,124,0.28610893497492856,0.0007720945061071959,https://openalex.org/W2147554606
2413,0,2,0,124,0.28610893497492856,0.0007720945061071959,https://openalex.org/W2150565608
2414,0,2,0,124,0.28610893497492856,0.0007720945061071959,https://openalex.org/W2155060527
2415,0,2,0,190,0.30554056056369716,0.0008455027553042768,https://openalex.org/W2169106516
2416,0,2,0,124,0.28610893497492856,0.0007720945061071959,https://openalex.org/W2169362019
2417,0,2,0,124,0.28610893497492856,0.0007720945061071959,https://openalex.org/W2173035098
2418,0,2,0,124,0.28610893497492856,0.0007720945061071959,https://openalex.org/W2215762190
2419,0,2,0,124,0.28610893497492856,0.0007720945061071959,https://openalex.org/W2276627270
2421,0,2,0,124,0.28610893497492856,0.0007720945061071959,https://openalex.org/W2319257943
2423,0,2,0,157,0.2894054373462191,0.000844696419439738,https://openalex.org/W2337007737
2424,0,2,0,124,0.28610893497492856,0.0007720945061071959,https://openalex.org/W2342146675
2425,0,2,0,124,0.28610893497492856,0.0007720945061071959,https://openalex.org/W2342834200
2427,0,2,0,124,0.28610893497492856,0.0007720945061071959,https://openalex.org/W2499527931
2430,0,2,0,124,0.28610893497492856,0.0007720945061071959,https://openalex.org/W2562274742
2431,0,2,0,124,0.28610893497492856,0.0007720945061071959,https://openalex.org/W2735521482
2433,0,2,0,124,0.28610893497492856,0.0007720945061071959,https://openalex.org/W2790939257
2436,0,2,0,124,0.28610893497492856,0.0007720945061071959,https://openalex.org/W2895396712
2438,0,2,0,124,0.28610893497492856,0.0007720945061071959,https://openalex.org/W2907099374
2439,0,2,0,124,0.28610893497492856,0.0007720945061071959,https://openalex.org/W2913004093
2440,0,2,0,124,0.28610893497492856,0.0007720945061071959,https://openalex.org/W2926842771
2441,0,2,0,124,0.28610893497492856,0.0007720945061071959,https://openalex.org/W2970111620
2442,0,2,0,124,0.28610893497492856,0.0007720945061071959,https://openalex.org/W2985414201
2444,0,2,0,169,0.2890169364235183,0.0008908229045865003,https://openalex.org/W3008408813
2450,0,2,0,124,0.28610893497492856,0.0007720945061071959,https://openalex.org/W4213182825
2451,0,2,0,124,0.28610893497492856,0.0007720945061071959,https://openalex.org/W4230245087
2614,0,2,0,159,0.28706263142484495,0.0007727021138703381,https://openalex.org/W1979290264
2925,0,2,0,157,0.2894054373462191,0.0008446964194397382,https://openalex.org/W2337007737
3029,0,2,0,59,0.26345228825809563,0.0002932068229748711,https://openalex.org/W1493697127
3031,0,2,0,59,0.26345228825809563,0.0002932068229748711,https://openalex.org/W1964457637
3032,0,2,0,87,0.2800480934647285,0.00035355395229629314,https://openalex.org/W1966809963
3035,0,2,0,59,0.26345228825809563,0.0002932068229748711,https://openalex.org/W196918020
3036,0,2,0,59,0.26345228825809563,0.0002932068229748711,https://openalex.org/W2019768290
3037,0,2,0,59,0.26345228825809563,0.0002932068229748711,https://openalex.org/W2036374152
3038,0,2,0,59,0.26345228825809563,0.0002932068229748711,https://openalex.org/W2041773052
3040,0,2,0,87,0.2800480934647285,0.00035355395229629314,https://openalex.org/W2049684062
3041,0,2,0,59,0.26345228825809563,0.0002932068229748711,https://openalex.org/W2054188415
3042,0,2,0,59,0.26345228825809563,0.0002932068229748711,https://openalex.org/W2058192450
3044,0,2,0,59,0.26345228825809563,0.0002932068229748711,https://openalex.org/W2067770983
3045,0,2,0,59,0.26345228825809563,0.0002932068229748711,https://openalex.org/W2072097891
3046,0,2,0,59,0.26345228825809563,0.0002932068229748711,https://openalex.org/W2084087864
3048,0,2,0,59,0.26345228825809563,0.0002932068229748711,https://openalex.org/W2136616869
3049,0,2,0,59,0.26345228825809563,0.0002932068229748711,https://openalex.org/W2150947082
3050,0,2,0,59,0.26345228825809563,0.0002932068229748711,https://openalex.org/W2191667220
3052,0,2,0,59,0.26345228825809563,0.0002932068229748711,https://openalex.org/W2517467528
3053,0,2,0,59,0.26345228825809563,0.0002932068229748711,https://openalex.org/W2520563541
3054,0,2,0,59,0.26345228825809563,0.0002932068229748711,https://openalex.org/W2595038737
3055,0,2,0,59,0.26345228825809563,0.0002932068229748711,https://openalex.org/W2607055259
3056,0,2,0,59,0.26345228825809563,0.0002932068229748711,https://openalex.org/W2608038063
3057,0,2,0,59,0.26345228825809563,0.0002932068229748711,https://openalex.org/W2625357912
3058,0,2,0,59,0.26345228825809563,0.0002932068229748711,https://openalex.org/W2751230173
3059,0,2,0,59,0.26345228825809563,0.0002932068229748711,https://openalex.org/W2886025008
3060,0,2,0,59,0.26345228825809563,0.0002932068229748711,https://openalex.org/W2913371361
3061,0,2,0,59,0.26345228825809563,0.0002932068229748711,https://openalex.org/W3007043333
3062,0,2,0,169,0.2890169364235183,0.0008908229045865003,https://openalex.org/W3008408813
3063,0,2,0,110,0.2869259999962753,0.004528817034525307,https://openalex.org/W3022423927
3064,0,2,0,59,0.26345228825809563,0.0002932068229748711,https://openalex.org/W4240686008
3065,0,2,0,59,0.26345228825809563,0.0002932068229748711,https://openalex.org/W824969609
3376,0,2,0,71,0.2721095630550575,0.00021922431893235854,https://openalex.org/W1513053840
3377,0,2,0,71,0.2721095630550575,0.00021922431893235854,https://openalex.org/W1548058282
3379,0,2,0,71,0.2721095630550575,0.00021922431893235854,https://openalex.org/W1973415313
3380,0,2,0,71,0.2721095630550575,0.00021922431893235854,https://openalex.org/W1974304387
3381,0,2,0,71,0.2721095630550575,0.00021922431893235854,https://openalex.org/W1976213964
3382,0,2,0,71,0.2721095630550575,0.00021922431893235854,https://openalex.org/W1985633821
3383,0,2,0,71,0.2721095630550575,0.00021922431893235854,https://openalex.org/W2006569063
3384,0,2,0,71,0.2721095630550575,0.00021922431893235854,https://openalex.org/W2020551625
3385,0,2,0,71,0.2721095630550575,0.00021922431893235854,https://openalex.org/W2021018230
3386,0,2,0,71,0.2721095630550575,0.00021922431893235854,https://openalex.org/W2021530870
3387,0,2,0,71,0.2721095630550575,0.00021922431893235854,https://openalex.org/W2029756149
3388,0,2,0,71,0.2721095630550575,0.00021922431893235854,https://openalex.org/W2031247145
3389,0,2,0,71,0.2721095630550575,0.00021922431893235854,https://openalex.org/W2032593994
3390,0,2,0,71,0.2721095630550575,0.00021922431893235854,https://openalex.org/W2033083594
3391,0,2,0,71,0.2721095630550575,0.00021922431893235854,https://openalex.org/W2038655904
3392,0,2,0,71,0.2721095630550575,0.00021922431893235854,https://openalex.org/W2044594882
3394,0,2,0,71,0.2721095630550575,0.00021922431893235854,https://openalex.org/W2045399603
3395,0,2,0,71,0.2721095630550575,0.00021922431893235854,https://openalex.org/W2049813862
3396,0,2,0,71,0.2721095630550575,0.00021922431893235854,https://openalex.org/W2053425713
3397,0,2,0,71,0.2721095630550575,0.00021922431893235854,https://openalex.org/W2054430194
3398,0,2,0,71,0.2721095630550575,0.00021922431893235854,https://openalex.org/W2060404644
3399,0,2,0,71,0.2721095630550575,0.00021922431893235854,https://openalex.org/W2060467469
3401,0,2,0,71,0.2721095630550575,0.00021922431893235854,https://openalex.org/W2065007674
3402,0,2,0,71,0.2721095630550575,0.00021922431893235854,https://openalex.org/W2070908688
3403,0,2,0,71,0.2721095630550575,0.00021922431893235854,https://openalex.org/W2070964665
3404,0,2,0,71,0.2721095630550575,0.00021922431893235854,https://openalex.org/W2076355871
3405,0,2,0,71,0.2721095630550575,0.00021922431893235854,https://openalex.org/W2076896921
3406,0,2,0,71,0.2721095630550575,0.00021922431893235854,https://openalex.org/W2080301258
3407,0,2,0,71,0.2721095630550575,0.00021922431893235854,https://openalex.org/W2095017107
3408,0,2,0,71,0.2721095630550575,0.00021922431893235854,https://openalex.org/W2095082311
3410,0,2,0,71,0.2721095630550575,0.00021922431893235854,https://openalex.org/W2120161853
3411,0,2,0,71,0.2721095630550575,0.00021922431893235854,https://openalex.org/W2130378535
3412,0,2,0,71,0.2721095630550575,0.00021922431893235854,https://openalex.org/W2131372615
3413,0,2,0,184,0.290101793066494,0.0008274461880497276,https://openalex.org/W2132183026
3414,0,2,0,71,0.2721095630550575,0.00021922431893235854,https://openalex.org/W2132539403
3415,0,2,0,71,0.2721095630550575,0.00021922431893235854,https://openalex.org/W2136283090
3416,0,2,0,71,0.2721095630550575,0.00021922431893235854,https://openalex.org/W2149090449
3417,0,2,0,71,0.2721095630550575,0.00021922431893235854,https://openalex.org/W2157815126
3418,0,2,0,71,0.2721095630550575,0.00021922431893235854,https://openalex.org/W2161085301
3419,0,2,0,71,0.2721095630550575,0.00021922431893235854,https://openalex.org/W2165127714
3420,0,2,0,71,0.2721095630550575,0.00021922431893235854,https://openalex.org/W2166777945
3421,0,2,0,71,0.2721095630550575,0.00021922431893235854,https://openalex.org/W2468762494
3422,0,2,0,71,0.2721095630550575,0.00021922431893235854,https://openalex.org/W2624300317
3423,0,2,0,71,0.2721095630550575,0.00021922431893235854,https://openalex.org/W2782672955
3424,0,2,0,71,0.2721095630550575,0.00021922431893235854,https://openalex.org/W2884093496
3425,0,2,0,71,0.2721095630550575,0.00021922431893235854,https://openalex.org/W3010647430
3426,0,2,0,71,0.2721095630550575,0.00021922431893235854,https://openalex.org/W3088637189
3427,0,2,0,71,0.2721095630550575,0.00021922431893235854,https://openalex.org/W3124406044
3428,0,2,0,71,0.2721095630550575,0.00021922431893235854,https://openalex.org/W4245198606
3430,0,2,0,71,0.2721095630550575,0.00021922431893235854,https://openalex.org/W764346744
3451,0,2,0,110,0.2869259999962753,0.004528817034525307,https://openalex.org/W3022423927
1199,0,2,0,105,0.2905772322337677,0.0001971871001211572,https://openalex.org/W1903517225
1404,0,2,0,144,0.26164562760077015,0.000112873220276707,https://openalex.org/W2143417015
1618,0,2,0,105,0.2905772322337677,0.0001971871001211572,https://openalex.org/W1903517225
1619,0,2,0,72,0.2587259768206757,0.00010018088207433815,https://openalex.org/W1943745580
1621,0,2,0,72,0.2587259768206757,0.00010018088207433815,https://openalex.org/W1984460816
1622,0,2,0,72,0.2587259768206757,0.00010018088207433815,https://openalex.org/W1985012197
1623,0,2,0,72,0.2587259768206757,0.00010018088207433815,https://openalex.org/W1999767733
1624,0,2,0,72,0.2587259768206757,0.00010018088207433815,https://openalex.org/W2002077960
1625,0,2,0,72,0.2587259768206757,0.00010018088207433815,https://openalex.org/W2006479550
1626,0,2,0,72,0.2587259768206757,0.00010018088207433815,https://openalex.org/W2019680541
1627,0,2,0,72,0.2587259768206757,0.00010018088207433815,https://openalex.org/W2019977955
1628,0,2,0,72,0.2587259768206757,0.00010018088207433815,https://openalex.org/W2022193896
1629,0,2,0,72,0.2587259768206757,0.00010018088207433815,https://openalex.org/W2041927436
1630,0,2,0,72,0.2587259768206757,0.00010018088207433815,https://openalex.org/W2048342163
1631,0,2,0,72,0.2587259768206757,0.00010018088207433815,https://openalex.org/W2062732607
1632,0,2,0,135,0.26377506169255904,0.00011916909335334821,https://openalex.org/W2064920814
1633,0,2,0,72,0.2587259768206757,0.00010018088207433815,https://openalex.org/W2074914263
1634,0,2,0,72,0.2587259768206757,0.00010018088207433815,https://openalex.org/W2076935871
1635,0,2,0,72,0.2587259768206757,0.00010018088207433815,https://openalex.org/W2076950612
1636,0,2,0,72,0.2587259768206757,0.00010018088207433815,https://openalex.org/W2081034705
1637,0,2,0,72,0.2587259768206757,0.00010018088207433815,https://openalex.org/W2084779920
1638,0,2,0,72,0.2587259768206757,0.00010018088207433815,https://openalex.org/W2097624604
1640,0,4,0,161,0.26890513247933556,0.00010043799218095526,https://openalex.org/W2099697766
1642,0,2,0,72,0.2587259768206757,0.00010018088207433815,https://openalex.org/W2102883492
1644,0,2,0,72,0.2587259768206757,0.00010018088207433815,https://openalex.org/W2119613677
1645,0,2,0,72,0.2587259768206757,0.00010018088207433815,https://openalex.org/W2122774972
1647,0,2,0,72,0.2587259768206757,0.00010018088207433815,https://openalex.org/W2127753873
1649,0,2,0,72,0.2587259768206757,0.00010018088207433815,https://openalex.org/W2136255495
1650,0,2,0,72,0.2587259768206757,0.00010018088207433815,https://openalex.org/W2140568160
1651,0,2,0,144,0.26164562760077015,0.00011287322027670703,https://openalex.org/W2143417015
1652,0,2,0,72,0.2587259768206757,0.00010018088207433815,https://openalex.org/W2143535194
1653,0,2,0,72,0.2587259768206757,0.00010018088207433815,https://openalex.org/W2148474051
1654,0,2,0,72,0.2587259768206757,0.00010018088207433815,https://openalex.org/W2165844264
1656,0,2,0,72,0.2587259768206757,0.00010018088207433815,https://openalex.org/W2170858220
1657,0,2,0,72,0.2587259768206757,0.00010018088207433815,https://openalex.org/W2252891115
1658,0,2,0,72,0.2587259768206757,0.00010018088207433815,https://openalex.org/W2513665405
1659,0,2,0,72,0.2587259768206757,0.00010018088207433815,https://openalex.org/W2601489336
1660,0,2,0,72,0.2587259768206757,0.00010018088207433815,https://openalex.org/W4233293307
1661,0,2,0,72,0.2587259768206757,0.00010018088207433815,https://openalex.org/W4240937236
1662,0,2,0,72,0.2587259768206757,0.00010018088207433815,https://openalex.org/W4241284477
1663,0,2,0,135,0.26377506169255904,0.00011916909335334821,https://openalex.org/W4254865137
2840,0,2,0,135,0.26377506169255904,0.00011916909335334821,https://openalex.org/W2064920814
2880,0,2,0,135,0.26377506169255904,0.00011916909335334821,https://openalex.org/W4254865137
1351,0,2,0,80,0.23323977636468868,2.7696868532199818e-05,https://openalex.org/W146357247
1353,0,2,0,80,0.23323977636468868,2.7696868532199818e-05,https://openalex.org/W1556067263
1354,0,2,0,80,0.23323977636468868,2.7696868532199818e-05,https://openalex.org/W1729472568
1355,0,2,0,80,0.23323977636468868,2.7696868532199818e-05,https://openalex.org/W1926404136
1357,0,2,0,80,0.23323977636468868,2.7696868532199818e-05,https://openalex.org/W1973208730
1358,0,2,0,80,0.23323977636468868,2.7696868532199818e-05,https://openalex.org/W1976069158
1359,0,2,0,80,0.23323977636468868,2.7696868532199818e-05,https://openalex.org/W1976483664
1360,0,2,0,80,0.23323977636468868,2.7696868532199818e-05,https://openalex.org/W1984211047
1361,0,2,0,80,0.23323977636468868,2.7696868532199818e-05,https://openalex.org/W1985760052
1362,0,2,0,80,0.23323977636468868,2.7696868532199818e-05,https://openalex.org/W1990682749
1363,0,2,0,80,0.23323977636468868,2.7696868532199818e-05,https://openalex.org/W1990801176
1364,0,2,0,80,0.23323977636468868,2.7696868532199818e-05,https://openalex.org/W1992810702
1365,0,2,0,80,0.23323977636468868,2.7696868532199818e-05,https://openalex.org/W1995506152
1366,0,2,0,80,0.23323977636468868,2.7696868532199818e-05,https://openalex.org/W1996600674
1367,0,2,0,80,0.23323977636468868,2.7696868532199818e-05,https://openalex.org/W2000949542
1368,0,2,0,80,0.23323977636468868,2.7696868532199818e-05,https://openalex.org/W2010658386
1369,0,2,0,80,0.23323977636468868,2.7696868532199818e-05,https://openalex.org/W2016699271
1370,0,2,0,80,0.23323977636468868,2.7696868532199818e-05,https://openalex.org/W2029073075
1371,0,2,0,80,0.23323977636468868,2.7696868532199818e-05,https://openalex.org/W2031226573
1372,0,2,0,80,0.23323977636468868,2.7696868532199818e-05,https://openalex.org/W2042507422
1373,0,2,0,80,0.23323977636468868,2.7696868532199818e-05,https://openalex.org/W2044002436
1374,0,2,0,80,0.23323977636468868,2.7696868532199818e-05,https://openalex.org/W2044551043
1375,0,2,0,80,0.23323977636468868,2.7696868532199818e-05,https://openalex.org/W2050366700
1376,0,2,0,80,0.23323977636468868,2.7696868532199818e-05,https://openalex.org/W2052702100
1377,0,2,0,80,0.23323977636468868,2.7696868532199818e-05,https://openalex.org/W2061539520
1378,0,2,0,80,0.23323977636468868,2.7696868532199818e-05,https://openalex.org/W2061836556
1379,0,2,0,80,0.23323977636468868,2.7696868532199818e-05,https://openalex.org/W2063048511
1380,0,2,0,80,0.23323977636468868,2.7696868532199818e-05,https://openalex.org/W2067965653
1381,0,2,0,80,0.23323977636468868,2.7696868532199818e-05,https://openalex.org/W2069274592
1382,0,2,0,80,0.23323977636468868,2.7696868532199818e-05,https://openalex.org/W2069340802
1383,0,2,0,80,0.23323977636468868,2.7696868532199818e-05,https://openalex.org/W2072377256
1384,0,2,0,80,0.23323977636468868,2.7696868532199818e-05,https://openalex.org/W2085829019
1385,0,2,0,80,0.23323977636468868,2.7696868532199818e-05,https://openalex.org/W2098971288
1386,0,2,0,80,0.23323977636468868,2.7696868532199818e-05,https://openalex.org/W2102059582
1387,0,2,0,80,0.23323977636468868,2.7696868532199818e-05,https://openalex.org/W2102574773
1388,0,2,0,80,0.23323977636468868,2.7696868532199818e-05,https://openalex.org/W2105204298
1389,0,2,0,80,0.23323977636468868,2.7696868532199818e-05,https://openalex.org/W2106183845
1390,0,2,0,80,0.23323977636468868,2.7696868532199818e-05,https://openalex.org/W2111063743
1391,0,2,0,80,0.23323977636468868,2.7696868532199818e-05,https://openalex.org/W2114176562
1392,0,2,0,80,0.23323977636468868,2.7696868532199818e-05,https://openalex.org/W2120088961
1393,0,2,0,80,0.23323977636468868,2.7696868532199818e-05,https://openalex.org/W2121297880
1394,0,2,0,80,0.23323977636468868,2.7696868532199818e-05,https://openalex.org/W2125966455
1395,0,2,0,80,0.23323977636468868,2.7696868532199818e-05,https://openalex.org/W2126404598
1396,0,2,0,80,0.23323977636468868,2.7696868532199818e-05,https://openalex.org/W2126450628
1397,0,2,0,80,0.23323977636468868,2.7696868532199818e-05,https://openalex.org/W2126556941
1398,0,2,0,80,0.23323977636468868,2.7696868532199818e-05,https://openalex.org/W2126616096
1400,0,2,0,123,0.28371212631408815,0.0003921160632973077,https://openalex.org/W2127429714
1401,0,2,0,80,0.23323977636468868,2.7696868532199818e-05,https://openalex.org/W2140360659
1402,0,2,0,80,0.23323977636468868,2.7696868532199818e-05,https://openalex.org/W2141864630
1403,0,2,0,80,0.23323977636468868,2.7696868532199818e-05,https://openalex.org/W2142376738
1405,0,2,0,80,0.23323977636468868,2.7696868532199818e-05,https://openalex.org/W2148482036
1406,0,2,0,80,0.23323977636468868,2.7696868532199818e-05,https://openalex.org/W2155355450
1407,0,2,0,80,0.23323977636468868,2.7696868532199818e-05,https://openalex.org/W2155411553
1408,0,2,0,80,0.23323977636468868,2.7696868532199818e-05,https://openalex.org/W2164019795
1409,0,2,0,80,0.23323977636468868,2.7696868532199818e-05,https://openalex.org/W2165758561
1410,0,2,0,80,0.23323977636468868,2.7696868532199818e-05,https://openalex.org/W2166886466
1411,0,2,0,80,0.23323977636468868,2.7696868532199818e-05,https://openalex.org/W2167483905
1412,0,2,0,80,0.23323977636468868,2.7696868532199818e-05,https://openalex.org/W2168536722
1413,0,2,0,80,0.23323977636468868,2.7696868532199818e-05,https://openalex.org/W2168980710
1414,0,2,0,80,0.23323977636468868,2.7696868532199818e-05,https://openalex.org/W2196906371
1415,0,2,0,80,0.23323977636468868,2.7696868532199818e-05,https://openalex.org/W2235155022
1416,0,2,0,80,0.23323977636468868,2.7696868532199818e-05,https://openalex.org/W2283702052
1417,0,2,0,80,0.23323977636468868,2.7696868532199818e-05,https://openalex.org/W2312515315
1418,0,2,0,80,0.23323977636468868,2.7696868532199818e-05,https://openalex.org/W2332202724
1419,0,2,0,80,0.23323977636468868,2.7696868532199818e-05,https://openalex.org/W2917462181
1420,0,2,0,80,0.23323977636468868,2.7696868532199818e-05,https://openalex.org/W3023363600
1421,0,2,0,80,0.23323977636468868,2.7696868532199818e-05,https://openalex.org/W4210442703
1422,0,2,0,80,0.23323977636468868,2.7696868532199818e-05,https://openalex.org/W87906273
2917,0,2,0,123,0.28371212631408815,0.0003921160632973077,https://openalex.org/W2127429714
1150,0,2,0,164,0.2915046063791946,0.0006521601478192215,https://openalex.org/W1206579674
1151,0,2,0,68,0.27203588718058413,0.00037309179355097307,https://openalex.org/W1514982086
1152,0,2,0,68,0.27203588718058413,0.00037309179355097307,https://openalex.org/W1676614517
1153,0,2,0,68,0.27203588718058413,0.00037309179355097307,https://openalex.org/W1898504652
1154,0,2,0,130,0.2741888137870347,0.00038654683965110703,https://openalex.org/W1919066392
1155,0,2,0,68,0.27203588718058413,0.00037309179355097307,https://openalex.org/W1928999099
1156,0,2,0,68,0.27203588718058413,0.00037309179355097307,https://openalex.org/W1983815358
1157,0,2,0,68,0.27203588718058413,0.00037309179355097307,https://openalex.org/W1993019966
1158,0,2,0,68,0.27203588718058413,0.00037309179355097307,https://openalex.org/W1993125030
1159,0,2,0,68,0.27203588718058413,0.00037309179355097307,https://openalex.org/W2004484865
1160,0,2,0,68,0.27203588718058413,0.00037309179355097307,https://openalex.org/W2016410988
1161,0,2,0,143,0.27451344535162775,0.0003901591360096145,https://openalex.org/W2017305439
1162,0,2,0,68,0.27203588718058413,0.00037309179355097307,https://openalex.org/W2025263030
1163,0,2,0,68,0.27203588718058413,0.00037309179355097307,https://openalex.org/W2029257938
1164,0,2,0,68,0.27203588718058413,0.00037309179355097307,https://openalex.org/W2064630040
1165,0,2,0,68,0.27203588718058413,0.00037309179355097307,https://openalex.org/W206984298
1166,0,2,0,68,0.27203588718058413,0.00037309179355097307,https://openalex.org/W2073565865
1167,0,2,0,68,0.27203588718058413,0.00037309179355097307,https://openalex.org/W2083081489
1168,0,2,0,68,0.27203588718058413,0.00037309179355097307,https://openalex.org/W2088591502
1169,0,2,0,68,0.27203588718058413,0.00037309179355097307,https://openalex.org/W2093401725
1170,0,2,0,68,0.27203588718058413,0.00037309179355097307,https://openalex.org/W2102571759
1171,0,2,0,105,0.27662973843253236,0.0006416823741651284,https://openalex.org/W2109691261
1172,0,2,0,122,0.2739894218671823,0.0003888660329757548,https://openalex.org/W2118826874
1173,0,2,0,68,0.27203588718058413,0.00037309179355097307,https://openalex.org/W2119247124
1174,0,2,0,105,0.27662973843253236,0.0006416823741651284,https://openalex.org/W2120086479
1175,0,2,0,68,0.27203588718058413,0.00037309179355097307,https://openalex.org/W2120296839
1176,0,2,0,68,0.27203588718058413,0.00037309179355097307,https://openalex.org/W2128566457
1177,0,2,0,68,0.27203588718058413,0.00037309179355097307,https://openalex.org/W2133853479
1178,0,2,0,68,0.27203588718058413,0.00037309179355097307,https://openalex.org/W2142614069
1179,0,2,0,68,0.27203588718058413,0.00037309179355097307,https://openalex.org/W2147108810
1180,0,2,0,68,0.27203588718058413,0.00037309179355097307,https://openalex.org/W2159418047
1181,0,2,0,68,0.27203588718058413,0.00037309179355097307,https://openalex.org/W2163544197
1182,0,2,0,68,0.27203588718058413,0.00037309179355097307,https://openalex.org/W2167431261
1183,0,2,0,68,0.27203588718058413,0.00037309179355097307,https://openalex.org/W2171757565
1184,0,2,0,68,0.27203588718058413,0.00037309179355097307,https://openalex.org/W2196992866
1185,0,2,0,68,0.27203588718058413,0.00037309179355097307,https://openalex.org/W2305988413
1186,0,2,0,68,0.27203588718058413,0.00037309179355097307,https://openalex.org/W2323186622
1187,0,2,0,68,0.27203588718058413,0.00037309179355097307,https://openalex.org/W2410074437
1188,0,2,0,68,0.27203588718058413,0.00037309179355097307,https://openalex.org/W2471451311
1189,0,2,0,68,0.27203588718058413,0.00037309179355097307,https://openalex.org/W2728369642
1190,0,2,0,68,0.27203588718058413,0.00037309179355097307,https://openalex.org/W2905409886
1191,0,2,0,68,0.27203588718058413,0.00037309179355097307,https://openalex.org/W340969800
1192,0,2,0,140,0.2904092523326787,0.0004918238218824928,https://openalex.org/W4237907507
1195,0,2,0,68,0.27203588718058413,0.00037309179355097307,https://openalex.org/W621893463
1218,0,2,0,140,0.2904092523326787,0.0004918238218824928,https://openalex.org/W4237907507
1268,0,10,0,101,0.30381590867461666,0.007430733768506641,https://openalex.org/W12129681
1269,0,10,0,101,0.30381590867461666,0.007430733768506641,https://openalex.org/W1480100320
1270,0,10,0,101,0.30381590867461666,0.007430733768506641,https://openalex.org/W1483561745
1271,0,10,0,101,0.30381590867461666,0.007430733768506641,https://openalex.org/W1515855135
1272,0,10,0,101,0.30381590867461666,0.007430733768506641,https://openalex.org/W1532410992
1273,0,10,0,101,0.30381590867461666,0.007430733768506641,https://openalex.org/W1557252649
1274,0,10,0,101,0.30381590867461666,0.007430733768506641,https://openalex.org/W1593160556
1275,0,10,0,285,0.3143349285598991,0.027441338764653996,https://openalex.org/W1597832510
1276,0,10,0,101,0.30381590867461666,0.007430733768506641,https://openalex.org/W1613666090
1277,0,10,0,101,0.30381590867461666,0.007430733768506641,https://openalex.org/W1652632544
1278,0,10,0,101,0.30381590867461666,0.007430733768506641,https://openalex.org/W1820071378
1279,0,10,0,101,0.30381590867461666,0.007430733768506641,https://openalex.org/W1973114546
1280,0,10,0,101,0.30381590867461666,0.007430733768506641,https://openalex.org/W1973494718
1281,0,10,0,101,0.30381590867461666,0.007430733768506641,https://openalex.org/W1975445210
1282,0,10,0,101,0.30381590867461666,0.007430733768506641,https://openalex.org/W1980839770
1283,0,10,0,157,0.3101942605702246,0.014491336113056473,https://openalex.org/W1986074170
1284,0,10,0,203,0.3135827746526084,0.013805581692482083,https://openalex.org/W1993823660
1285,0,10,0,101,0.30381590867461666,0.007430733768506641,https://openalex.org/W1996327737
1286,0,10,0,101,0.30381590867461666,0.007430733768506641,https://openalex.org/W2001336906
1287,0,1,1,335,0.31598255896434346,0.042336919206372704,https://openalex.org/W2006274337
1288,0,10,0,101,0.30381590867461666,0.007430733768506641,https://openalex.org/W2007956292
1289,0,10,0,101,0.30381590867461666,0.007430733768506641,https://openalex.org/W2023962513
1290,0,10,0,174,0.31263952182977617,0.012626847993818982,https://openalex.org/W2042415200
1291,0,10,0,101,0.30381590867461666,0.007430733768506641,https://openalex.org/W2060032216
1292,0,10,0,101,0.30381590867461666,0.007430733768506641,https://openalex.org/W2074541224
1293,0,10,0,101,0.30381590867461666,0.007430733768506641,https://openalex.org/W2076628734
1294,0,10,0,203,0.3135827746526084,0.013805581692482083,https://openalex.org/W2078437399
1295,0,10,0,101,0.30381590867461666,0.007430733768506641,https://openalex.org/W2080783041
1296,0,10,0,101,0.30381590867461666,0.007430733768506641,https://openalex.org/W2083888759
1297,0,10,0,101,0.30381590867461666,0.007430733768506641,https://openalex.org/W2091527661
1298,0,10,0,134,0.30885927143773667,0.008847432350249899,https://openalex.org/W2092624798
1299,0,10,0,101,0.30381590867461666,0.007430733768506641,https://openalex.org/W2134010133
1300,0,10,0,101,0.30381590867461666,0.007430733768506641,https://openalex.org/W2145210094
1301,0,10,0,101,0.30381590867461666,0.007430733768506641,https://openalex.org/W2146036279
1302,0,10,0,101,0.30381590867461666,0.007430733768506641,https://openalex.org/W2156708077
1303,0,10,0,101,0.30381590867461666,0.007430733768506641,https://openalex.org/W2167212860
1304,0,10,0,222,0.3122832190179105,0.020996543429314746,https://openalex.org/W2168272791
1305,0,1,1,560,0.3295241751351123,0.0657709270228186,https://openalex.org/W2179587568
1306,0,10,0,101,0.30381590867461666,0.007430733768506641,https://openalex.org/W2198409141
1307,0,10,0,101,0.30381590867461666,0.007430733768506641,https://openalex.org/W2480815214
1308,0,10,0,101,0.30381590867461666,0.007430733768506641,https://openalex.org/W2587215102
1309,0,10,0,101,0.30381590867461666,0.007430733768506641,https://openalex.org/W2825658141
1310,0,10,0,101,0.30381590867461666,0.007430733768506641,https://openalex.org/W2890574509
1311,0,10,0,101,0.30381590867461666,0.007430733768506641,https://openalex.org/W296595544
1312,0,10,0,101,0.30381590867461666,0.007430733768506641,https://openalex.org/W3014505770
1313,0,10,0,101,0.30381590867461666,0.007430733768506641,https://openalex.org/W3178252631
1314,0,10,0,101,0.30381590867461666,0.007430733768506641,https://openalex.org/W4235127186
1315,0,10,0,101,0.30381590867461666,0.007430733768506641,https://openalex.org/W4249806943
1317,0,10,0,101,0.30381590867461666,0.007430733768506641,https://openalex.org/W4301769941
1318,0,10,0,101,0.30381590867461666,0.007430733768506641,https://openalex.org/W563544229
1319,0,10,0,101,0.30381590867461666,0.007430733768506641,https://openalex.org/W627821050
1320,0,1,1,537,0.3308262133641611,0.05884591636318303,https://openalex.org/W634430281
1323,0,2,0,164,0.2915046063791946,0.0006521601478192215,https://openalex.org/W1206579674
1333,0,2,0,105,0.27662973843253236,0.0006416823741651284,https://openalex.org/W2109691261
1335,0,2,0,105,0.27662973843253236,0.0006416823741651284,https://openalex.org/W2120086479
1447,0,10,0,157,0.3101942605702246,0.014491336113056473,https://openalex.org/W1986074170
1495,0,1,1,560,0.3295241751351123,0.0657709270228186,https://openalex.org/W2179587568
1518,0,1,1,560,0.3295241751351123,0.0657709270228186,https://openalex.org/W2179587568
1532,0,1,1,537,0.3308262133641611,0.05884591636318303,https://openalex.org/W634430281
1538,0,1,1,335,0.31598255896434346,0.042336919206372704,https://openalex.org/W2006274337
1555,0,1,1,560,0.3295241751351123,0.0657709270228186,https://openalex.org/W2179587568
1664,0,10,0,46,0.2880777625882512,0.0011474414502787723,https://openalex.org/W124394790
1665,0,10,0,46,0.2880777625882512,0.0011474414502787723,https://openalex.org/W1425736203
1666,0,10,0,46,0.2880777625882512,0.0011474414502787723,https://openalex.org/W1446504491
1667,0,10,0,46,0.2880777625882512,0.0011474414502787723,https://openalex.org/W1588681995
1668,0,10,0,46,0.2880777625882512,0.0011474414502787723,https://openalex.org/W1929782295
1669,0,10,0,46,0.2880777625882512,0.0011474414502787723,https://openalex.org/W1975391969
1670,0,10,0,46,0.2880777625882512,0.0011474414502787723,https://openalex.org/W1983882636
1671,0,10,0,46,0.2880777625882512,0.0011474414502787723,https://openalex.org/W2024957938
1672,0,10,0,46,0.2880777625882512,0.0011474414502787723,https://openalex.org/W2090509539
1673,0,10,0,46,0.2880777625882512,0.0011474414502787723,https://openalex.org/W2092505975
1674,0,10,0,46,0.2880777625882512,0.0011474414502787723,https://openalex.org/W2096644291
1675,0,10,0,46,0.2880777625882512,0.0011474414502787723,https://openalex.org/W2098660853
1676,0,10,0,46,0.2880777625882512,0.0011474414502787723,https://openalex.org/W2104719820
1677,0,10,0,46,0.2880777625882512,0.0011474414502787723,https://openalex.org/W2109549141
1678,0,10,0,46,0.2880777625882512,0.0011474414502787723,https://openalex.org/W2110000531
1679,0,10,0,46,0.2880777625882512,0.0011474414502787723,https://openalex.org/W2122429912
1680,0,10,0,46,0.2880777625882512,0.0011474414502787723,https://openalex.org/W2133707754
1681,0,10,0,46,0.2880777625882512,0.0011474414502787723,https://openalex.org/W2157759970
1682,0,10,0,46,0.2880777625882512,0.0011474414502787723,https://openalex.org/W2168367179
1683,0,10,0,46,0.2880777625882512,0.0011474414502787723,https://openalex.org/W2247997571
1684,0,10,0,46,0.2880777625882512,0.0011474414502787723,https://openalex.org/W2408784058
1685,0,10,0,46,0.2880777625882512,0.0011474414502787723,https://openalex.org/W2410712129
1686,0,10,0,46,0.2880777625882512,0.0011474414502787723,https://openalex.org/W2411322515
1687,0,10,0,46,0.2880777625882512,0.0011474414502787723,https://openalex.org/W2463010065
1688,0,10,0,46,0.2880777625882512,0.0011474414502787723,https://openalex.org/W2503715547
1689,0,10,0,46,0.2880777625882512,0.0011474414502787723,https://openalex.org/W2916927902
1690,0,10,0,46,0.2880777625882512,0.0011474414502787723,https://openalex.org/W3128912306
1691,0,10,0,46,0.2880777625882512,0.0011474414502787723,https://openalex.org/W4254865371
1713,0,1,1,560,0.3295241751351123,0.0657709270228186,https://openalex.org/W2179587568
1727,0,1,1,537,0.3308262133641611,0.05884591636318303,https://openalex.org/W634430281
1818,0,1,1,560,0.3295241751351123,0.0657709270228186,https://openalex.org/W2179587568
1829,0,10,0,203,0.3135827746526084,0.013805581692482083,https://openalex.org/W1993823660
1831,0,1,1,335,0.31598255896434346,0.042336919206372704,https://openalex.org/W2006274337
1835,0,10,0,203,0.3135827746526084,0.013805581692482083,https://openalex.org/W2078437399
1836,0,10,0,134,0.30885927143773667,0.008847432350249897,https://openalex.org/W2092624798
1853,0,1,1,537,0.3308262133641611,0.05884591636318303,https://openalex.org/W634430281
1857,0,10,0,285,0.3143349285598991,0.027441338764653996,https://openalex.org/W1597832510
1885,0,1,1,560,0.3295241751351123,0.0657709270228186,https://openalex.org/W2179587568
1976,0,2,0,130,0.2741888137870347,0.00038654683965110703,https://openalex.org/W1919066392
1983,0,2,0,143,0.27451344535162775,0.0003901591360096145,https://openalex.org/W2017305439
2376,0,2,0,140,0.2904092523326787,0.0004918238218824928,https://openalex.org/W4237907507
2823,0,2,0,164,0.2915046063791946,0.0006521601478192215,https://openalex.org/W1206579674
2906,0,2,0,44,0.2687133484854125,0.00036688489763564343,https://openalex.org/W1533887339
2907,0,2,0,44,0.2687133484854125,0.00036688489763564343,https://openalex.org/W1873063852
2908,0,2,0,44,0.2687133484854125,0.00036688489763564343,https://openalex.org/W1967649176
2909,0,2,0,44,0.2687133484854125,0.00036688489763564343,https://openalex.org/W1979305378
2910,0,2,0,44,0.2687133484854125,0.00036688489763564343,https://openalex.org/W2009503341
2911,0,2,0,44,0.2687133484854125,0.00036688489763564343,https://openalex.org/W2038327547
2913,0,2,0,44,0.2687133484854125,0.00036688489763564343,https://openalex.org/W2045180938
2915,0,2,0,44,0.2687133484854125,0.00036688489763564343,https://openalex.org/W2066475428
2916,0,2,0,44,0.2687133484854125,0.00036688489763564343,https://openalex.org/W2104871900
2918,0,2,0,44,0.2687133484854125,0.00036688489763564343,https://openalex.org/W2129094238
2920,0,2,0,44,0.2687133484854125,0.00036688489763564343,https://openalex.org/W2171421253
2921,0,2,0,44,0.2687133484854125,0.00036688489763564343,https://openalex.org/W2216079545
2922,0,2,0,44,0.2687133484854125,0.00036688489763564343,https://openalex.org/W2268258742
2923,0,2,0,44,0.2687133484854125,0.00036688489763564343,https://openalex.org/W2318202834
2924,0,2,0,44,0.2687133484854125,0.00036688489763564343,https://openalex.org/W2319383337
2926,0,2,0,44,0.2687133484854125,0.00036688489763564343,https://openalex.org/W2521971721
2927,0,2,0,44,0.2687133484854125,0.00036688489763564343,https://openalex.org/W2560508358
2928,0,2,0,44,0.2687133484854125,0.00036688489763564343,https://openalex.org/W2763766763
2929,0,2,0,44,0.2687133484854125,0.00036688489763564343,https://openalex.org/W2887056599
2930,0,2,0,44,0.2687133484854125,0.00036688489763564343,https://openalex.org/W2943983291
2931,0,2,0,44,0.2687133484854125,0.00036688489763564343,https://openalex.org/W3006549594
2932,0,2,0,44,0.2687133484854125,0.00036688489763564343,https://openalex.org/W3078133258
2933,0,2,0,44,0.2687133484854125,0.00036688489763564343,https://openalex.org/W4239738488
1093,0,5,5,58,0.2075151552468759,7.078245739567879e-06,https://openalex.org/W1489103109
1094,0,5,5,58,0.2075151552468759,7.078245739567879e-06,https://openalex.org/W1489267873
1095,0,5,5,58,0.2075151552468759,7.078245739567879e-06,https://openalex.org/W1530852141
1096,0,5,5,58,0.2075151552468759,7.078245739567879e-06,https://openalex.org/W169646937
1097,0,5,5,58,0.2075151552468759,7.078245739567879e-06,https://openalex.org/W1744790774
1098,0,5,5,58,0.2075151552468759,7.078245739567879e-06,https://openalex.org/W1969431473
1099,0,5,5,58,0.2075151552468759,7.078245739567879e-06,https://openalex.org/W1977646181
1100,0,5,5,58,0.2075151552468759,7.078245739567879e-06,https://openalex.org/W1985102577
1101,0,5,5,58,0.2075151552468759,7.078245739567879e-06,https://openalex.org/W1987010373
1102,0,5,5,58,0.2075151552468759,7.078245739567879e-06,https://openalex.org/W1987168563
1103,0,5,5,116,0.20941830264440162,1.7296898734731156e-05,https://openalex.org/W1989621340
1104,0,5,5,58,0.2075151552468759,7.078245739567879e-06,https://openalex.org/W1994261170
1105,0,5,5,58,0.2075151552468759,7.078245739567879e-06,https://openalex.org/W1998703787
1106,0,5,5,58,0.2075151552468759,7.078245739567879e-06,https://openalex.org/W2004340020
1107,0,5,5,58,0.2075151552468759,7.078245739567879e-06,https://openalex.org/W2019174556
1108,0,5,5,58,0.2075151552468759,7.078245739567879e-06,https://openalex.org/W2021179973
1109,0,5,5,58,0.2075151552468759,7.078245739567879e-06,https://openalex.org/W2022848219
1110,0,5,5,58,0.2075151552468759,7.078245739567879e-06,https://openalex.org/W2024394362
1111,0,5,5,58,0.2075151552468759,7.078245739567879e-06,https://openalex.org/W2026738852
1112,0,5,5,58,0.2075151552468759,7.078245739567879e-06,https://openalex.org/W2030196224
1114,0,5,5,58,0.2075151552468759,7.078245739567879e-06,https://openalex.org/W2035653580
1115,0,5,5,58,0.2075151552468759,7.078245739567879e-06,https://openalex.org/W2040238076
1116,0,5,5,58,0.2075151552468759,7.078245739567879e-06,https://openalex.org/W2051617963
1117,0,5,5,58,0.2075151552468759,7.078245739567879e-06,https://openalex.org/W2069775582
1118,0,5,5,58,0.2075151552468759,7.078245739567879e-06,https://openalex.org/W2074703312
1119,0,5,5,58,0.2075151552468759,7.078245739567879e-06,https://openalex.org/W2075882258
1120,0,5,5,58,0.2075151552468759,7.078245739567879e-06,https://openalex.org/W2079485636
1121,0,5,5,58,0.2075151552468759,7.078245739567879e-06,https://openalex.org/W2089975905
1122,0,5,5,58,0.2075151552468759,7.078245739567879e-06,https://openalex.org/W2093742107
1123,0,5,5,58,0.2075151552468759,7.078245739567879e-06,https://openalex.org/W2093958818
1124,0,5,5,58,0.2075151552468759,7.078245739567879e-06,https://openalex.org/W2098971497
1125,0,5,5,58,0.2075151552468759,7.078245739567879e-06,https://openalex.org/W2103248107
1126,0,5,5,58,0.2075151552468759,7.078245739567879e-06,https://openalex.org/W2105612093
1127,0,5,5,58,0.2075151552468759,7.078245739567879e-06,https://openalex.org/W2108926053
1128,0,5,5,58,0.2075151552468759,7.078245739567879e-06,https://openalex.org/W2111348693
1129,0,5,5,58,0.2075151552468759,7.078245739567879e-06,https://openalex.org/W2113623377
1130,0,5,5,58,0.2075151552468759,7.078245739567879e-06,https://openalex.org/W2113900035
1131,0,5,5,58,0.2075151552468759,7.078245739567879e-06,https://openalex.org/W2118219814
1132,0,5,5,58,0.2075151552468759,7.078245739567879e-06,https://openalex.org/W2119721601
1133,0,5,5,58,0.2075151552468759,7.078245739567879e-06,https://openalex.org/W2123323895
1134,0,5,5,58,0.2075151552468759,7.078245739567879e-06,https://openalex.org/W2125539455
1135,0,5,5,58,0.2075151552468759,7.078245739567879e-06,https://openalex.org/W2126828663
1136,0,5,5,58,0.2075151552468759,7.078245739567879e-06,https://openalex.org/W2127627121
1137,0,5,5,58,0.2075151552468759,7.078245739567879e-06,https://openalex.org/W2142550036
1138,0,5,5,58,0.2075151552468759,7.078245739567879e-06,https://openalex.org/W2147853917
1139,0,5,5,58,0.2075151552468759,7.078245739567879e-06,https://openalex.org/W2148703987
1140,0,5,5,58,0.2075151552468759,7.078245739567879e-06,https://openalex.org/W2159363440
1141,0,5,5,58,0.2075151552468759,7.078245739567879e-06,https://openalex.org/W2484892980
1142,0,5,5,58,0.2075151552468759,7.078245739567879e-06,https://openalex.org/W2732820790
1143,0,5,5,58,0.2075151552468759,7.078245739567879e-06,https://openalex.org/W2771496641
1144,0,5,5,58,0.2075151552468759,7.078245739567879e-06,https://openalex.org/W3112099726
1145,0,5,5,58,0.2075151552468759,7.078245739567879e-06,https://openalex.org/W420832075
1146,0,5,5,58,0.2075151552468759,7.078245739567879e-06,https://openalex.org/W4230386111
1147,0,5,5,58,0.2075151552468759,7.078245739567879e-06,https://openalex.org/W4234953068
1148,0,5,5,58,0.2075151552468759,7.078245739567879e-06,https://openalex.org/W4235226435
1149,0,5,5,58,0.2075151552468759,7.078245739567879e-06,https://openalex.org/W4253734165
1322,0,2,0,46,0.24828316556514599,0.0002908290255978958,https://openalex.org/W110954331
1325,0,2,0,46,0.24828316556514599,0.0002908290255978958,https://openalex.org/W1499170180
1326,0,2,0,46,0.24828316556514599,0.0002908290255978958,https://openalex.org/W1583820034
1327,0,2,0,46,0.24828316556514599,0.0002908290255978958,https://openalex.org/W1930541572
1328,0,2,0,46,0.24828316556514599,0.0002908290255978958,https://openalex.org/W1983124432
1329,0,2,0,46,0.24828316556514599,0.0002908290255978958,https://openalex.org/W1984615306
1330,0,2,0,46,0.24828316556514599,0.0002908290255978958,https://openalex.org/W1993861281
1331,0,2,0,46,0.24828316556514599,0.0002908290255978958,https://openalex.org/W2016227990
1332,0,2,0,46,0.24828316556514599,0.0002908290255978958,https://openalex.org/W2087278229
1334,0,2,0,46,0.24828316556514599,0.0002908290255978958,https://openalex.org/W2115988342
1336,0,2,0,46,0.24828316556514599,0.0002908290255978958,https://openalex.org/W2133327824
1337,0,2,0,46,0.24828316556514599,0.0002908290255978958,https://openalex.org/W2149386585
1338,0,2,0,46,0.24828316556514599,0.0002908290255978958,https://openalex.org/W2153196582
1339,0,2,0,46,0.24828316556514599,0.0002908290255978958,https://openalex.org/W2153625321
1340,0,2,0,46,0.24828316556514599,0.0002908290255978958,https://openalex.org/W2170219130
1341,0,2,0,105,0.2623744455049506,0.00030130679925198875,https://openalex.org/W2181127550
1342,0,2,0,46,0.24828316556514599,0.0002908290255978958,https://openalex.org/W2249595199
1343,0,2,0,174,0.26453902316665545,0.00031433703216145865,https://openalex.org/W2333387201
1344,0,2,0,115,0.2502206234402185,0.00030385925850736565,https://openalex.org/W2345211139
1345,0,2,0,115,0.2502206234402185,0.00030385925850736565,https://openalex.org/W2395166509
1346,0,2,0,151,0.26400609879660786,0.00031061488254095776,https://openalex.org/W2417351459
1347,0,2,0,46,0.24828316556514599,0.0002908290255978958,https://openalex.org/W2580441036
1348,0,2,0,46,0.24828316556514599,0.0002908290255978958,https://openalex.org/W3015634246
1349,0,2,0,46,0.24828316556514599,0.0002908290255978958,https://openalex.org/W3098349105
2005,0,2,0,174,0.26453902316665545,0.00031433703216145865,https://openalex.org/W2333387201
2006,0,2,0,115,0.2502206234402185,0.00030385925850736565,https://openalex.org/W2345211139
2007,0,2,0,115,0.2502206234402185,0.00030385925850736565,https://openalex.org/W2395166509
2824,0,2,0,70,0.2384241124791071,2.53801083671532e-05,https://openalex.org/W1507482897
2825,0,2,0,70,0.2384241124791071,2.53801083671532e-05,https://openalex.org/W152461920
2826,0,2,0,70,0.2384241124791071,2.53801083671532e-05,https://openalex.org/W1540050425
2827,0,2,0,70,0.2384241124791071,2.53801083671532e-05,https://openalex.org/W1799097789
2828,0,2,0,70,0.2384241124791071,2.53801083671532e-05,https://openalex.org/W1838363598
2829,0,2,0,70,0.2384241124791071,2.53801083671532e-05,https://openalex.org/W1881762375
2830,0,2,0,70,0.2384241124791071,2.53801083671532e-05,https://openalex.org/W1975831560
2831,0,2,0,70,0.2384241124791071,2.53801083671532e-05,https://openalex.org/W1983994076
2832,0,2,0,70,0.2384241124791071,2.53801083671532e-05,https://openalex.org/W1992513089
2833,0,2,0,70,0.2384241124791071,2.53801083671532e-05,https://openalex.org/W2002751278
2834,0,2,0,70,0.2384241124791071,2.53801083671532e-05,https://openalex.org/W2005593502
2835,0,2,0,70,0.2384241124791071,2.53801083671532e-05,https://openalex.org/W2010632490
2836,0,2,0,70,0.2384241124791071,2.53801083671532e-05,https://openalex.org/W2035342780
2837,0,2,0,70,0.2384241124791071,2.53801083671532e-05,https://openalex.org/W2041037522
2838,0,2,0,70,0.2384241124791071,2.53801083671532e-05,https://openalex.org/W2057166657
2839,0,2,0,70,0.2384241124791071,2.53801083671532e-05,https://openalex.org/W2057902960
2841,0,2,0,70,0.2384241124791071,2.53801083671532e-05,https://openalex.org/W2065511922
2842,0,2,0,70,0.2384241124791071,2.53801083671532e-05,https://openalex.org/W2066843032
2843,0,2,0,70,0.2384241124791071,2.53801083671532e-05,https://openalex.org/W2067652354
2844,0,2,0,70,0.2384241124791071,2.53801083671532e-05,https://openalex.org/W2068014865
2845,0,2,0,70,0.2384241124791071,2.53801083671532e-05,https://openalex.org/W2068918102
2846,0,2,0,70,0.2384241124791071,2.53801083671532e-05,https://openalex.org/W2074730690
2848,0,2,0,70,0.2384241124791071,2.53801083671532e-05,https://openalex.org/W2108594494
2849,0,2,0,70,0.2384241124791071,2.53801083671532e-05,https://openalex.org/W2118135510
2850,0,2,0,70,0.2384241124791071,2.53801083671532e-05,https://openalex.org/W2128569464
2851,0,2,0,70,0.2384241124791071,2.53801083671532e-05,https://openalex.org/W2129058274
2852,0,2,0,105,0.2623744455049506,0.00030130679925198875,https://openalex.org/W2181127550
2853,0,2,0,70,0.2384241124791071,2.53801083671532e-05,https://openalex.org/W2199670351
2854,0,2,0,70,0.2384241124791071,2.53801083671532e-05,https://openalex.org/W2298504533
2855,0,2,0,70,0.2384241124791071,2.53801083671532e-05,https://openalex.org/W2313408612
2856,0,2,0,174,0.26453902316665545,0.00031433703216145865,https://openalex.org/W2333387201
2857,0,2,0,70,0.2384241124791071,2.53801083671532e-05,https://openalex.org/W2335074027
2858,0,2,0,70,0.2384241124791071,2.53801083671532e-05,https://openalex.org/W2343245455
2859,0,2,0,70,0.2384241124791071,2.53801083671532e-05,https://openalex.org/W2409330545
2860,0,2,0,151,0.26400609879660786,0.00031061488254095776,https://openalex.org/W2417351459
2861,0,2,0,70,0.2384241124791071,2.53801083671532e-05,https://openalex.org/W2418583469
2862,0,2,0,70,0.2384241124791071,2.53801083671532e-05,https://openalex.org/W2426354393
2863,0,2,0,70,0.2384241124791071,2.53801083671532e-05,https://openalex.org/W2558404025
2864,0,2,0,70,0.2384241124791071,2.53801083671532e-05,https://openalex.org/W2575872108
2865,0,2,0,70,0.2384241124791071,2.53801083671532e-05,https://openalex.org/W2604108882
2866,0,2,0,70,0.2384241124791071,2.53801083671532e-05,https://openalex.org/W2617133394
2867,0,2,0,70,0.2384241124791071,2.53801083671532e-05,https://openalex.org/W2750650824
2868,0,2,0,70,0.2384241124791071,2.53801083671532e-05,https://openalex.org/W2765731874
2869,0,2,0,70,0.2384241124791071,2.53801083671532e-05,https://openalex.org/W2773847129
2870,0,2,0,70,0.2384241124791071,2.53801083671532e-05,https://openalex.org/W2783614816
2871,0,2,0,70,0.2384241124791071,2.53801083671532e-05,https://openalex.org/W2788236387
2872,0,2,0,70,0.2384241124791071,2.53801083671532e-05,https://openalex.org/W2801022021
2873,0,2,0,70,0.2384241124791071,2.53801083671532e-05,https://openalex.org/W2806331545
2874,0,2,0,70,0.2384241124791071,2.53801083671532e-05,https://openalex.org/W2807640090
2875,0,2,0,70,0.2384241124791071,2.53801083671532e-05,https://openalex.org/W2901150668
2876,0,2,0,70,0.2384241124791071,2.53801083671532e-05,https://openalex.org/W2911174794
2877,0,2,0,70,0.2384241124791071,2.53801083671532e-05,https://openalex.org/W2922407379
2878,0,2,0,70,0.2384241124791071,2.53801083671532e-05,https://openalex.org/W2948003103
2879,0,2,0,70,0.2384241124791071,2.53801083671532e-05,https://openalex.org/W2982449524
1974,0,2,0,81,0.22441796068504744,2.5617615895298268e-05,https://openalex.org/W1552089836
1975,0,2,0,81,0.22441796068504744,2.5617615895298268e-05,https://openalex.org/W1893551219
1977,0,2,0,66,0.22416760597656346,1.9561724219148323e-05,https://openalex.org/W1968184192
1978,0,2,0,81,0.22441796068504744,2.5617615895298268e-05,https://openalex.org/W1981722146
1979,0,2,0,66,0.22416760597656346,1.9561724219148323e-05,https://openalex.org/W1982331055
1980,0,2,0,81,0.22441796068504744,2.5617615895298268e-05,https://openalex.org/W1982986492
1981,0,2,0,66,0.22416760597656346,1.9561724219148323e-05,https://openalex.org/W1999378012
1982,0,2,0,66,0.22416760597656346,1.9561724219148323e-05,https://openalex.org/W2007909468
1984,0,2,0,66,0.22416760597656346,1.9561724219148323e-05,https://openalex.org/W2026889509
1985,0,2,0,81,0.22441796068504744,2.5617615895298268e-05,https://openalex.org/W2045333532
1986,0,2,0,106,0.22483646352087663,2.5670082282911167e-05,https://openalex.org/W2048889445
1987,0,2,0,91,0.22458517472325998,1.9614190606761205e-05,https://openalex.org/W2050853935
1988,0,2,0,66,0.22416760597656346,1.9561724219148323e-05,https://openalex.org/W2054942922
1989,0,2,0,81,0.22441796068504744,2.5617615895298268e-05,https://openalex.org/W2064569513
1990,0,2,0,81,0.22441796068504744,2.5617615895298268e-05,https://openalex.org/W2070195344
1991,0,2,0,91,0.22458517472325998,1.9614190606761205e-05,https://openalex.org/W2099276202
1992,0,2,0,66,0.22416760597656346,1.9561724219148323e-05,https://openalex.org/W2099358297
1993,0,2,0,81,0.22441796068504744,2.5617615895298268e-05,https://openalex.org/W2107750653
1994,0,2,0,91,0.22458517472325998,1.9614190606761205e-05,https://openalex.org/W2109297286
1995,0,2,0,66,0.22416760597656346,1.9561724219148323e-05,https://openalex.org/W2109437022
1996,0,2,0,81,0.22441796068504744,2.5617615895298268e-05,https://openalex.org/W2116594433
1997,0,2,0,81,0.22441796068504744,2.5617615895298268e-05,https://openalex.org/W2117939261
1998,0,2,0,66,0.22416760597656346,1.9561724219148323e-05,https://openalex.org/W2137189412
1999,0,2,0,81,0.22441796068504744,2.5617615895298268e-05,https://openalex.org/W2142916408
2000,0,2,0,66,0.22416760597656346,1.9561724219148323e-05,https://openalex.org/W2143299550
2001,0,2,0,66,0.22416760597656346,1.9561724219148323e-05,https://openalex.org/W2148398261
2002,0,2,0,81,0.22441796068504744,2.5617615895298268e-05,https://openalex.org/W2160237435
2003,0,2,0,66,0.22416760597656346,1.9561724219148323e-05,https://openalex.org/W2167642276
2004,0,2,0,66,0.22416760597656346,1.9561724219148323e-05,https://openalex.org/W2258892815
2008,0,2,0,81,0.22441796068504744,2.5617615895298268e-05,https://openalex.org/W3123723057
2009,0,2,0,66,0.22416760597656346,1.9561724219148323e-05,https://openalex.org/W4229662400
2010,0,2,0,66,0.22416760597656346,1.9561724219148323e-05,https://openalex.org/W4230604384
2011,0,2,0,81,0.22441796068504744,2.5617615895298268e-05,https://openalex.org/W639695655
1197,0,2,0,34,0.2683306000143214,9.825175999640886e-05,https://openalex.org/W1486048587
1198,0,2,0,34,0.2683306000143214,9.825175999640886e-05,https://openalex.org/W1515739822
1202,0,2,0,34,0.2683306000143214,9.825175999640886e-05,https://openalex.org/W1971717521
1203,0,2,0,34,0.2683306000143214,9.825175999640886e-05,https://openalex.org/W2034215952
1205,0,2,0,34,0.2683306000143214,9.825175999640886e-05,https://openalex.org/W2054833997
1206,0,2,0,34,0.2683306000143214,9.825175999640886e-05,https://openalex.org/W2063761201
1207,0,2,0,34,0.2683306000143214,9.825175999640886e-05,https://openalex.org/W2087241587
1208,0,2,0,34,0.2683306000143214,9.825175999640886e-05,https://openalex.org/W2089581066
1209,0,2,0,34,0.2683306000143214,9.825175999640886e-05,https://openalex.org/W2100101054
1210,0,2,0,34,0.2683306000143214,9.825175999640886e-05,https://openalex.org/W2101136254
1212,0,2,0,34,0.2683306000143214,9.825175999640886e-05,https://openalex.org/W2117016852
1213,0,2,0,34,0.2683306000143214,9.825175999640886e-05,https://openalex.org/W2141653641
1215,0,2,0,34,0.2683306000143214,9.825175999640886e-05,https://openalex.org/W2150943872
1216,0,2,0,34,0.2683306000143214,9.825175999640886e-05,https://openalex.org/W2164876057
1217,0,2,0,34,0.2683306000143214,9.825175999640886e-05,https://openalex.org/W2167571044
1219,0,2,0,34,0.2683306000143214,9.825175999640886e-05,https://openalex.org/W607965328
2343,0,2,0,42,0.23504036415789709,2.9757335044134516e-05,https://openalex.org/W1537335868
2345,0,2,0,42,0.23504036415789709,2.9757335044134516e-05,https://openalex.org/W1915195141
2346,0,2,0,42,0.23504036415789709,2.9757335044134516e-05,https://openalex.org/W1963995935
2347,0,2,0,42,0.23504036415789709,2.9757335044134516e-05,https://openalex.org/W1966038045
2348,0,2,0,42,0.23504036415789709,2.9757335044134516e-05,https://openalex.org/W1982268246
2350,0,2,0,42,0.23504036415789709,2.9757335044134516e-05,https://openalex.org/W2004721174
2351,0,2,0,42,0.23504036415789709,2.9757335044134516e-05,https://openalex.org/W2005862637
2352,0,2,0,42,0.23504036415789709,2.9757335044134516e-05,https://openalex.org/W2008125245
2353,0,2,0,42,0.23504036415789709,2.9757335044134516e-05,https://openalex.org/W2018522328
2354,0,2,0,42,0.23504036415789709,2.9757335044134516e-05,https://openalex.org/W2026193172
2355,0,2,0,42,0.23504036415789709,2.9757335044134516e-05,https://openalex.org/W2030812241
2356,0,2,0,42,0.23504036415789709,2.9757335044134516e-05,https://openalex.org/W2043969823
2357,0,2,0,42,0.23504036415789709,2.9757335044134516e-05,https://openalex.org/W2051295329
2358,0,2,0,42,0.23504036415789709,2.9757335044134516e-05,https://openalex.org/W2064982810
2359,0,2,0,42,0.23504036415789709,2.9757335044134516e-05,https://openalex.org/W2072585783
2360,0,2,0,42,0.23504036415789709,2.9757335044134516e-05,https://openalex.org/W2100689838
2361,0,2,0,42,0.23504036415789709,2.9757335044134516e-05,https://openalex.org/W2106107478
2362,0,2,0,42,0.23504036415789709,2.9757335044134516e-05,https://openalex.org/W2108075771
2363,0,2,0,42,0.23504036415789709,2.9757335044134516e-05,https://openalex.org/W2120194660
2364,0,2,0,42,0.23504036415789709,2.9757335044134516e-05,https://openalex.org/W2121502773
2365,0,2,0,42,0.23504036415789709,2.9757335044134516e-05,https://openalex.org/W2123512552
2366,0,2,0,42,0.23504036415789709,2.9757335044134516e-05,https://openalex.org/W2128963424
2368,0,2,0,42,0.23504036415789709,2.9757335044134516e-05,https://openalex.org/W2148868091
2370,0,2,0,42,0.23504036415789709,2.9757335044134516e-05,https://openalex.org/W2254913968
2371,0,2,0,42,0.23504036415789709,2.9757335044134516e-05,https://openalex.org/W2521314010
2373,0,2,0,42,0.23504036415789709,2.9757335044134516e-05,https://openalex.org/W2811269522
2374,0,2,0,42,0.23504036415789709,2.9757335044134516e-05,https://openalex.org/W2970609571
2375,0,2,0,42,0.23504036415789709,2.9757335044134516e-05,https://openalex.org/W3012294145
2377,0,2,0,42,0.23504036415789709,2.9757335044134516e-05,https://openalex.org/W4301020783
1460,0,0,1,544,0.31105857894333044,0.059490039647459934,https://openalex.org/W2473740239
1462,0,0,1,422,0.3055095915224886,0.04614971780650229,https://openalex.org/W2600903472
1467,0,0,1,158,0.27270040983994137,0.01318928835569036,https://openalex.org/W1565446748
1473,0,0,1,214,0.2784184029152847,0.015560057190807637,https://openalex.org/W2037427175
1482,0,0,1,544,0.31105857894333044,0.059490039647459934,https://openalex.org/W2473740239
1484,0,0,1,422,0.3055095915224886,0.04614971780650229,https://openalex.org/W2600903472
1521,0,0,1,544,0.31105857894333044,0.059490039647459934,https://openalex.org/W2473740239
1528,0,1,1,538,0.30952532655174286,0.06341487974190806,https://openalex.org/W2895429420
1560,0,1,1,393,0.30051422033508196,0.048977992074595404,https://openalex.org/W2444482132
1561,0,0,1,544,0.31105857894333044,0.059490039647459934,https://openalex.org/W2473740239
1578,0,1,1,538,0.30952532655174286,0.06341487974190806,https://openalex.org/W2895429420
1602,0,11,4,127,0.26861755903759665,0.0065926750660818415,https://openalex.org/W2136608905
1714,0,11,4,395,0.3050458081126275,0.042412408473562944,https://openalex.org/W2292304140
1724,0,1,1,538,0.30952532655174286,0.06341487974190806,https://openalex.org/W2895429420
1823,0,1,1,538,0.30952532655174286,0.06341487974190806,https://openalex.org/W2895429420
1840,0,11,4,146,0.270740827266763,0.010312984708289698,https://openalex.org/W2162561274
2272,0,1,1,306,0.2794768317070813,0.04272666894691253,https://openalex.org/W2145702257
2464,0,0,1,214,0.2784184029152847,0.015560057190807637,https://openalex.org/W2037427175
2656,0,1,1,306,0.2794768317070813,0.04272666894691253,https://openalex.org/W2145702257
2763,0,1,1,306,0.2794768317070813,0.04272666894691253,https://openalex.org/W2145702257
3317,0,0,1,158,0.27270040983994137,0.01318928835569036,https://openalex.org/W1565446748
3318,0,11,4,95,0.26733105365506626,0.006588068976969212,https://openalex.org/W1976770755
3319,0,11,4,95,0.26733105365506626,0.006588068976969212,https://openalex.org/W1980699138
3320,0,11,4,95,0.26733105365506626,0.006588068976969212,https://openalex.org/W1985326609
3321,0,11,4,95,0.26733105365506626,0.006588068976969212,https://openalex.org/W2033115215
3324,0,11,4,95,0.26733105365506626,0.006588068976969212,https://openalex.org/W2068842112
3325,0,11,4,95,0.26733105365506626,0.006588068976969212,https://openalex.org/W2072415954
3326,0,11,4,95,0.26733105365506626,0.006588068976969212,https://openalex.org/W2078965693
3327,0,11,4,95,0.26733105365506626,0.006588068976969212,https://openalex.org/W2093274439
3328,0,11,4,95,0.26733105365506626,0.006588068976969212,https://openalex.org/W2110448405
3329,0,11,4,95,0.26733105365506626,0.006588068976969212,https://openalex.org/W2112870319
3330,0,11,4,127,0.26861755903759665,0.0065926750660818415,https://openalex.org/W2136608905
3331,0,11,4,95,0.26733105365506626,0.006588068976969212,https://openalex.org/W2148540129
3333,0,11,4,95,0.26733105365506626,0.006588068976969212,https://openalex.org/W2169451986
3334,0,11,4,95,0.26733105365506626,0.006588068976969212,https://openalex.org/W2205773782
3335,0,11,4,95,0.26733105365506626,0.006588068976969212,https://openalex.org/W2233782536
3336,0,11,4,95,0.26733105365506626,0.006588068976969212,https://openalex.org/W2276809784
3338,0,11,4,95,0.26733105365506626,0.006588068976969212,https://openalex.org/W2321202012
3339,0,11,4,95,0.26733105365506626,0.006588068976969212,https://openalex.org/W2339747272
3342,0,11,4,95,0.26733105365506626,0.006588068976969212,https://openalex.org/W2534656414
3343,0,11,4,95,0.26733105365506626,0.006588068976969212,https://openalex.org/W2573851627
3344,0,11,4,95,0.26733105365506626,0.006588068976969212,https://openalex.org/W2606713185
3345,0,11,4,95,0.26733105365506626,0.006588068976969212,https://openalex.org/W2626457885
3346,0,11,4,95,0.26733105365506626,0.006588068976969212,https://openalex.org/W276182885
3347,0,11,4,95,0.26733105365506626,0.006588068976969212,https://openalex.org/W2767764270
3348,0,11,4,95,0.26733105365506626,0.006588068976969212,https://openalex.org/W2768157720
3349,0,11,4,95,0.26733105365506626,0.006588068976969212,https://openalex.org/W2768589836
3350,0,11,4,95,0.26733105365506626,0.006588068976969212,https://openalex.org/W2770838391
3351,0,11,4,95,0.26733105365506626,0.006588068976969212,https://openalex.org/W2779713897
3352,0,11,4,95,0.26733105365506626,0.006588068976969212,https://openalex.org/W2889390844
3354,0,11,4,95,0.26733105365506626,0.006588068976969212,https://openalex.org/W2901838796
3356,0,11,4,95,0.26733105365506626,0.006588068976969212,https://openalex.org/W2924983935
3357,0,11,4,95,0.26733105365506626,0.006588068976969212,https://openalex.org/W2926479909
3358,0,11,4,95,0.26733105365506626,0.006588068976969212,https://openalex.org/W2977269025
3359,0,11,4,95,0.26733105365506626,0.006588068976969212,https://openalex.org/W3005987891
3360,0,11,4,95,0.26733105365506626,0.006588068976969212,https://openalex.org/W3034773021
3361,0,11,4,95,0.26733105365506626,0.006588068976969212,https://openalex.org/W3035440658
3362,0,11,4,95,0.26733105365506626,0.006588068976969212,https://openalex.org/W3038513886
3363,0,11,4,95,0.26733105365506626,0.006588068976969212,https://openalex.org/W3107962433
3364,0,11,4,95,0.26733105365506626,0.006588068976969212,https://openalex.org/W3112458229
3365,0,11,4,95,0.26733105365506626,0.006588068976969212,https://openalex.org/W3120952101
3366,0,11,4,95,0.26733105365506626,0.006588068976969212,https://openalex.org/W3139397134
3367,0,11,4,95,0.26733105365506626,0.006588068976969212,https://openalex.org/W3162993738
3368,0,11,4,95,0.26733105365506626,0.006588068976969212,https://openalex.org/W3182744572
3369,0,11,4,95,0.26733105365506626,0.006588068976969212,https://openalex.org/W3202384160
3370,0,11,4,95,0.26733105365506626,0.006588068976969212,https://openalex.org/W3209913186
3371,0,11,4,95,0.26733105365506626,0.006588068976969212,https://openalex.org/W4223582104
3372,0,11,4,95,0.26733105365506626,0.006588068976969212,https://openalex.org/W4235600110
3373,0,11,4,95,0.26733105365506626,0.006588068976969212,https://openalex.org/W4239194331
3375,0,11,4,95,0.26733105365506626,0.006588068976969212,https://openalex.org/W4285259258
3431,0,11,4,52,0.2674496566069984,0.004264003874150462,https://openalex.org/W1991196338
3432,0,11,4,52,0.2674496566069984,0.004264003874150462,https://openalex.org/W2019027659
3434,0,11,4,52,0.2674496566069984,0.004264003874150462,https://openalex.org/W2072674802
3435,0,11,4,52,0.2674496566069984,0.004264003874150462,https://openalex.org/W2143709617
3436,0,1,1,306,0.2794768317070813,0.04272666894691253,https://openalex.org/W2145702257
3437,0,11,4,52,0.2674496566069984,0.004264003874150462,https://openalex.org/W2161649330
3438,0,11,4,52,0.2674496566069984,0.004264003874150462,https://openalex.org/W2301604999
3440,0,11,4,52,0.2674496566069984,0.004264003874150462,https://openalex.org/W2515383246
3441,0,11,4,52,0.2674496566069984,0.004264003874150462,https://openalex.org/W2548878303
3443,0,11,4,52,0.2674496566069984,0.004264003874150462,https://openalex.org/W2887717200
3444,0,11,4,52,0.2674496566069984,0.004264003874150462,https://openalex.org/W2890892407
3445,0,11,4,52,0.2674496566069984,0.004264003874150462,https://openalex.org/W2902173239
3446,0,11,4,52,0.2674496566069984,0.004264003874150462,https://openalex.org/W2904388137
3447,0,11,4,52,0.2674496566069984,0.004264003874150462,https://openalex.org/W2913488604
3449,0,11,4,52,0.2674496566069984,0.004264003874150462,https://openalex.org/W2955324337
3450,0,11,4,52,0.2674496566069984,0.004264003874150462,https://openalex.org/W2989617484
3453,0,11,4,52,0.2674496566069984,0.004264003874150462,https://openalex.org/W4220886784
3455,0,11,4,52,0.2674496566069984,0.004264003874150462,https://openalex.org/W4254679495
1446,0,0,1,533,0.27823849625781155,0.06447386884360878,https://openalex.org/W1917627399
1470,0,0,1,533,0.27823849625781155,0.06447386884360878,https://openalex.org/W1917627399
1486,0,0,1,144,0.2615548099584235,0.012045158027726223,https://openalex.org/W4246903376
1487,0,1,1,496,0.2987568272337072,0.0640636743741205,https://openalex.org/W11141269
1489,0,0,1,533,0.27823849625781155,0.06447386884360878,https://openalex.org/W1917627399
1490,0,1,1,496,0.2987568272337072,0.0640636743741205,https://openalex.org/W2020115725
1500,0,1,1,373,0.2741888137870347,0.05330529915789657,https://openalex.org/W2894683557
1503,0,0,1,510,0.29164563424875395,0.05990653930259641,https://openalex.org/W2895509011
1506,0,1,1,496,0.2987568272337072,0.0640636743741205,https://openalex.org/W11141269
1509,0,0,1,533,0.27823849625781155,0.06447386884360878,https://openalex.org/W1917627399
1511,0,1,1,496,0.2987568272337072,0.0640636743741205,https://openalex.org/W2020115725
1517,0,1,1,458,0.2976357884823612,0.06090885359768359,https://openalex.org/W2165340505
1523,0,11,4,219,0.26148673808977807,0.029919062999693043,https://openalex.org/W2611260254
1529,0,0,1,510,0.29164563424875395,0.05990653930259641,https://openalex.org/W2895509011
1533,0,1,1,496,0.2987568272337072,0.0640636743741205,https://openalex.org/W11141269
1536,0,0,1,533,0.27823849625781155,0.06447386884360878,https://openalex.org/W1917627399
1539,0,1,1,496,0.2987568272337072,0.0640636743741205,https://openalex.org/W2020115725
1553,0,1,1,458,0.2976357884823612,0.06090885359768359,https://openalex.org/W2165340505
1572,0,1,1,373,0.2741888137870347,0.05330529915789657,https://openalex.org/W2894683557
1694,0,1,1,496,0.2987568272337072,0.0640636743741205,https://openalex.org/W11141269
1697,0,0,1,533,0.27823849625781155,0.06447386884360878,https://openalex.org/W1917627399
1702,0,1,1,496,0.2987568272337072,0.0640636743741205,https://openalex.org/W2020115725
1711,0,1,1,458,0.2976357884823612,0.06090885359768359,https://openalex.org/W2165340505
1721,0,1,1,373,0.2741888137870347,0.05330529915789657,https://openalex.org/W2894683557
1805,0,1,1,496,0.2987568272337072,0.0640636743741205,https://openalex.org/W11141269
1808,0,0,1,533,0.27823849625781155,0.06447386884360878,https://openalex.org/W1917627399
1810,0,1,1,496,0.2987568272337072,0.0640636743741205,https://openalex.org/W2020115725
1817,0,1,1,458,0.2976357884823612,0.06090885359768359,https://openalex.org/W2165340505
1821,0,1,1,373,0.2741888137870347,0.05330529915789657,https://openalex.org/W2894683557
1824,0,0,1,510,0.29164563424875395,0.05990653930259641,https://openalex.org/W2895509011
1854,0,1,1,496,0.2987568272337072,0.0640636743741205,https://openalex.org/W11141269
1855,0,0,14,122,0.2560664030210579,0.01841876166668406,https://openalex.org/W1517154901
1856,0,0,14,122,0.2560664030210579,0.01841876166668406,https://openalex.org/W1574166664
1858,0,0,1,533,0.27823849625781155,0.06447386884360878,https://openalex.org/W1917627399
1859,0,0,14,122,0.2560664030210579,0.01841876166668406,https://openalex.org/W1964151488
1860,0,0,14,122,0.2560664030210579,0.01841876166668406,https://openalex.org/W1965118268
1861,0,1,1,261,0.26695223009130037,0.03767142767469499,https://openalex.org/W1975611478
1862,0,0,14,122,0.2560664030210579,0.01841876166668406,https://openalex.org/W1990572330
1863,0,0,14,122,0.2560664030210579,0.01841876166668406,https://openalex.org/W1991390577
1864,0,0,14,122,0.2560664030210579,0.01841876166668406,https://openalex.org/W2009430924
1865,0,1,1,496,0.2987568272337072,0.0640636743741205,https://openalex.org/W2020115725
1866,0,0,14,122,0.2560664030210579,0.01841876166668406,https://openalex.org/W2020961339
1867,0,1,1,192,0.2619412209925152,0.027453616707968146,https://openalex.org/W2035360716
1868,0,1,1,223,0.28438132181912185,0.03334053941115596,https://openalex.org/W2039648153
1869,0,0,14,122,0.2560664030210579,0.01841876166668406,https://openalex.org/W2045576870
1870,0,0,14,122,0.2560664030210579,0.01841876166668406,https://openalex.org/W2047582079
1871,0,0,14,122,0.2560664030210579,0.01841876166668406,https://openalex.org/W2061903813
1872,0,0,14,122,0.2560664030210579,0.01841876166668406,https://openalex.org/W2068368131
1873,0,0,14,122,0.2560664030210579,0.01841876166668406,https://openalex.org/W2073873126
1874,0,0,14,122,0.2560664030210579,0.01841876166668406,https://openalex.org/W2074040514
1875,0,0,14,122,0.2560664030210579,0.01841876166668406,https://openalex.org/W2106217555
1876,0,0,14,122,0.2560664030210579,0.01841876166668406,https://openalex.org/W2120765246
1877,0,0,14,122,0.2560664030210579,0.01841876166668406,https://openalex.org/W2126422123
1878,0,0,14,122,0.2560664030210579,0.01841876166668406,https://openalex.org/W2129439742
1880,0,0,14,122,0.2560664030210579,0.01841876166668406,https://openalex.org/W2137725544
1881,0,0,4,251,0.2780844755015105,0.03245287734945426,https://openalex.org/W2141406633
1882,0,0,14,122,0.2560664030210579,0.01841876166668406,https://openalex.org/W2141789817
1883,0,0,14,122,0.2560664030210579,0.01841876166668406,https://openalex.org/W2144568428
1884,0,1,1,458,0.2976357884823612,0.06090885359768359,https://openalex.org/W2165340505
1886,0,0,14,122,0.2560664030210579,0.01841876166668406,https://openalex.org/W2182977133
1887,0,0,14,122,0.2560664030210579,0.01841876166668406,https://openalex.org/W2270819606
1889,0,0,14,122,0.2560664030210579,0.01841876166668406,https://openalex.org/W2513715513
1890,0,0,14,122,0.2560664030210579,0.01841876166668406,https://openalex.org/W2537147608
1891,0,0,14,122,0.2560664030210579,0.01841876166668406,https://openalex.org/W2543739454
1892,0,0,14,122,0.2560664030210579,0.01841876166668406,https://openalex.org/W2616452585
1893,0,0,14,122,0.2560664030210579,0.01841876166668406,https://openalex.org/W2618096841
1894,0,0,14,122,0.2560664030210579,0.01841876166668406,https://openalex.org/W2792467716
1895,0,1,1,373,0.2741888137870347,0.05330529915789657,https://openalex.org/W2894683557
1896,0,0,1,510,0.29164563424875395,0.05990653930259641,https://openalex.org/W2895509011
2064,0,1,1,496,0.2987568272337072,0.0640636743741205,https://openalex.org/W11141269
2069,0,0,1,533,0.27823849625781155,0.06447386884360878,https://openalex.org/W1917627399
2072,0,1,1,261,0.26695223009130037,0.03767142767469499,https://openalex.org/W1975611478
2075,0,1,1,496,0.2987568272337072,0.0640636743741205,https://openalex.org/W2020115725
2076,0,1,1,192,0.2619412209925152,0.027453616707968146,https://openalex.org/W2035360716
2088,0,1,1,458,0.2976357884823612,0.06090885359768359,https://openalex.org/W2165340505
2168,0,1,1,496,0.2987568272337072,0.0640636743741205,https://openalex.org/W11141269
2170,0,0,1,533,0.27823849625781155,0.06447386884360878,https://openalex.org/W1917627399
2171,0,1,1,496,0.2987568272337072,0.0640636743741205,https://openalex.org/W2020115725
2182,0,1,1,458,0.2976357884823612,0.06090885359768359,https://openalex.org/W2165340505
2253,0,1,1,496,0.2987568272337072,0.0640636743741205,https://openalex.org/W11141269
2258,0,0,1,533,0.27823849625781155,0.06447386884360878,https://openalex.org/W1917627399
2262,0,1,1,496,0.2987568272337072,0.0640636743741205,https://openalex.org/W2020115725
2274,0,1,1,458,0.2976357884823612,0.06090885359768359,https://openalex.org/W2165340505
2453,0,11,4,78,0.2565240536136913,0.0045812458166867,https://openalex.org/W136427863
2454,0,11,4,78,0.2565240536136913,0.0045812458166867,https://openalex.org/W1597255911
2456,0,11,4,78,0.2565240536136913,0.0045812458166867,https://openalex.org/W1612018705
2457,0,11,4,78,0.2565240536136913,0.0045812458166867,https://openalex.org/W166739243
2458,0,11,4,78,0.2565240536136913,0.0045812458166867,https://openalex.org/W1974361061
2459,0,11,4,78,0.2565240536136913,0.0045812458166867,https://openalex.org/W2009253377
2460,0,11,4,78,0.2565240536136913,0.0045812458166867,https://openalex.org/W2010163891
2461,0,11,4,78,0.2565240536136913,0.0045812458166867,https://openalex.org/W2016118277
2462,0,11,4,78,0.2565240536136913,0.0045812458166867,https://openalex.org/W2020137493
2463,0,11,4,78,0.2565240536136913,0.0045812458166867,https://openalex.org/W2025802167
2466,0,11,4,78,0.2565240536136913,0.0045812458166867,https://openalex.org/W2054335145
2467,0,11,4,78,0.2565240536136913,0.0045812458166867,https://openalex.org/W2058085582
2468,0,11,4,78,0.2565240536136913,0.0045812458166867,https://openalex.org/W2070042123
2469,0,11,4,78,0.2565240536136913,0.0045812458166867,https://openalex.org/W2083887734
2470,0,11,4,78,0.2565240536136913,0.0045812458166867,https://openalex.org/W2112289462
2471,0,11,4,155,0.2608756820115001,0.011138472114197844,https://openalex.org/W2117560801
2472,0,1,1,220,0.28780269549898524,0.02794700664928116,https://openalex.org/W2120718788
2473,0,11,4,78,0.2565240536136913,0.0045812458166867,https://openalex.org/W2122062477
2474,0,11,4,78,0.2565240536136913,0.0045812458166867,https://openalex.org/W2125644205
2475,0,11,4,78,0.2565240536136913,0.0045812458166867,https://openalex.org/W2128689084
2476,0,11,4,78,0.2565240536136913,0.0045812458166867,https://openalex.org/W2138319807
2477,0,11,4,78,0.2565240536136913,0.0045812458166867,https://openalex.org/W2141209791
2478,0,11,4,78,0.2565240536136913,0.0045812458166867,https://openalex.org/W2149863573
2479,0,11,4,78,0.2565240536136913,0.0045812458166867,https://openalex.org/W2150058950
2480,0,11,4,78,0.2565240536136913,0.0045812458166867,https://openalex.org/W2150645335
2481,0,11,4,78,0.2565240536136913,0.0045812458166867,https://openalex.org/W2158544761
2482,0,11,4,78,0.2565240536136913,0.0045812458166867,https://openalex.org/W2168496940
2483,0,11,4,78,0.2565240536136913,0.0045812458166867,https://openalex.org/W2200642569
2485,0,11,4,78,0.2565240536136913,0.0045812458166867,https://openalex.org/W2569169597
2486,0,11,4,78,0.2565240536136913,0.0045812458166867,https://openalex.org/W2584689206
2488,0,11,4,78,0.2565240536136913,0.0045812458166867,https://openalex.org/W2605494996
2489,0,11,4,219,0.26148673808977807,0.029919062999693043,https://openalex.org/W2611260254
2490,0,11,4,78,0.2565240536136913,0.0045812458166867,https://openalex.org/W2735682340
2491,0,11,4,78,0.2565240536136913,0.0045812458166867,https://openalex.org/W2766173179
2492,0,11,4,155,0.2608756820115001,0.011138472114197844,https://openalex.org/W2768220913
2493,0,11,4,232,0.2617819723780504,0.030694029927487338,https://openalex.org/W2791662370
2494,0,11,4,78,0.2565240536136913,0.0045812458166867,https://openalex.org/W2883088368
2496,0,11,4,155,0.2608756820115001,0.011138472114197844,https://openalex.org/W2922334049
2497,0,11,4,78,0.2565240536136913,0.0045812458166867,https://openalex.org/W4234413915
2498,0,0,1,144,0.2615548099584235,0.012045158027726223,https://openalex.org/W4246903376
2499,0,11,4,78,0.2565240536136913,0.0045812458166867,https://openalex.org/W4297888485
2642,0,1,1,496,0.2987568272337072,0.0640636743741205,https://openalex.org/W11141269
2644,0,0,1,533,0.27823849625781155,0.06447386884360878,https://openalex.org/W1917627399
2646,0,1,1,261,0.26695223009130037,0.03767142767469499,https://openalex.org/W1975611478
2648,0,1,1,496,0.2987568272337072,0.0640636743741205,https://openalex.org/W2020115725
2658,0,1,1,458,0.2976357884823612,0.06090885359768359,https://openalex.org/W2165340505
2665,0,11,4,232,0.2617819723780504,0.030694029927487338,https://openalex.org/W2791662370
2666,0,1,1,373,0.2741888137870347,0.05330529915789657,https://openalex.org/W2894683557
2747,0,1,1,496,0.2987568272337072,0.0640636743741205,https://openalex.org/W11141269
2751,0,0,1,533,0.27823849625781155,0.06447386884360878,https://openalex.org/W1917627399
2755,0,1,1,496,0.2987568272337072,0.0640636743741205,https://openalex.org/W2020115725
1448,0,0,4,305,0.2794768317070813,0.036354761790782106,https://openalex.org/W2014191564
1449,0,0,4,57,0.24945440949771347,0.007151436569434471,https://openalex.org/W2014826037
1450,0,0,4,57,0.24945440949771347,0.007151436569434471,https://openalex.org/W2059225186
1451,0,0,4,57,0.24945440949771347,0.007151436569434471,https://openalex.org/W2063085086
1452,0,0,4,57,0.24945440949771347,0.007151436569434471,https://openalex.org/W2094436282
1453,0,0,4,57,0.24945440949771347,0.007151436569434471,https://openalex.org/W2097613086
1454,0,0,4,57,0.24945440949771347,0.007151436569434471,https://openalex.org/W2099984802
1455,0,0,4,57,0.24945440949771347,0.007151436569434471,https://openalex.org/W2117253984
1456,0,0,4,57,0.24945440949771347,0.007151436569434471,https://openalex.org/W2122405077
1457,0,0,4,57,0.24945440949771347,0.007151436569434471,https://openalex.org/W2141125801
1458,0,0,4,57,0.24945440949771347,0.007151436569434471,https://openalex.org/W2162098119
1459,0,0,4,57,0.24945440949771347,0.007151436569434471,https://openalex.org/W2419228228
1461,0,0,4,57,0.24945440949771347,0.007151436569434471,https://openalex.org/W2474552435
1463,0,0,4,57,0.24945440949771347,0.007151436569434471,https://openalex.org/W2774486220
1464,0,0,4,57,0.24945440949771347,0.007151436569434471,https://openalex.org/W2803521814
1465,0,0,1,244,0.2799180562742266,0.023056274927866303,https://openalex.org/W2994327762
1466,0,0,4,57,0.24945440949771347,0.007151436569434471,https://openalex.org/W4231733018
1485,0,0,1,244,0.2799180562742266,0.023056274927866303,https://openalex.org/W2994327762
1832,0,0,4,305,0.2794768317070813,0.036354761790782106,https://openalex.org/W2014191564
1850,0,0,1,244,0.2799180562742266,0.023056274927866303,https://openalex.org/W2994327762
1483,0,0,1,315,0.27289792937626733,0.04065177864512807,https://openalex.org/W2549607117
1497,0,0,1,315,0.27289792937626733,0.04065177864512807,https://openalex.org/W2549607117
1519,0,11,1,211,0.25689573254588527,0.029001077274688526,https://openalex.org/W2283157884
1569,0,1,1,419,0.2891000987877299,0.05363352476158411,https://openalex.org/W2770367788
1719,0,1,1,419,0.2891000987877299,0.05363352476158411,https://openalex.org/W2770367788
1828,0,10,4,52,0.24875444664198004,0.003789556037907677,https://openalex.org/W1521061950
1830,0,10,4,52,0.24875444664198004,0.003789556037907677,https://openalex.org/W2003313129
1833,0,10,4,52,0.24875444664198004,0.003789556037907677,https://openalex.org/W2054882319
1834,0,10,4,52,0.24875444664198004,0.003789556037907677,https://openalex.org/W2076646346
1837,0,10,4,52,0.24875444664198004,0.003789556037907677,https://openalex.org/W2096764881
1838,0,10,4,52,0.24875444664198004,0.003789556037907677,https://openalex.org/W2098758387
1839,0,0,4,169,0.2759964865818947,0.01708266067002029,https://openalex.org/W2113293388
1841,0,10,4,52,0.24875444664198004,0.003789556037907677,https://openalex.org/W2163714049
1842,0,10,4,52,0.24875444664198004,0.003789556037907677,https://openalex.org/W2168638648
1843,0,10,4,52,0.24875444664198004,0.003789556037907677,https://openalex.org/W2489611042
1844,0,10,4,52,0.24875444664198004,0.003789556037907677,https://openalex.org/W2514447125
1845,0,10,4,52,0.24875444664198004,0.003789556037907677,https://openalex.org/W2534486386
1846,0,10,4,52,0.24875444664198004,0.003789556037907677,https://openalex.org/W2586757216
1847,0,10,4,52,0.24875444664198004,0.003789556037907677,https://openalex.org/W2730718946
1848,0,0,4,217,0.2787273562013013,0.018983049553664783,https://openalex.org/W2755884504
1849,0,10,4,52,0.24875444664198004,0.003789556037907677,https://openalex.org/W2792865352
1851,0,10,4,52,0.24875444664198004,0.003789556037907677,https://openalex.org/W3151980590
1852,0,10,4,52,0.24875444664198004,0.003789556037907677,https://openalex.org/W565231934
2191,0,0,1,315,0.27289792937626733,0.04065177864512807,https://openalex.org/W2549607117
1491,0,1,1,244,0.2665509046658005,0.04045155525670526,https://openalex.org/W2074938072
1493,0,1,1,382,0.2954187621249507,0.05514611966969541,https://openalex.org/W2137086357
1496,0,1,1,447,0.2973128457250811,0.060723738969744645,https://openalex.org/W2327090251
1499,0,1,1,413,0.29631907490767523,0.05833011918071051,https://openalex.org/W2791043707
1502,0,1,1,376,0.2742636605969856,0.0551362150162857,https://openalex.org/W2895302723
1504,0,1,1,244,0.2665509046658005,0.04045155525670526,https://openalex.org/W2973281857
1512,0,1,1,247,0.26662163909428327,0.0410376574981276,https://openalex.org/W2031279303
1513,0,1,1,257,0.2668576918956062,0.04182359688530064,https://openalex.org/W2051928215
1520,0,1,1,447,0.2973128457250811,0.060723738969744645,https://openalex.org/W2327090251
1522,0,1,1,247,0.26662163909428327,0.0410376574981276,https://openalex.org/W2556440744
1525,0,1,1,247,0.26662163909428327,0.0410376574981276,https://openalex.org/W2624723617
1527,0,1,1,376,0.2742636605969856,0.0551362150162857,https://openalex.org/W2895302723
1530,0,1,1,247,0.26662163909428327,0.0410376574981276,https://openalex.org/W2916481247
1531,0,1,1,247,0.26662163909428327,0.0410376574981276,https://openalex.org/W2916822073
1535,0,1,1,276,0.267307345686491,0.042055720900226204,https://openalex.org/W1600079813
1537,0,1,1,215,0.2658690685331985,0.03636092808310178,https://openalex.org/W1995264826
1540,0,1,1,247,0.26662163909428327,0.0410376574981276,https://openalex.org/W2031279303
1541,0,1,1,245,0.266574478638089,0.03967074829785628,https://openalex.org/W2035387102
1542,0,1,1,353,0.3147945305442164,0.046679002373030014,https://openalex.org/W2037124948
1544,0,1,1,257,0.2668576918956062,0.04182359688530064,https://openalex.org/W2051928215
1545,0,1,1,250,0.26669241107422337,0.03934633510826035,https://openalex.org/W2070030549
1546,0,1,1,244,0.2665509046658005,0.04045155525670526,https://openalex.org/W2074938072
1547,0,1,1,388,0.3159494371028168,0.049664409398188586,https://openalex.org/W2107031757
1549,0,1,1,382,0.2954187621249507,0.05514611966969541,https://openalex.org/W2137086357
1550,0,1,1,215,0.2658690685331985,0.03636092808310178,https://openalex.org/W2143696727
1551,0,1,1,215,0.2658690685331985,0.03636092808310178,https://openalex.org/W2154065358
1552,0,1,1,308,0.2932915860621652,0.04847784645861559,https://openalex.org/W2164013208
1554,0,1,1,398,0.29588275546882026,0.05632996555985466,https://openalex.org/W2170645559
1556,0,1,1,215,0.2658690685331985,0.03636092808310178,https://openalex.org/W2243918190
1557,0,1,1,245,0.266574478638089,0.03967074829785628,https://openalex.org/W2269093455
1558,0,1,1,447,0.2973128457250811,0.060723738969744645,https://openalex.org/W2327090251
1559,0,1,1,304,0.26797276226536915,0.04680828000312553,https://openalex.org/W2397899567
1562,0,1,1,215,0.2658690685331985,0.03636092808310178,https://openalex.org/W2492849656
1563,0,1,1,247,0.26662163909428327,0.0410376574981276,https://openalex.org/W2556440744
1564,0,1,1,279,0.2718641318626204,0.04564665742037409,https://openalex.org/W2582127214
1565,0,1,1,215,0.2658690685331985,0.03636092808310178,https://openalex.org/W2586871559
1566,0,1,1,215,0.2658690685331985,0.03636092808310178,https://openalex.org/W2588363293
1567,0,1,1,247,0.26662163909428327,0.0410376574981276,https://openalex.org/W2624723617
1568,0,1,1,215,0.2658690685331985,0.03636092808310178,https://openalex.org/W2756397072
1570,0,1,1,215,0.2658690685331985,0.03636092808310178,https://openalex.org/W278247335
1571,0,1,1,413,0.29631907490767523,0.05833011918071051,https://openalex.org/W2791043707
1573,0,1,1,215,0.2658690685331985,0.03636092808310178,https://openalex.org/W2894914095
1574,0,1,1,328,0.2800741154024226,0.047393088821045704,https://openalex.org/W2894948697
1575,0,1,1,215,0.2658690685331985,0.03636092808310178,https://openalex.org/W2895198122
1576,0,1,1,215,0.2658690685331985,0.03636092808310178,https://openalex.org/W2895270365
1577,0,1,1,376,0.2742636605969856,0.0551362150162857,https://openalex.org/W2895302723
1579,0,1,1,274,0.26725994236219824,0.042988459235538685,https://openalex.org/W2895497822
1580,0,1,1,247,0.26662163909428327,0.0410376574981276,https://openalex.org/W2916481247
1581,0,1,1,247,0.26662163909428327,0.0410376574981276,https://openalex.org/W2916822073
1582,0,1,1,244,0.2665509046658005,0.04045155525670526,https://openalex.org/W2973281857
1583,0,1,1,215,0.2658690685331985,0.03636092808310178,https://openalex.org/W2986403368
1584,0,1,1,337,0.28843613683836095,0.043364195106666954,https://openalex.org/W4300870773
1715,0,1,1,447,0.2973128457250811,0.060723738969744645,https://openalex.org/W2327090251
1720,0,1,1,413,0.29631907490767523,0.05833011918071051,https://openalex.org/W2791043707
1723,0,1,1,376,0.2742636605969856,0.0551362150162857,https://openalex.org/W2895302723
1812,0,1,1,353,0.3147945305442164,0.046679002373030014,https://openalex.org/W2037124948
1813,0,1,1,257,0.2668576918956062,0.04182359688530064,https://openalex.org/W2051928215
1814,0,1,1,388,0.3159494371028168,0.049664409398188586,https://openalex.org/W2107031757
1819,0,1,1,447,0.2973128457250811,0.060723738969744645,https://openalex.org/W2327090251
1822,0,1,1,376,0.2742636605969856,0.0551362150162857,https://openalex.org/W2895302723
1826,0,1,1,337,0.28843613683836095,0.043364195106666954,https://openalex.org/W4300870773
2065,0,1,1,276,0.267307345686491,0.042055720900226204,https://openalex.org/W1600079813
2077,0,1,1,250,0.26669241107422337,0.03934633510826035,https://openalex.org/W2070030549
2084,0,1,1,382,0.2954187621249507,0.05514611966969541,https://openalex.org/W2137086357
2089,0,1,1,398,0.29588275546882026,0.05632996555985466,https://openalex.org/W2170645559
2093,0,1,1,447,0.2973128457250811,0.060723738969744645,https://openalex.org/W2327090251
2094,0,1,1,304,0.26797276226536915,0.04680828000312553,https://openalex.org/W2397899567
2179,0,1,1,382,0.2954187621249507,0.05514611966969541,https://openalex.org/W2137086357
2181,0,1,1,308,0.2932915860621652,0.04847784645861559,https://openalex.org/W2164013208
2183,0,1,1,398,0.29588275546882026,0.05632996555985466,https://openalex.org/W2170645559
2187,0,1,1,447,0.2973128457250811,0.060723738969744645,https://openalex.org/W2327090251
2193,0,1,1,279,0.2718641318626204,0.04564665742037409,https://openalex.org/W2582127214
2196,0,1,1,413,0.29631907490767523,0.05833011918071051,https://openalex.org/W2791043707
2198,0,1,1,376,0.2742636605969856,0.0551362150162857,https://openalex.org/W2895302723
2255,0,1,1,276,0.267307345686491,0.042055720900226204,https://openalex.org/W1600079813
2263,0,1,1,245,0.266574478638089,0.03967074829785628,https://openalex.org/W2035387102
2270,0,1,1,382,0.2954187621249507,0.05514611966969541,https://openalex.org/W2137086357
2277,0,1,1,245,0.266574478638089,0.03967074829785628,https://openalex.org/W2269093455
2278,0,1,1,447,0.2973128457250811,0.060723738969744645,https://openalex.org/W2327090251
2282,0,1,1,413,0.29631907490767523,0.05833011918071051,https://openalex.org/W2791043707
2283,0,1,1,376,0.2742636605969856,0.0551362150162857,https://openalex.org/W2895302723
2655,0,1,1,382,0.2954187621249507,0.05514611966969541,https://openalex.org/W2137086357
2659,0,1,1,398,0.29588275546882026,0.05632996555985466,https://openalex.org/W2170645559
2661,0,1,1,304,0.26797276226536915,0.04680828000312553,https://openalex.org/W2397899567
2664,0,1,1,413,0.29631907490767523,0.05833011918071051,https://openalex.org/W2791043707
2668,0,1,1,376,0.2742636605969856,0.0551362150162857,https://openalex.org/W2895302723
2767,0,1,1,398,0.29588275546882026,0.05632996555985466,https://openalex.org/W2170645559
2773,0,1,1,447,0.2973128457250811,0.060723738969744645,https://openalex.org/W2327090251
2783,0,1,1,413,0.29631907490767523,0.05833011918071051,https://openalex.org/W2791043707
2787,0,1,1,274,0.26725994236219824,0.042988459235538685,https://openalex.org/W2895497822
1498,0,1,1,300,0.27934732437079446,0.04237559115685267,https://openalex.org/W2560321923
1488,0,1,1,192,0.26329119758568065,0.03228363977886727,https://openalex.org/W1857170875
1492,0,1,1,259,0.29189982858424096,0.041803772609540636,https://openalex.org/W2095659502
1494,0,1,1,123,0.2492069144242143,0.022046819389029835,https://openalex.org/W2142813322
1501,0,1,1,197,0.25526402692758066,0.0330907582969431,https://openalex.org/W2894753606
1505,0,1,1,192,0.26329119758568065,0.03228363977886727,https://openalex.org/W3131215869
1507,0,1,1,142,0.2540805555054263,0.025525339251189456,https://openalex.org/W1267149598
1508,0,1,1,201,0.2610790498017213,0.033566747499295446,https://openalex.org/W1877512765
1510,0,1,1,142,0.2540805555054263,0.025525339251189456,https://openalex.org/W2012226695
1514,0,1,1,142,0.2540805555054263,0.025525339251189456,https://openalex.org/W2075436403
1515,0,1,1,142,0.2540805555054263,0.025525339251189456,https://openalex.org/W2106023093
1516,0,1,1,142,0.2540805555054263,0.025525339251189456,https://openalex.org/W2131975068
1524,0,1,1,142,0.2540805555054263,0.025525339251189456,https://openalex.org/W2612500370
1526,0,1,1,142,0.2540805555054263,0.025525339251189456,https://openalex.org/W2891545820
1695,0,0,1,248,0.27673132849438786,0.03758827315787439,https://openalex.org/W1815596065
1696,0,1,1,192,0.26329119758568065,0.03228363977886727,https://openalex.org/W1857170875
1698,0,1,1,156,0.2624658333299262,0.026880905439967538,https://openalex.org/W1928015332
1699,0,1,1,156,0.2624658333299262,0.026880905439967538,https://openalex.org/W1976757785
1700,0,1,1,156,0.2624658333299262,0.026880905439967538,https://openalex.org/W1998815908
1701,0,1,1,156,0.2624658333299262,0.026880905439967538,https://openalex.org/W2016234800
1703,0,1,1,190,0.26451580780700945,0.03164598313971039,https://openalex.org/W2020540054
1704,0,1,1,298,0.29300647710322464,0.045894721533006895,https://openalex.org/W2048089557
1705,0,1,1,156,0.2624658333299262,0.026880905439967538,https://openalex.org/W2067201767
1707,0,1,1,156,0.2624658333299262,0.026880905439967538,https://openalex.org/W2109224543
1708,0,1,1,156,0.2624658333299262,0.026880905439967538,https://openalex.org/W2118399667
1709,0,1,1,156,0.2624658333299262,0.026880905439967538,https://openalex.org/W2153853097
1710,0,1,1,156,0.2624658333299262,0.026880905439967538,https://openalex.org/W2164448990
1712,0,1,1,156,0.2624658333299262,0.026880905439967538,https://openalex.org/W2170756663
1716,0,1,1,156,0.2624658333299262,0.026880905439967538,https://openalex.org/W2582743722
1717,0,1,1,156,0.2624658333299262,0.026880905439967538,https://openalex.org/W2617619553
1718,0,1,1,156,0.2624658333299262,0.026880905439967538,https://openalex.org/W2620297369
1722,0,0,1,273,0.2703765365949831,0.04215395049799891,https://openalex.org/W2894925006
1725,0,1,1,192,0.26329119758568065,0.03228363977886727,https://openalex.org/W3131215869
1726,0,1,1,156,0.2624658333299262,0.026880905439967538,https://openalex.org/W4298212750
1806,0,1,1,130,0.255827332368093,0.023437810201281512,https://openalex.org/W1524924475
1807,0,1,1,130,0.255827332368093,0.023437810201281512,https://openalex.org/W1854329019
1809,0,1,1,130,0.255827332368093,0.023437810201281512,https://openalex.org/W1929317958
1811,0,1,1,190,0.26451580780700945,0.03164598313971039,https://openalex.org/W2020540054
1815,0,1,1,130,0.255827332368093,0.023437810201281512,https://openalex.org/W2115098571
1816,0,1,1,130,0.255827332368093,0.023437810201281512,https://openalex.org/W2146030787
1820,0,1,1,130,0.255827332368093,0.023437810201281512,https://openalex.org/W2534722177
1825,0,1,1,130,0.255827332368093,0.023437810201281512,https://openalex.org/W2991243600
1827,0,1,1,130,0.255827332368093,0.023437810201281512,https://openalex.org/W612972800
2066,0,1,1,135,0.252695978366941,0.021792300554011317,https://openalex.org/W163198594
2067,0,1,1,135,0.252695978366941,0.021792300554011317,https://openalex.org/W1814705806
2068,0,1,1,135,0.252695978366941,0.021792300554011317,https://openalex.org/W185922769
2070,0,1,1,135,0.252695978366941,0.021792300554011317,https://openalex.org/W1968150760
2071,0,1,1,135,0.252695978366941,0.021792300554011317,https://openalex.org/W1975013230
2073,0,1,1,135,0.252695978366941,0.021792300554011317,https://openalex.org/W1977900726
2074,0,1,1,135,0.252695978366941,0.021792300554011317,https://openalex.org/W2002120939
2078,0,1,1,135,0.252695978366941,0.021792300554011317,https://openalex.org/W2077730026
2079,0,1,1,135,0.252695978366941,0.021792300554011317,https://openalex.org/W2081280762
2080,0,1,1,135,0.252695978366941,0.021792300554011317,https://openalex.org/W2101758572
2082,0,1,1,135,0.252695978366941,0.021792300554011317,https://openalex.org/W2110689096
2083,0,1,1,135,0.252695978366941,0.021792300554011317,https://openalex.org/W2130703736
2085,0,1,1,221,0.2600653692804894,0.03505681861979827,https://openalex.org/W2149145410
2086,0,1,1,135,0.252695978366941,0.021792300554011317,https://openalex.org/W2155883884
2087,0,1,1,135,0.252695978366941,0.021792300554011317,https://openalex.org/W2160817100
2090,0,1,1,135,0.252695978366941,0.021792300554011317,https://openalex.org/W2177208509
2092,0,1,1,135,0.252695978366941,0.021792300554011317,https://openalex.org/W2280631126
2095,0,1,1,135,0.252695978366941,0.021792300554011317,https://openalex.org/W2412287301
2097,0,1,1,135,0.252695978366941,0.021792300554011317,https://openalex.org/W2521245317
2098,0,1,1,135,0.252695978366941,0.021792300554011317,https://openalex.org/W2526123561
2099,0,1,1,135,0.252695978366941,0.021792300554011317,https://openalex.org/W2592846604
2100,0,1,1,135,0.252695978366941,0.021792300554011317,https://openalex.org/W2790581896
2101,0,1,1,135,0.252695978366941,0.021792300554011317,https://openalex.org/W3023215924
2102,0,1,1,135,0.252695978366941,0.021792300554011317,https://openalex.org/W4252701706
2103,0,1,1,135,0.252695978366941,0.021792300554011317,https://openalex.org/W4300256699
2169,0,0,1,248,0.27673132849438786,0.03758827315787439,https://openalex.org/W1815596065
2172,0,0,1,190,0.26837838393383245,0.033372351825829344,https://openalex.org/W2030868199
2173,0,0,1,190,0.26837838393383245,0.033372351825829344,https://openalex.org/W2037605913
2174,0,1,1,298,0.29300647710322464,0.045894721533006895,https://openalex.org/W2048089557
2176,0,1,1,259,0.29189982858424096,0.041803772609540636,https://openalex.org/W2095659502
2177,0,0,1,190,0.26837838393383245,0.033372351825829344,https://openalex.org/W2106924065
2180,0,0,1,190,0.26837838393383245,0.033372351825829344,https://openalex.org/W2144891055
2185,0,0,1,190,0.26837838393383245,0.033372351825829344,https://openalex.org/W2187956400
2186,0,0,1,233,0.26940987039335645,0.03854281195197492,https://openalex.org/W2291543154
2188,0,0,1,190,0.26837838393383245,0.033372351825829344,https://openalex.org/W2428704150
2190,0,0,1,190,0.26837838393383245,0.033372351825829344,https://openalex.org/W2490857485
2192,0,0,1,190,0.26837838393383245,0.033372351825829344,https://openalex.org/W2581049223
2195,0,0,1,190,0.26837838393383245,0.033372351825829344,https://openalex.org/W2622140847
2197,0,0,1,273,0.2703765365949831,0.04215395049799891,https://openalex.org/W2894925006
2202,0,0,1,190,0.26837838393383245,0.033372351825829344,https://openalex.org/W89821017
2256,0,1,1,253,0.2887124166629188,0.03965803289464156,https://openalex.org/W1604376790
2257,0,1,1,201,0.2610790498017213,0.033566747499295446,https://openalex.org/W1877512765
2259,0,1,1,139,0.2550696141119465,0.02376825821804109,https://openalex.org/W1972588404
2260,0,1,1,139,0.2550696141119465,0.02376825821804109,https://openalex.org/W1987386508
2261,0,1,1,139,0.2550696141119465,0.02376825821804109,https://openalex.org/W2012552029
2265,0,1,1,253,0.2887124166629188,0.03965803289464156,https://openalex.org/W2051913088
2266,0,1,1,139,0.2550696141119465,0.02376825821804109,https://openalex.org/W2062121040
2267,0,1,1,139,0.2550696141119465,0.02376825821804109,https://openalex.org/W2078876512
2268,0,1,1,139,0.2550696141119465,0.02376825821804109,https://openalex.org/W2084804673
2269,0,1,1,139,0.2550696141119465,0.02376825821804109,https://openalex.org/W2123993803
2271,0,1,1,139,0.2550696141119465,0.02376825821804109,https://openalex.org/W2143426475
2273,0,1,1,139,0.2550696141119465,0.02376825821804109,https://openalex.org/W2150555728
2276,0,1,1,139,0.2550696141119465,0.02376825821804109,https://openalex.org/W2224527430
2280,0,1,1,139,0.2550696141119465,0.02376825821804109,https://openalex.org/W2510817846
2643,0,1,1,253,0.2887124166629188,0.03965803289464156,https://openalex.org/W1604376790
2650,0,1,1,298,0.29300647710322464,0.045894721533006895,https://openalex.org/W2048089557
2651,0,1,1,253,0.2887124166629188,0.03965803289464156,https://openalex.org/W2051913088
2653,0,1,1,226,0.2879676726818451,0.036736823416810185,https://openalex.org/W2085086602
2657,0,1,1,221,0.2600653692804894,0.03505681861979827,https://openalex.org/W2149145410
2660,0,0,1,233,0.26940987039335645,0.03854281195197492,https://openalex.org/W2291543154
2667,0,1,1,197,0.25526402692758066,0.0330907582969431,https://openalex.org/W2894753606
2673,0,1,1,226,0.2879676726818451,0.036736823416810185,https://openalex.org/W604943240
2748,0,0,4,155,0.2536315743824362,0.025431521251390893,https://openalex.org/W138713707
2749,0,0,4,155,0.2536315743824362,0.025431521251390893,https://openalex.org/W1600133009
2750,0,0,4,155,0.2536315743824362,0.025431521251390893,https://openalex.org/W1790386484
2752,0,0,4,155,0.2536315743824362,0.025431521251390893,https://openalex.org/W1999091656
2753,0,0,4,155,0.2536315743824362,0.025431521251390893,https://openalex.org/W2002693231
2756,0,0,4,155,0.2536315743824362,0.025431521251390893,https://openalex.org/W2041357893
2757,0,0,4,155,0.2536315743824362,0.025431521251390893,https://openalex.org/W2058138514
2758,0,0,4,155,0.2536315743824362,0.025431521251390893,https://openalex.org/W2066988869
2759,0,0,4,155,0.2536315743824362,0.025431521251390893,https://openalex.org/W2073194656
2760,0,0,4,155,0.2536315743824362,0.025431521251390893,https://openalex.org/W2081243546
2761,0,0,4,155,0.2536315743824362,0.025431521251390893,https://openalex.org/W2092808253
2762,0,0,4,155,0.2536315743824362,0.025431521251390893,https://openalex.org/W2099448376
2764,0,0,4,155,0.2536315743824362,0.025431521251390893,https://openalex.org/W2150292700
2765,0,0,4,155,0.2536315743824362,0.025431521251390893,https://openalex.org/W2152462308
2766,0,0,4,155,0.2536315743824362,0.025431521251390893,https://openalex.org/W2155444383
2768,0,0,4,155,0.2536315743824362,0.025431521251390893,https://openalex.org/W2174994900
2770,0,0,4,155,0.2536315743824362,0.025431521251390893,https://openalex.org/W2192746706
2771,0,0,4,155,0.2536315743824362,0.025431521251390893,https://openalex.org/W2277614801
2772,0,0,4,155,0.2536315743824362,0.025431521251390893,https://openalex.org/W2308907647
2774,0,0,4,155,0.2536315743824362,0.025431521251390893,https://openalex.org/W2408308441
2775,0,0,4,155,0.2536315743824362,0.025431521251390893,https://openalex.org/W2415424991
2778,0,0,4,155,0.2536315743824362,0.025431521251390893,https://openalex.org/W2618384399
2779,0,0,4,155,0.2536315743824362,0.025431521251390893,https://openalex.org/W2687752893
2780,0,0,4,155,0.2536315743824362,0.025431521251390893,https://openalex.org/W2708480879
2781,0,0,4,155,0.2536315743824362,0.025431521251390893,https://openalex.org/W2743078733
2782,0,0,4,155,0.2536315743824362,0.025431521251390893,https://openalex.org/W2747492750
2784,0,0,4,155,0.2536315743824362,0.025431521251390893,https://openalex.org/W2885560305
2785,0,0,1,273,0.2703765365949831,0.04215395049799891,https://openalex.org/W2894925006
2789,0,0,4,155,0.2536315743824362,0.025431521251390893,https://openalex.org/W2896398092
2790,0,0,4,155,0.2536315743824362,0.025431521251390893,https://openalex.org/W2897988035
2791,0,0,4,155,0.2536315743824362,0.025431521251390893,https://openalex.org/W2898254100
2792,0,0,4,155,0.2536315743824362,0.025431521251390893,https://openalex.org/W2914490564
2793,0,0,4,155,0.2536315743824362,0.025431521251390893,https://openalex.org/W2923784457
2794,0,0,4,155,0.2536315743824362,0.025431521251390893,https://openalex.org/W3015955772
2645,0,1,1,155,0.25435929366758414,0.026305162605878476,https://openalex.org/W1974966205
2647,0,1,1,155,0.25435929366758414,0.026305162605878476,https://openalex.org/W1993319978
2649,0,1,1,155,0.25435929366758414,0.026305162605878476,https://openalex.org/W2021215921
2652,0,1,1,155,0.25435929366758414,0.026305162605878476,https://openalex.org/W2083985411
2654,0,1,1,155,0.25435929366758414,0.026305162605878476,https://openalex.org/W2106326623
2662,0,1,1,155,0.25435929366758414,0.026305162605878476,https://openalex.org/W2562711163
2663,0,1,1,155,0.25435929366758414,0.026305162605878476,https://openalex.org/W2597360030
2671,0,1,1,155,0.25435929366758414,0.026305162605878476,https://openalex.org/W4234567833
2672,0,1,1,155,0.25435929366758414,0.026305162605878476,https://openalex.org/W573789808
1423,3,12,15,22,0.006148686416992733,2.9662336275090324e-19,https://openalex.org/W1502898407
1424,3,12,15,22,0.006148686416992733,2.9662336275090324e-19,https://openalex.org/W1510859926
1425,3,12,15,22,0.006148686416992733,2.9662336275090324e-19,https://openalex.org/W1543891416
1426,3,12,15,22,0.006148686416992733,2.9662336275090324e-19,https://openalex.org/W1579760457
1427,3,12,15,22,0.006148686416992733,2.9662336275090324e-19,https://openalex.org/W1585227915
1428,3,12,15,22,0.006148686416992733,2.9662336275090324e-19,https://openalex.org/W1591347182
1429,3,12,15,22,0.006148686416992733,2.9662336275090324e-19,https://openalex.org/W1958266390
1430,3,12,15,22,0.006148686416992733,2.9662336275090324e-19,https://openalex.org/W1969026100
1431,3,12,15,22,0.006148686416992733,2.9662336275090324e-19,https://openalex.org/W2041233617
1432,3,12,15,22,0.006148686416992733,2.9662336275090324e-19,https://openalex.org/W2067043787
1433,3,12,15,22,0.006148686416992733,2.9662336275090324e-19,https://openalex.org/W2121052759
1434,3,12,15,22,0.006148686416992733,2.9662336275090324e-19,https://openalex.org/W2125451304
1435,3,12,15,22,0.006148686416992733,2.9662336275090324e-19,https://openalex.org/W2128381827
1436,3,12,15,22,0.006148686416992733,2.9662336275090324e-19,https://openalex.org/W2156955930
1437,3,12,15,22,0.006148686416992733,2.9662336275090324e-19,https://openalex.org/W2165779685
1438,3,12,15,22,0.006148686416992733,2.9662336275090324e-19,https://openalex.org/W2171466718
1439,3,12,15,22,0.006148686416992733,2.9662336275090324e-19,https://openalex.org/W2193491087
1440,3,12,15,22,0.006148686416992733,2.9662336275090324e-19,https://openalex.org/W2371591896
1441,3,12,15,22,0.006148686416992733,2.9662336275090324e-19,https://openalex.org/W2461549113
1442,3,12,15,22,0.006148686416992733,2.9662336275090324e-19,https://openalex.org/W2584113258
1443,3,12,15,22,0.006148686416992733,2.9662336275090324e-19,https://openalex.org/W3091671267
1444,3,12,15,22,0.006148686416992733,2.9662336275090324e-19,https://openalex.org/W48509223
1445,3,12,15,22,0.006148686416992733,2.9662336275090324e-19,https://openalex.org/W78927731
1468,0,0,1,79,0.25252661108921515,0.008784592327393405,https://openalex.org/W1604418623
1469,0,0,1,79,0.25252661108921515,0.008784592327393405,https://openalex.org/W1666197226
1471,0,0,1,79,0.25252661108921515,0.008784592327393405,https://openalex.org/W1968181571
1472,0,0,1,79,0.25252661108921515,0.008784592327393405,https://openalex.org/W2008204528
1474,0,0,1,79,0.25252661108921515,0.008784592327393405,https://openalex.org/W2047340909
1476,0,0,1,79,0.25252661108921515,0.008784592327393405,https://openalex.org/W2079156084
1477,0,0,1,79,0.25252661108921515,0.008784592327393405,https://openalex.org/W2079620921
1478,0,0,1,79,0.25252661108921515,0.008784592327393405,https://openalex.org/W2096528587
1479,0,0,1,79,0.25252661108921515,0.008784592327393405,https://openalex.org/W2118371108
1480,0,0,1,79,0.25252661108921515,0.008784592327393405,https://openalex.org/W2122376319
1481,0,0,1,79,0.25252661108921515,0.008784592327393405,https://openalex.org/W2129878113
1585,0,11,4,33,0.20859222352670395,4.592768244563389e-05,https://openalex.org/W1596061696
1586,0,11,4,33,0.20859222352670395,4.592768244563389e-05,https://openalex.org/W1704432049
1587,0,11,4,33,0.20859222352670395,4.592768244563389e-05,https://openalex.org/W1922215271
1588,0,11,4,33,0.20859222352670395,4.592768244563389e-05,https://openalex.org/W1930837752
1589,0,11,4,33,0.20859222352670395,4.592768244563389e-05,https://openalex.org/W1967909970
1590,0,11,4,33,0.20859222352670395,4.592768244563389e-05,https://openalex.org/W1974287545
1591,0,11,4,33,0.20859222352670395,4.592768244563389e-05,https://openalex.org/W1982245190
1592,0,11,4,33,0.20859222352670395,4.592768244563389e-05,https://openalex.org/W1993161724
1593,0,11,4,33,0.20859222352670395,4.592768244563389e-05,https://openalex.org/W1993531522
1594,0,11,4,33,0.20859222352670395,4.592768244563389e-05,https://openalex.org/W1997418591
1595,0,11,4,33,0.20859222352670395,4.592768244563389e-05,https://openalex.org/W2046745069
1596,0,11,4,33,0.20859222352670395,4.592768244563389e-05,https://openalex.org/W2052848339
1597,0,11,4,33,0.20859222352670395,4.592768244563389e-05,https://openalex.org/W2068131535
1598,0,11,4,33,0.20859222352670395,4.592768244563389e-05,https://openalex.org/W2087484885
1599,0,11,4,33,0.20859222352670395,4.592768244563389e-05,https://openalex.org/W2109384363
1600,0,11,4,33,0.20859222352670395,4.592768244563389e-05,https://openalex.org/W2114244145
1601,0,11,4,33,0.20859222352670395,4.592768244563389e-05,https://openalex.org/W2132344999
1603,0,11,4,33,0.20859222352670395,4.592768244563389e-05,https://openalex.org/W2143652571
1604,0,11,4,33,0.20859222352670395,4.592768244563389e-05,https://openalex.org/W2158274239
1605,0,11,4,33,0.20859222352670395,4.592768244563389e-05,https://openalex.org/W2162908942
1606,0,11,4,33,0.20859222352670395,4.592768244563389e-05,https://openalex.org/W2167210310
1607,0,11,4,33,0.20859222352670395,4.592768244563389e-05,https://openalex.org/W2335525951
1608,0,11,4,33,0.20859222352670395,4.592768244563389e-05,https://openalex.org/W2417283954
1609,0,11,4,33,0.20859222352670395,4.592768244563389e-05,https://openalex.org/W2547931126
1610,0,11,4,33,0.20859222352670395,4.592768244563389e-05,https://openalex.org/W2736187401
1611,0,11,4,55,0.20891028763244193,4.594901127247721e-05,https://openalex.org/W2738743251
1612,0,11,4,33,0.20859222352670395,4.592768244563389e-05,https://openalex.org/W2741250308
1613,0,11,4,33,0.20859222352670395,4.592768244563389e-05,https://openalex.org/W2760647500
1614,0,11,4,33,0.20859222352670395,4.592768244563389e-05,https://openalex.org/W2883207737
1615,0,11,4,33,0.20859222352670395,4.592768244563389e-05,https://openalex.org/W2923686499
1616,0,11,4,33,0.20859222352670395,4.592768244563389e-05,https://openalex.org/W4248492965
2692,0,11,4,55,0.20891028763244193,4.594901127247721e-05,https://openalex.org/W2738743251
2675,0,11,4,23,0.17039728814296298,3.093347456971299e-07,https://openalex.org/W1580465880
2676,0,11,4,23,0.17039728814296298,3.093347456971299e-07,https://openalex.org/W1979311893
2677,0,11,4,23,0.17039728814296298,3.093347456971299e-07,https://openalex.org/W2012778613
2678,0,11,4,23,0.17039728814296298,3.093347456971299e-07,https://openalex.org/W2042318824
2679,0,11,4,23,0.17039728814296298,3.093347456971299e-07,https://openalex.org/W2065445772
2680,0,11,4,23,0.17039728814296298,3.093347456971299e-07,https://openalex.org/W2066985241
2681,0,11,4,23,0.17039728814296298,3.093347456971299e-07,https://openalex.org/W2067404301
2682,0,11,4,23,0.17039728814296298,3.093347456971299e-07,https://openalex.org/W2069019430
2683,0,11,4,23,0.17039728814296298,3.093347456971299e-07,https://openalex.org/W2098137983
2684,0,11,4,23,0.17039728814296298,3.093347456971299e-07,https://openalex.org/W2142225512
2685,0,11,4,23,0.17039728814296298,3.093347456971299e-07,https://openalex.org/W2155997158
2686,0,11,4,23,0.17039728814296298,3.093347456971299e-07,https://openalex.org/W2162798768
2687,0,11,4,23,0.17039728814296298,3.093347456971299e-07,https://openalex.org/W2172100128
2688,0,11,4,23,0.17039728814296298,3.093347456971299e-07,https://openalex.org/W2176769782
2689,0,11,4,23,0.17039728814296298,3.093347456971299e-07,https://openalex.org/W2341034602
2690,0,11,4,23,0.17039728814296298,3.093347456971299e-07,https://openalex.org/W2378919046
2691,0,11,4,23,0.17039728814296298,3.093347456971299e-07,https://openalex.org/W2611325060
2693,0,11,4,23,0.17039728814296298,3.093347456971299e-07,https://openalex.org/W2883469480
2694,0,11,4,23,0.17039728814296298,3.093347456971299e-07,https://openalex.org/W2915686885
2695,0,11,4,23,0.17039728814296298,3.093347456971299e-07,https://openalex.org/W41042948
2696,0,11,4,23,0.17039728814296298,3.093347456971299e-07,https://openalex.org/W42929308
2697,0,11,4,23,0.17039728814296298,3.093347456971299e-07,https://openalex.org/W98434002
2807,0,6,3,56,0.2293181398326896,0.0004176580718880243,https://openalex.org/W2335903768
1728,0,4,2,48,0.15196156440437972,4.4583002939058237e-10,https://openalex.org/W11089123
1729,0,4,2,48,0.15196156440437972,4.4583002939058237e-10,https://openalex.org/W115394847
1730,0,4,2,48,0.15196156440437972,4.4583002939058237e-10,https://openalex.org/W141677129
1731,0,4,2,48,0.15196156440437972,4.4583002939058237e-10,https://openalex.org/W1483523349
1732,0,4,2,66,0.1815866997988356,6.58164448866262e-09,https://openalex.org/W1524453245
1733,0,4,2,48,0.15196156440437972,4.4583002939058237e-10,https://openalex.org/W1551512768
1734,0,4,2,66,0.1815866997988356,6.58164448866262e-09,https://openalex.org/W159971562
1735,0,4,2,66,0.1815866997988356,6.58164448866262e-09,https://openalex.org/W1711668075
1736,0,4,2,48,0.15196156440437972,4.4583002939058237e-10,https://openalex.org/W1893952289
1737,0,4,2,48,0.15196156440437972,4.4583002939058237e-10,https://openalex.org/W1983981789
1738,0,4,2,48,0.15196156440437972,4.4583002939058237e-10,https://openalex.org/W1987461870
1739,0,4,2,66,0.1815866997988356,6.58164448866262e-09,https://openalex.org/W1988533717
1740,0,4,2,48,0.15196156440437972,4.4583002939058237e-10,https://openalex.org/W1994128420
1741,0,4,2,66,0.1815866997988356,6.58164448866262e-09,https://openalex.org/W2002407086
1742,0,4,2,48,0.15196156440437972,4.4583002939058237e-10,https://openalex.org/W2027583338
1743,0,4,2,48,0.15196156440437972,4.4583002939058237e-10,https://openalex.org/W2030441548
1744,0,4,2,66,0.1815866997988356,6.58164448866262e-09,https://openalex.org/W2053420201
1745,0,4,2,48,0.15196156440437972,4.4583002939058237e-10,https://openalex.org/W2060058757
1746,0,4,2,48,0.15196156440437972,4.4583002939058237e-10,https://openalex.org/W2076232892
1747,0,4,2,66,0.1815866997988356,6.58164448866262e-09,https://openalex.org/W2080707037
1748,0,4,2,48,0.15196156440437972,4.458300293905824e-10,https://openalex.org/W2082679122
1749,0,4,2,48,0.15196156440437972,4.458300293905824e-10,https://openalex.org/W2093521622
1750,0,4,2,48,0.15196156440437972,4.458300293905824e-10,https://openalex.org/W2096962201
1751,0,4,2,48,0.15196156440437972,4.458300293905824e-10,https://openalex.org/W2108604890
1752,0,4,2,48,0.15196156440437972,4.458300293905824e-10,https://openalex.org/W2124074613
1753,0,4,2,48,0.15196156440437972,4.458300293905824e-10,https://openalex.org/W2131442425
1754,0,4,2,66,0.1815866997988356,6.58164448866262e-09,https://openalex.org/W2139866268
1755,0,4,2,48,0.15196156440437972,4.458300293905824e-10,https://openalex.org/W2141964226
1756,0,4,2,48,0.15196156440437972,4.458300293905824e-10,https://openalex.org/W2144924867
1757,0,4,2,48,0.15196156440437972,4.458300293905824e-10,https://openalex.org/W2491390765
1758,0,4,2,48,0.15196156440437972,4.458300293905824e-10,https://openalex.org/W2498526015
1759,0,4,2,66,0.1815866997988356,6.58164448866262e-09,https://openalex.org/W2566185324
1760,0,4,2,48,0.15196156440437972,4.458300293905824e-10,https://openalex.org/W2602066178
1761,0,4,2,48,0.15196156440437972,4.458300293905824e-10,https://openalex.org/W2621206683
1762,0,4,2,48,0.15196156440437972,4.458300293905824e-10,https://openalex.org/W2790841064
1763,0,4,2,48,0.15196156440437972,4.458300293905824e-10,https://openalex.org/W4230437022
1764,0,4,2,48,0.15196156440437972,4.458300293905824e-10,https://openalex.org/W4240310297
1765,0,4,2,48,0.15196156440437972,4.458300293905824e-10,https://openalex.org/W4254451909
1766,0,4,2,48,0.15196156440437972,4.458300293905824e-10,https://openalex.org/W4288073924
1767,0,4,2,48,0.15196156440437972,4.458300293905824e-10,https://openalex.org/W69544125
1897,0,3,2,60,0.1342429800009296,7.86089754643937e-11,https://openalex.org/W1240377842
1898,0,3,2,60,0.1342429800009296,7.86089754643937e-11,https://openalex.org/W138413052
1899,0,3,2,60,0.1342429800009296,7.86089754643937e-11,https://openalex.org/W1496880959
1900,0,3,2,60,0.1342429800009296,7.86089754643937e-11,https://openalex.org/W1519445462
1901,0,3,2,60,0.1342429800009296,7.86089754643937e-11,https://openalex.org/W1564914554
1902,0,3,2,60,0.1342429800009296,7.86089754643937e-11,https://openalex.org/W167564625
1903,0,3,2,60,0.1342429800009296,7.86089754643937e-11,https://openalex.org/W1880528877
1904,0,3,2,60,0.1342429800009296,7.86089754643937e-11,https://openalex.org/W1968032784
1905,0,3,2,60,0.1342429800009296,7.86089754643937e-11,https://openalex.org/W1971202550
1906,0,3,2,60,0.1342429800009296,7.86089754643937e-11,https://openalex.org/W1980050159
1907,0,3,2,60,0.1342429800009296,7.86089754643937e-11,https://openalex.org/W1992243818
1908,0,3,2,60,0.1342429800009296,7.86089754643937e-11,https://openalex.org/W2013083420
1909,0,3,2,131,0.13495825333396938,2.337196219402674e-10,https://openalex.org/W2018691396
1910,0,3,2,60,0.1342429800009296,7.86089754643937e-11,https://openalex.org/W2040058174
1911,0,3,2,60,0.1342429800009296,7.86089754643937e-11,https://openalex.org/W2040648645
1912,0,3,2,60,0.1342429800009296,7.86089754643937e-11,https://openalex.org/W2041285360
1913,0,3,2,96,0.1551929579837747,1.991033730555332e-10,https://openalex.org/W2043317256
1914,0,3,2,60,0.1342429800009296,7.86089754643937e-11,https://openalex.org/W2043882280
1915,0,3,2,60,0.1342429800009296,7.86089754643937e-11,https://openalex.org/W2051773947
1916,0,3,2,60,0.1342429800009296,7.86089754643937e-11,https://openalex.org/W2056880888
1917,0,3,2,60,0.1342429800009296,7.86089754643937e-11,https://openalex.org/W2066797450
1918,0,3,2,60,0.1342429800009296,7.86089754643937e-11,https://openalex.org/W2072813517
1919,0,3,2,60,0.1342429800009296,7.86089754643937e-11,https://openalex.org/W2084207006
1920,0,3,2,60,0.1342429800009296,7.86089754643937e-11,https://openalex.org/W2095337600
1921,0,3,2,131,0.13495825333396938,2.337196219402674e-10,https://openalex.org/W2103129510
1922,0,3,2,131,0.13495825333396938,2.337196219402674e-10,https://openalex.org/W2106976007
1923,0,3,2,60,0.1342429800009296,7.86089754643937e-11,https://openalex.org/W2115736634
1924,0,3,2,128,0.15602037527619816,2.0847162613956315e-10,https://openalex.org/W2116668395
1925,0,3,2,60,0.1342429800009296,7.86089754643937e-11,https://openalex.org/W2122621931
1926,0,3,2,60,0.1342429800009296,7.86089754643937e-11,https://openalex.org/W2141858806
1927,0,3,2,60,0.1342429800009296,7.86089754643937e-11,https://openalex.org/W2145359668
1928,0,3,2,131,0.13495825333396938,2.337196219402674e-10,https://openalex.org/W2147740030
1929,0,3,2,60,0.1342429800009296,7.86089754643937e-11,https://openalex.org/W2149617571
1930,0,3,2,60,0.1342429800009296,7.86089754643937e-11,https://openalex.org/W2151566277
1931,0,3,2,155,0.15605268599331465,3.230656767680946e-10,https://openalex.org/W2153357207
1932,0,3,2,96,0.1551929579837747,1.991033730555332e-10,https://openalex.org/W2162326753
1933,0,3,2,60,0.1342429800009296,7.86089754643937e-11,https://openalex.org/W2169244873
1934,0,3,2,60,0.1342429800009296,7.86089754643937e-11,https://openalex.org/W2170280233
1935,0,3,2,60,0.1342429800009296,7.86089754643937e-11,https://openalex.org/W2170660620
1936,0,3,2,60,0.1342429800009296,7.86089754643937e-11,https://openalex.org/W2212977723
1937,0,3,2,60,0.1342429800009296,7.86089754643937e-11,https://openalex.org/W2241267575
1938,0,3,2,60,0.1342429800009296,7.86089754643937e-11,https://openalex.org/W2271312795
1939,0,3,2,60,0.1342429800009296,7.86089754643937e-11,https://openalex.org/W2297601929
1940,0,3,2,60,0.1342429800009296,7.86089754643937e-11,https://openalex.org/W2320856784
1941,0,3,2,60,0.1342429800009296,7.86089754643937e-11,https://openalex.org/W2333057202
1942,0,3,2,60,0.1342429800009296,7.86089754643937e-11,https://openalex.org/W2795598039
1943,0,3,2,60,0.1342429800009296,7.86089754643937e-11,https://openalex.org/W316013760
1944,0,3,2,60,0.1342429800009296,7.86089754643937e-11,https://openalex.org/W3205683051
1945,0,3,2,60,0.1342429800009296,7.86089754643937e-11,https://openalex.org/W4210642391
1946,0,3,2,60,0.1342429800009296,7.86089754643937e-11,https://openalex.org/W4361835045
1947,0,3,2,60,0.1342429800009296,7.86089754643937e-11,https://openalex.org/W625407654
2288,0,6,3,117,0.21816427547487494,2.0865712733731545e-05,https://openalex.org/W1966718713
2105,4,13,10,38,0.010620458356623811,8.170655867466445e-16,https://openalex.org/W1496889640
2106,4,13,10,38,0.010620458356623811,8.170655867466445e-16,https://openalex.org/W1542246834
2107,4,13,10,38,0.010620458356623811,8.170655867466445e-16,https://openalex.org/W1553328975
2108,4,13,10,38,0.010620458356623811,8.170655867466445e-16,https://openalex.org/W1576459562
2109,4,13,10,38,0.010620458356623811,8.170655867466445e-16,https://openalex.org/W1583823774
2110,4,13,10,38,0.010620458356623811,8.170655867466445e-16,https://openalex.org/W1773070889
2111,4,13,10,38,0.010620458356623811,8.170655867466445e-16,https://openalex.org/W1806338468
2112,4,13,10,38,0.010620458356623811,8.170655867466445e-16,https://openalex.org/W1823592146
2113,4,13,10,38,0.010620458356623811,8.170655867466445e-16,https://openalex.org/W1939982711
2114,4,13,10,38,0.010620458356623811,8.170655867466445e-16,https://openalex.org/W1977937149
2115,4,13,10,38,0.010620458356623811,8.170655867466445e-16,https://openalex.org/W1989803082
2116,4,13,10,38,0.010620458356623811,8.170655867466445e-16,https://openalex.org/W1991768983
2117,4,13,10,38,0.010620458356623811,8.170655867466445e-16,https://openalex.org/W2000085637
2118,4,13,10,38,0.010620458356623811,8.170655867466445e-16,https://openalex.org/W2003534587
2119,4,13,10,38,0.010620458356623811,8.170655867466445e-16,https://openalex.org/W2008677738
2120,4,13,10,38,0.010620458356623811,8.170655867466445e-16,https://openalex.org/W2014909647
2121,4,13,10,38,0.010620458356623811,8.170655867466445e-16,https://openalex.org/W2015903043
2122,4,13,10,38,0.010620458356623811,8.170655867466445e-16,https://openalex.org/W2017058447
2123,4,13,10,38,0.010620458356623811,8.170655867466445e-16,https://openalex.org/W2036199413
2124,4,13,10,38,0.010620458356623811,8.170655867466445e-16,https://openalex.org/W2046251419
2125,4,13,10,38,0.010620458356623811,8.170655867466445e-16,https://openalex.org/W2056641889
2126,4,13,10,38,0.010620458356623811,8.170655867466445e-16,https://openalex.org/W2057378184
2127,4,13,10,38,0.010620458356623811,8.170655867466445e-16,https://openalex.org/W2059882882
2128,4,13,10,38,0.010620458356623811,8.170655867466445e-16,https://openalex.org/W2064184828
2129,4,13,10,38,0.010620458356623811,8.170655867466445e-16,https://openalex.org/W2075106921
2130,4,13,10,38,0.010620458356623811,8.170655867466445e-16,https://openalex.org/W2084060229
2131,4,13,10,38,0.010620458356623811,8.170655867466445e-16,https://openalex.org/W2091524645
2132,4,13,10,38,0.010620458356623811,8.170655867466445e-16,https://openalex.org/W2094976358
2133,4,13,10,38,0.010620458356623811,8.170655867466445e-16,https://openalex.org/W2096406558
2134,4,13,10,38,0.010620458356623811,8.170655867466445e-16,https://openalex.org/W2103575833
2135,4,13,10,38,0.010620458356623811,8.170655867466445e-16,https://openalex.org/W2107527727
2136,4,13,10,38,0.010620458356623811,8.170655867466445e-16,https://openalex.org/W2111990326
2137,4,13,10,38,0.010620458356623811,8.170655867466445e-16,https://openalex.org/W2136494473
2138,4,13,10,38,0.010620458356623811,8.170655867466445e-16,https://openalex.org/W2149161094
2139,4,13,10,38,0.010620458356623811,8.170655867466445e-16,https://openalex.org/W2165540832
2140,4,13,10,38,0.010620458356623811,8.170655867466445e-16,https://openalex.org/W2168689543
2141,4,13,10,38,0.010620458356623811,8.170655867466445e-16,https://openalex.org/W2943871611
2142,4,13,10,38,0.010620458356623811,8.170655867466445e-16,https://openalex.org/W4246775275
2143,4,13,10,38,0.010620458356623811,8.170655867466445e-16,https://openalex.org/W602886267
2284,0,6,3,64,0.18375648539662698,6.888844572616036e-07,https://openalex.org/W131489487
2285,0,6,3,64,0.18375648539662698,6.888844572616036e-07,https://openalex.org/W1601994579
2286,0,6,3,64,0.18375648539662698,6.888844572616036e-07,https://openalex.org/W1723718611
2287,0,6,3,64,0.18375648539662698,6.888844572616036e-07,https://openalex.org/W1858292025
2289,0,6,3,64,0.18375648539662698,6.888844572616036e-07,https://openalex.org/W1971224299
2290,0,6,3,64,0.18375648539662698,6.888844572616036e-07,https://openalex.org/W1990782909
2291,0,6,3,64,0.18375648539662698,6.888844572616036e-07,https://openalex.org/W1992046934
2292,0,6,3,64,0.18375648539662698,6.888844572616036e-07,https://openalex.org/W2044100052
2293,0,6,3,64,0.18375648539662698,6.888844572616036e-07,https://openalex.org/W2052618085
2294,0,6,3,64,0.18375648539662698,6.888844572616036e-07,https://openalex.org/W2082124763
2295,0,6,3,64,0.18375648539662698,6.888844572616036e-07,https://openalex.org/W2111764383
2296,0,6,3,64,0.18375648539662698,6.888844572616036e-07,https://openalex.org/W2138353682
2297,0,6,3,64,0.18375648539662698,6.888844572616036e-07,https://openalex.org/W2167631493
2298,0,6,3,64,0.18375648539662698,6.888844572616036e-07,https://openalex.org/W2212039962
2299,0,6,3,64,0.18375648539662698,6.888844572616036e-07,https://openalex.org/W2270573739
2300,0,6,3,64,0.18375648539662698,6.888844572616036e-07,https://openalex.org/W2287000815
2301,0,6,3,64,0.18375648539662698,6.888844572616036e-07,https://openalex.org/W2291822534
2302,0,6,3,64,0.18375648539662698,6.888844572616036e-07,https://openalex.org/W2521969216
2303,0,6,3,64,0.18375648539662698,6.888844572616036e-07,https://openalex.org/W2600607963
2304,0,6,3,64,0.18375648539662698,6.888844572616036e-07,https://openalex.org/W2616846565
2305,0,6,3,64,0.18375648539662698,6.888844572616036e-07,https://openalex.org/W2760062370
2306,0,6,3,64,0.18375648539662698,6.888844572616036e-07,https://openalex.org/W2761597723
2307,0,6,3,64,0.18375648539662698,6.888844572616036e-07,https://openalex.org/W2764072425
2308,0,6,3,64,0.18375648539662698,6.888844572616036e-07,https://openalex.org/W2766791475
2309,0,6,3,64,0.18375648539662698,6.888844572616036e-07,https://openalex.org/W2792183666
2310,0,6,3,64,0.18375648539662698,6.888844572616036e-07,https://openalex.org/W2795852989
2311,0,6,3,64,0.18375648539662698,6.888844572616036e-07,https://openalex.org/W2809428257
2312,0,6,3,64,0.18375648539662698,6.888844572616036e-07,https://openalex.org/W2889618019
2313,0,6,3,64,0.18375648539662698,6.888844572616036e-07,https://openalex.org/W2889660953
2314,0,6,3,64,0.18375648539662698,6.888844572616036e-07,https://openalex.org/W2897702578
2315,0,6,3,64,0.18375648539662698,6.888844572616036e-07,https://openalex.org/W2898970033
2316,0,6,3,64,0.18375648539662698,6.888844572616036e-07,https://openalex.org/W2915693981
2317,0,6,3,64,0.18375648539662698,6.888844572616036e-07,https://openalex.org/W2936429810
2318,0,6,3,64,0.18375648539662698,6.888844572616036e-07,https://openalex.org/W2944318114
2319,0,6,3,64,0.18375648539662698,6.888844572616036e-07,https://openalex.org/W2946970484
2320,0,6,3,64,0.18375648539662698,6.888844572616036e-07,https://openalex.org/W2947921523
2321,0,6,3,99,0.18414941532019014,6.894178272879146e-07,https://openalex.org/W2953051821
2322,0,6,3,64,0.18375648539662698,6.888844572616036e-07,https://openalex.org/W2954902623
2323,0,6,3,64,0.18375648539662698,6.888844572616036e-07,https://openalex.org/W2963286498
2324,0,6,3,64,0.18375648539662698,6.888844572616036e-07,https://openalex.org/W2982359627
2325,0,6,3,64,0.18375648539662698,6.888844572616036e-07,https://openalex.org/W2997732765
2326,0,6,3,64,0.18375648539662698,6.888844572616036e-07,https://openalex.org/W2999199799
2327,0,6,3,64,0.18375648539662698,6.888844572616036e-07,https://openalex.org/W3011386933
2328,0,6,3,64,0.18375648539662698,6.888844572616036e-07,https://openalex.org/W3022607203
2329,0,6,3,64,0.18375648539662698,6.888844572616036e-07,https://openalex.org/W3042555416
2330,0,6,3,64,0.18375648539662698,6.888844572616036e-07,https://openalex.org/W3125366325
2331,0,6,3,64,0.18375648539662698,6.888844572616036e-07,https://openalex.org/W3166528191
2332,0,6,3,64,0.18375648539662698,6.888844572616036e-07,https://openalex.org/W338282105
2333,0,6,3,64,0.18375648539662698,6.888844572616036e-07,https://openalex.org/W4205928120
2334,0,6,3,110,0.22089832392531125,4.125199435202396e-05,https://openalex.org/W4206305191
2335,0,6,3,148,0.19312857243293857,5.003959123064601e-06,https://openalex.org/W4231978264
2336,0,6,3,64,0.18375648539662698,6.888844572616036e-07,https://openalex.org/W4247537578
2337,0,6,3,64,0.18375648539662698,6.888844572616036e-07,https://openalex.org/W4248887627
2338,0,6,3,64,0.18375648539662698,6.888844572616036e-07,https://openalex.org/W4249749119
2339,0,6,3,64,0.18375648539662698,6.888844572616036e-07,https://openalex.org/W4250558624
2340,0,6,3,64,0.18375648539662698,6.888844572616036e-07,https://openalex.org/W4255626097
2341,0,6,3,64,0.18375648539662698,6.888844572616036e-07,https://openalex.org/W43059464
2342,0,6,3,64,0.18375648539662698,6.888844572616036e-07,https://openalex.org/W4380321043
2818,0,6,3,110,0.22089832392531125,4.125199435202396e-05,https://openalex.org/W4206305191
2795,0,6,3,35,0.21784891803706793,4.093250472524148e-05,https://openalex.org/W104144613
2796,0,6,3,35,0.21784891803706793,4.093250472524148e-05,https://openalex.org/W1599891097
2797,0,6,3,35,0.21784891803706793,4.093250472524148e-05,https://openalex.org/W1975617374
2798,0,6,3,35,0.21784891803706793,4.093250472524148e-05,https://openalex.org/W2010816392
2799,0,6,3,103,0.21927525316171045,4.444046501168074e-05,https://openalex.org/W2075811243
2800,0,6,3,35,0.21784891803706793,4.093250472524148e-05,https://openalex.org/W2115123524
2801,0,6,3,35,0.21784891803706793,4.093250472524148e-05,https://openalex.org/W2120340286
2803,0,6,3,35,0.21784891803706793,4.093250472524148e-05,https://openalex.org/W2142269397
2804,0,6,3,35,0.21784891803706793,4.093250472524148e-05,https://openalex.org/W217774197
2805,0,6,3,35,0.21784891803706793,4.093250472524148e-05,https://openalex.org/W2212034912
2806,0,6,3,35,0.21784891803706793,4.093250472524148e-05,https://openalex.org/W2252351721
2808,0,6,3,35,0.21784891803706793,4.093250472524148e-05,https://openalex.org/W2344580340
2809,0,6,3,35,0.21784891803706793,4.093250472524148e-05,https://openalex.org/W2461553096
2810,0,6,3,103,0.21927525316171045,4.444046501168074e-05,https://openalex.org/W2523553082
2811,0,6,3,35,0.21784891803706793,4.093250472524148e-05,https://openalex.org/W2531444790
2812,0,6,3,35,0.21784891803706793,4.093250472524148e-05,https://openalex.org/W2582307273
2813,0,6,3,35,0.21784891803706793,4.093250472524148e-05,https://openalex.org/W2890591950
2814,0,6,3,35,0.21784891803706793,4.093250472524148e-05,https://openalex.org/W2899388179
2815,0,6,3,35,0.21784891803706793,4.093250472524148e-05,https://openalex.org/W2936728258
2816,0,6,3,35,0.21784891803706793,4.093250472524148e-05,https://openalex.org/W3122069398
2817,0,6,3,35,0.21784891803706793,4.093250472524148e-05,https://openalex.org/W3122659730
2819,0,6,3,35,0.21784891803706793,4.093250472524148e-05,https://openalex.org/W4229833068
2820,0,6,3,35,0.21784891803706793,4.093250472524148e-05,https://openalex.org/W4232268312
2821,0,6,3,103,0.21927525316171045,4.444046501168074e-05,https://openalex.org/W4255290445
2822,0,6,3,35,0.21784891803706793,4.093250472524148e-05,https://openalex.org/W97875496
3247,0,6,3,95,0.18797365949241485,4.345667165210912e-06,https://openalex.org/W2923653770
2606,0,9,11,36,0.21924335393954553,5.4778801431715294e-06,https://openalex.org/W1481613157
2607,0,9,11,36,0.21924335393954553,5.4778801431715294e-06,https://openalex.org/W1482461688
2608,0,9,11,36,0.21924335393954553,5.4778801431715294e-06,https://openalex.org/W1545131993
2609,0,9,11,36,0.21924335393954553,5.4778801431715294e-06,https://openalex.org/W1570056301
2610,0,9,11,36,0.21924335393954553,5.4778801431715294e-06,https://openalex.org/W1588516166
2611,0,9,11,36,0.21924335393954553,5.4778801431715294e-06,https://openalex.org/W1772121948
2612,0,9,11,36,0.21924335393954553,5.4778801431715294e-06,https://openalex.org/W1978643436
2613,0,9,11,36,0.21924335393954553,5.4778801431715294e-06,https://openalex.org/W1979128870
2615,0,9,11,36,0.21924335393954553,5.4778801431715294e-06,https://openalex.org/W2006479099
2616,0,9,11,36,0.21924335393954553,5.4778801431715294e-06,https://openalex.org/W2012447057
2617,0,9,11,36,0.21924335393954553,5.4778801431715294e-06,https://openalex.org/W20319142
2618,0,9,11,36,0.21924335393954553,5.4778801431715294e-06,https://openalex.org/W2043384360
2619,0,9,11,36,0.21924335393954553,5.4778801431715294e-06,https://openalex.org/W2058809656
2620,0,9,11,36,0.21924335393954553,5.4778801431715294e-06,https://openalex.org/W2061220710
2621,0,9,11,36,0.21924335393954553,5.4778801431715294e-06,https://openalex.org/W2082475990
2622,0,9,11,36,0.21924335393954553,5.4778801431715294e-06,https://openalex.org/W2101957299
2623,0,9,11,36,0.21924335393954553,5.4778801431715294e-06,https://openalex.org/W2106868160
2624,0,9,11,36,0.21924335393954553,5.4778801431715294e-06,https://openalex.org/W2107067966
2625,0,9,11,36,0.21924335393954553,5.4778801431715294e-06,https://openalex.org/W2138966740
2626,0,9,11,36,0.21924335393954553,5.4778801431715294e-06,https://openalex.org/W2153646932
2627,0,9,11,36,0.21924335393954553,5.4778801431715294e-06,https://openalex.org/W2320649214
2628,0,9,11,36,0.21924335393954553,5.4778801431715294e-06,https://openalex.org/W2326915217
2629,0,9,11,36,0.21924335393954553,5.4778801431715294e-06,https://openalex.org/W2340181789
2630,0,9,11,36,0.21924335393954553,5.4778801431715294e-06,https://openalex.org/W2390008750
2631,0,9,11,36,0.21924335393954553,5.4778801431715294e-06,https://openalex.org/W2515244500
2632,0,9,11,36,0.21924335393954553,5.4778801431715294e-06,https://openalex.org/W2548315234
2633,0,9,11,36,0.21924335393954553,5.4778801431715294e-06,https://openalex.org/W2577761430
2634,0,9,11,36,0.21924335393954553,5.4778801431715294e-06,https://openalex.org/W2609259052
2635,0,9,11,36,0.21924335393954553,5.4778801431715294e-06,https://openalex.org/W2770884220
2636,0,9,11,36,0.21924335393954553,5.4778801431715294e-06,https://openalex.org/W2907000155
2637,0,9,11,36,0.21924335393954553,5.4778801431715294e-06,https://openalex.org/W3093851237
2638,0,9,11,36,0.21924335393954553,5.4778801431715294e-06,https://openalex.org/W4233651611
2639,0,9,11,36,0.21924335393954553,5.4778801431715294e-06,https://openalex.org/W4234392185
2640,0,9,11,36,0.21924335393954553,5.4778801431715294e-06,https://openalex.org/W4248161839
2641,0,9,11,36,0.21924335393954553,5.4778801431715294e-06,https://openalex.org/W6589524
2698,5,14,8,49,0.01369480156512018,3.394985149162623e-14,https://openalex.org/W1505129894
42,5,14,8,49,0.01369480156512018,3.394985149162623e-14,https://openalex.org/W1728407011
2699,5,14,8,49,0.01369480156512018,3.394985149162623e-14,https://openalex.org/W1587682423
2700,5,14,8,49,0.01369480156512018,3.394985149162623e-14,https://openalex.org/W1598774187
2701,5,14,8,49,0.01369480156512018,3.394985149162623e-14,https://openalex.org/W1608760034
2702,5,14,8,49,0.01369480156512018,3.394985149162623e-14,https://openalex.org/W1728407011
2703,5,14,8,49,0.01369480156512018,3.394985149162623e-14,https://openalex.org/W1969150202
2704,5,14,8,49,0.01369480156512018,3.394985149162623e-14,https://openalex.org/W1993951689
2705,5,14,8,49,0.01369480156512018,3.394985149162623e-14,https://openalex.org/W1996325890
2706,5,14,8,49,0.01369480156512018,3.394985149162623e-14,https://openalex.org/W2032962639
2707,5,14,8,49,0.01369480156512018,3.394985149162623e-14,https://openalex.org/W2036188247
2708,5,14,8,49,0.01369480156512018,3.394985149162623e-14,https://openalex.org/W2047490287
2709,5,14,8,49,0.01369480156512018,3.394985149162623e-14,https://openalex.org/W2052786148
2710,5,14,8,49,0.01369480156512018,3.394985149162623e-14,https://openalex.org/W2056799610
2711,5,14,8,49,0.01369480156512018,3.394985149162623e-14,https://openalex.org/W2061610289
2712,5,14,8,49,0.01369480156512018,3.394985149162623e-14,https://openalex.org/W2064513208
2713,5,14,8,49,0.01369480156512018,3.394985149162623e-14,https://openalex.org/W2069201391
2714,5,14,8,49,0.01369480156512018,3.394985149162623e-14,https://openalex.org/W2071654117
2715,5,14,8,49,0.01369480156512018,3.394985149162623e-14,https://openalex.org/W2079875205
2716,5,14,8,49,0.01369480156512018,3.394985149162623e-14,https://openalex.org/W2085906159
2717,5,14,8,49,0.01369480156512018,3.394985149162623e-14,https://openalex.org/W2090548399
2718,5,14,8,49,0.01369480156512018,3.394985149162623e-14,https://openalex.org/W2096868453
2719,5,14,8,49,0.01369480156512018,3.394985149162623e-14,https://openalex.org/W2100380498
2720,5,14,8,49,0.01369480156512018,3.394985149162623e-14,https://openalex.org/W2116978432
2721,5,14,8,49,0.01369480156512018,3.394985149162623e-14,https://openalex.org/W2120917629
2722,5,14,8,49,0.01369480156512018,3.394985149162623e-14,https://openalex.org/W2128372969
2723,5,14,8,49,0.01369480156512018,3.394985149162623e-14,https://openalex.org/W2135969267
2724,5,14,8,49,0.01369480156512018,3.394985149162623e-14,https://openalex.org/W2139783553
2725,5,14,8,49,0.01369480156512018,3.394985149162623e-14,https://openalex.org/W2142485549
2726,5,14,8,49,0.01369480156512018,3.394985149162623e-14,https://openalex.org/W2147148364
2727,5,14,8,49,0.01369480156512018,3.394985149162623e-14,https://openalex.org/W2148120729
2728,5,14,8,49,0.01369480156512018,3.394985149162623e-14,https://openalex.org/W2150141667
2729,5,14,8,49,0.01369480156512018,3.394985149162623e-14,https://openalex.org/W2155499456
2730,5,14,8,49,0.01369480156512018,3.394985149162623e-14,https://openalex.org/W2159252474
2731,5,14,8,49,0.01369480156512018,3.394985149162623e-14,https://openalex.org/W2163684370
2732,5,14,8,49,0.01369480156512018,3.394985149162623e-14,https://openalex.org/W2166673651
2733,5,14,8,49,0.01369480156512018,3.394985149162623e-14,https://openalex.org/W2170838887
2734,5,14,8,49,0.01369480156512018,3.394985149162623e-14,https://openalex.org/W2286490553
2735,5,14,8,49,0.01369480156512018,3.394985149162623e-14,https://openalex.org/W2482834658
2736,5,14,8,49,0.01369480156512018,3.394985149162623e-14,https://openalex.org/W2739069361
2737,5,14,8,49,0.01369480156512018,3.394985149162623e-14,https://openalex.org/W2792424146
2738,5,14,8,49,0.01369480156512018,3.394985149162623e-14,https://openalex.org/W2852458049
2739,5,14,8,49,0.01369480156512018,3.394985149162623e-14,https://openalex.org/W2889750549
2740,5,14,8,49,0.01369480156512018,3.394985149162623e-14,https://openalex.org/W2890373521
2741,5,14,8,49,0.01369480156512018,3.394985149162623e-14,https://openalex.org/W3021353408
2742,5,14,8,49,0.01369480156512018,3.394985149162623e-14,https://openalex.org/W4214816511
2743,5,14,8,49,0.01369480156512018,3.394985149162623e-14,https://openalex.org/W4230915430
2744,5,14,8,49,0.01369480156512018,3.394985149162623e-14,https://openalex.org/W4232985782
2745,5,14,8,49,0.01369480156512018,3.394985149162623e-14,https://openalex.org/W4243073173
2746,5,14,8,49,0.01369480156512018,3.394985149162623e-14,https://openalex.org/W4249831151
2935,0,11,3,62,0.21830648438914116,8.114490743174713e-05,https://openalex.org/W1979149406
2936,0,11,3,62,0.21830648438914116,8.114490743174713e-05,https://openalex.org/W2000032138
2937,0,11,3,62,0.21830648438914116,8.114490743174713e-05,https://openalex.org/W2010476788
2938,0,11,3,62,0.21830648438914116,8.114490743174713e-05,https://openalex.org/W2012231914
2939,0,11,3,62,0.21830648438914116,8.114490743174713e-05,https://openalex.org/W2014134756
2940,0,11,3,62,0.21830648438914116,8.114490743174713e-05,https://openalex.org/W2021258309
2941,0,11,3,62,0.21830648438914116,8.114490743174713e-05,https://openalex.org/W2033015685
2942,0,11,3,62,0.21830648438914116,8.114490743174713e-05,https://openalex.org/W2054154729
2943,0,11,3,62,0.21830648438914116,8.114490743174713e-05,https://openalex.org/W2064311067
2944,0,11,3,62,0.21830648438914116,8.114490743174713e-05,https://openalex.org/W2081165730
2945,0,11,3,62,0.21830648438914116,8.114490743174713e-05,https://openalex.org/W2105012241
2946,0,11,3,62,0.21830648438914116,8.114490743174713e-05,https://openalex.org/W2132852717
2947,0,11,3,62,0.21830648438914116,8.114490743174713e-05,https://openalex.org/W2149201528
2948,0,11,3,62,0.21830648438914116,8.114490743174713e-05,https://openalex.org/W2158672897
2949,0,11,3,62,0.21830648438914116,8.114490743174713e-05,https://openalex.org/W2225097792
2950,0,11,3,62,0.21830648438914116,8.114490743174713e-05,https://openalex.org/W2303185728
2951,0,11,3,62,0.21830648438914116,8.114490743174713e-05,https://openalex.org/W2409542037
2952,0,11,3,62,0.21830648438914116,8.114490743174713e-05,https://openalex.org/W2410101759
2953,0,11,3,62,0.21830648438914116,8.114490743174713e-05,https://openalex.org/W2489296223
2954,0,11,3,62,0.21830648438914116,8.114490743174713e-05,https://openalex.org/W2494717155
2955,0,11,3,62,0.21830648438914116,8.114490743174713e-05,https://openalex.org/W2559981520
2956,0,11,3,62,0.21830648438914116,8.114490743174713e-05,https://openalex.org/W2560279132
2958,0,11,3,62,0.21830648438914116,8.114490743174713e-05,https://openalex.org/W2605474355
2959,0,11,3,62,0.21830648438914116,8.114490743174713e-05,https://openalex.org/W2605634262
2960,0,11,3,62,0.21830648438914116,8.114490743174713e-05,https://openalex.org/W2779886828
2961,0,11,3,62,0.21830648438914116,8.114490743174713e-05,https://openalex.org/W2795810251
2962,0,11,3,62,0.21830648438914116,8.114490743174713e-05,https://openalex.org/W2804122914
2963,0,11,3,62,0.21830648438914116,8.114490743174713e-05,https://openalex.org/W2805773401
2964,0,11,3,62,0.21830648438914116,8.114490743174713e-05,https://openalex.org/W2805976071
2965,0,11,3,62,0.21830648438914116,8.114490743174713e-05,https://openalex.org/W2891820965
2966,0,11,3,62,0.21830648438914116,8.114490743174713e-05,https://openalex.org/W2893132147
2967,0,11,3,62,0.21830648438914116,8.114490743174713e-05,https://openalex.org/W2902284454
2968,0,11,3,62,0.21830648438914116,8.114490743174713e-05,https://openalex.org/W2907925840
2969,0,11,3,62,0.21830648438914116,8.114490743174713e-05,https://openalex.org/W2913549539
2970,0,11,3,62,0.21830648438914116,8.114490743174713e-05,https://openalex.org/W2925767563
2971,0,11,3,62,0.21830648438914116,8.114490743174713e-05,https://openalex.org/W2935761200
2972,0,11,3,62,0.21830648438914116,8.114490743174713e-05,https://openalex.org/W2944627930
2973,0,11,3,62,0.21830648438914116,8.114490743174713e-05,https://openalex.org/W2947975034
2974,0,11,3,62,0.21830648438914116,8.114490743174713e-05,https://openalex.org/W2952033450
2975,0,11,3,62,0.21830648438914116,8.114490743174713e-05,https://openalex.org/W2963220664
2976,0,11,3,62,0.21830648438914116,8.114490743174713e-05,https://openalex.org/W2985001966
2977,0,11,3,62,0.21830648438914116,8.114490743174713e-05,https://openalex.org/W2996286161
2978,0,11,3,62,0.21830648438914116,8.114490743174713e-05,https://openalex.org/W3005110759
2979,0,11,3,62,0.21830648438914116,8.114490743174713e-05,https://openalex.org/W3006018007
2980,0,11,3,62,0.21830648438914116,8.114490743174713e-05,https://openalex.org/W3044087203
2981,0,11,3,62,0.21830648438914116,8.114490743174713e-05,https://openalex.org/W3083898040
2982,0,11,3,62,0.21830648438914116,8.114490743174713e-05,https://openalex.org/W3084220925
2983,0,11,3,62,0.21830648438914116,8.114490743174713e-05,https://openalex.org/W3085881446
2984,0,11,3,62,0.21830648438914116,8.114490743174713e-05,https://openalex.org/W3093522104
2985,0,11,3,62,0.21830648438914116,8.114490743174713e-05,https://openalex.org/W3094124941
2986,0,11,3,62,0.21830648438914116,8.114490743174713e-05,https://openalex.org/W3111767884
2987,0,11,3,62,0.21830648438914116,8.114490743174713e-05,https://openalex.org/W3112900607
2988,0,11,3,62,0.21830648438914116,8.114490743174713e-05,https://openalex.org/W4206488967
2990,0,11,3,62,0.21830648438914116,8.114490743174713e-05,https://openalex.org/W4247268056
2991,0,11,3,62,0.21830648438914116,8.114490743174713e-05,https://openalex.org/W4250338314
2992,0,11,3,62,0.21830648438914116,8.114490743174713e-05,https://openalex.org/W4288079856
2993,0,11,3,62,0.21830648438914116,8.114490743174713e-05,https://openalex.org/W4297028041
2994,0,11,3,62,0.21830648438914116,8.114490743174713e-05,https://openalex.org/W626695971
2995,0,11,3,62,0.21830648438914116,8.114490743174713e-05,https://openalex.org/W77903994
2996,6,15,13,32,0.008943543879262158,6.668020279709437e-17,https://openalex.org/W1503922730
2997,6,15,13,32,0.008943543879262158,6.668020279709437e-17,https://openalex.org/W1553700798
2998,6,15,13,32,0.008943543879262158,6.668020279709437e-17,https://openalex.org/W1893371726
2999,6,15,13,32,0.008943543879262158,6.668020279709437e-17,https://openalex.org/W1913452143
3000,6,15,13,32,0.008943543879262158,6.668020279709437e-17,https://openalex.org/W1965464222
3001,6,15,13,32,0.008943543879262158,6.668020279709437e-17,https://openalex.org/W1987140504
3002,6,15,13,32,0.008943543879262158,6.668020279709437e-17,https://openalex.org/W2003960890
3003,6,15,13,32,0.008943543879262158,6.668020279709437e-17,https://openalex.org/W2007669156
3004,6,15,13,32,0.008943543879262158,6.668020279709437e-17,https://openalex.org/W2016593370
3005,6,15,13,32,0.008943543879262158,6.668020279709437e-17,https://openalex.org/W2027407045
3006,6,15,13,32,0.008943543879262158,6.668020279709437e-17,https://openalex.org/W2036786441
3007,6,15,13,32,0.008943543879262158,6.668020279709437e-17,https://openalex.org/W2095253588
3008,6,15,13,32,0.008943543879262158,6.668020279709437e-17,https://openalex.org/W2118454401
3009,6,15,13,32,0.008943543879262158,6.668020279709437e-17,https://openalex.org/W2128714088
3010,6,15,13,32,0.008943543879262158,6.668020279709437e-17,https://openalex.org/W2294531310
3011,6,15,13,32,0.008943543879262158,6.668020279709437e-17,https://openalex.org/W2316564403
3012,6,15,13,32,0.008943543879262158,6.668020279709437e-17,https://openalex.org/W2358457898
3013,6,15,13,32,0.008943543879262158,6.668020279709437e-17,https://openalex.org/W2470063987
3014,6,15,13,32,0.008943543879262158,6.668020279709437e-17,https://openalex.org/W2517364396
3015,6,15,13,32,0.008943543879262158,6.668020279709437e-17,https://openalex.org/W2533955894
3016,6,15,13,32,0.008943543879262158,6.668020279709437e-17,https://openalex.org/W2556910453
3017,6,15,13,32,0.008943543879262158,6.668020279709437e-17,https://openalex.org/W2756604504
3018,6,15,13,32,0.008943543879262158,6.668020279709437e-17,https://openalex.org/W2762618553
3019,6,15,13,32,0.008943543879262158,6.668020279709437e-17,https://openalex.org/W2788196642
3020,6,15,13,32,0.008943543879262158,6.668020279709437e-17,https://openalex.org/W2793186845
3021,6,15,13,32,0.008943543879262158,6.668020279709437e-17,https://openalex.org/W2894951928
3022,6,15,13,32,0.008943543879262158,6.668020279709437e-17,https://openalex.org/W2897421359
3023,6,15,13,32,0.008943543879262158,6.668020279709437e-17,https://openalex.org/W2923511331
3024,6,15,13,32,0.008943543879262158,6.668020279709437e-17,https://openalex.org/W2924182973
3025,6,15,13,32,0.008943543879262158,6.668020279709437e-17,https://openalex.org/W2952337682
3026,6,15,13,32,0.008943543879262158,6.668020279709437e-17,https://openalex.org/W3022374788
3027,6,15,13,32,0.008943543879262158,6.668020279709437e-17,https://openalex.org/W3095280756
3028,6,15,13,32,0.008943543879262158,6.668020279709437e-17,https://openalex.org/W314814923
3155,7,16,12,34,0.009502515371716043,1.6117900820992634e-16,https://openalex.org/W1986829999
3156,7,16,12,34,0.009502515371716043,1.6117900820992634e-16,https://openalex.org/W1992848799
3157,7,16,12,34,0.009502515371716043,1.6117900820992634e-16,https://openalex.org/W2032805593
3158,7,16,12,34,0.009502515371716043,1.6117900820992634e-16,https://openalex.org/W2047102804
3159,7,16,12,34,0.009502515371716043,1.6117900820992634e-16,https://openalex.org/W2056775433
3160,7,16,12,34,0.009502515371716043,1.6117900820992634e-16,https://openalex.org/W2062462937
3161,7,16,12,34,0.009502515371716043,1.6117900820992634e-16,https://openalex.org/W2093833848
3162,7,16,12,34,0.009502515371716043,1.6117900820992634e-16,https://openalex.org/W2127575305
3163,7,16,12,34,0.009502515371716043,1.6117900820992634e-16,https://openalex.org/W2138531478
3164,7,16,12,34,0.009502515371716043,1.6117900820992634e-16,https://openalex.org/W2156949376
3165,7,16,12,34,0.009502515371716043,1.6117900820992634e-16,https://openalex.org/W2157346346
3166,7,16,12,34,0.009502515371716043,1.6117900820992634e-16,https://openalex.org/W2472912389
3167,7,16,12,34,0.009502515371716043,1.6117900820992634e-16,https://openalex.org/W2479148258
3168,7,16,12,34,0.009502515371716043,1.6117900820992634e-16,https://openalex.org/W2606394545
3169,7,16,12,34,0.009502515371716043,1.6117900820992634e-16,https://openalex.org/W2729329806
3170,7,16,12,34,0.009502515371716043,1.6117900820992634e-16,https://openalex.org/W2750929902
3171,7,16,12,34,0.009502515371716043,1.6117900820992634e-16,https://openalex.org/W2782338282
3172,7,16,12,34,0.009502515371716043,1.6117900820992634e-16,https://openalex.org/W2791197325
3173,7,16,12,34,0.009502515371716043,1.6117900820992634e-16,https://openalex.org/W2804588240
3174,7,16,12,34,0.009502515371716043,1.6117900820992634e-16,https://openalex.org/W2810245044
3175,7,16,12,34,0.009502515371716043,1.6117900820992634e-16,https://openalex.org/W2888276673
3176,7,16,12,34,0.009502515371716043,1.6117900820992634e-16,https://openalex.org/W2909678677
3177,7,16,12,34,0.009502515371716043,1.6117900820992634e-16,https://openalex.org/W2910399608
3178,7,16,12,34,0.009502515371716043,1.6117900820992634e-16,https://openalex.org/W2912842935
3179,7,16,12,34,0.009502515371716043,1.6117900820992634e-16,https://openalex.org/W2927349217
3180,7,16,12,34,0.009502515371716043,1.6117900820992634e-16,https://openalex.org/W2939256659
3181,7,16,12,34,0.009502515371716043,1.6117900820992634e-16,https://openalex.org/W2947114009
3182,7,16,12,34,0.009502515371716043,1.6117900820992634e-16,https://openalex.org/W2962950995
3183,7,16,12,34,0.009502515371716043,1.6117900820992634e-16,https://openalex.org/W2973166933
3184,7,16,12,34,0.009502515371716043,1.6117900820992634e-16,https://openalex.org/W2973615165
3185,7,16,12,34,0.009502515371716043,1.6117900820992634e-16,https://openalex.org/W2995267566
3186,7,16,12,34,0.009502515371716043,1.6117900820992634e-16,https://openalex.org/W3028662706
3187,7,16,12,34,0.009502515371716043,1.6117900820992634e-16,https://openalex.org/W3041043908
3188,7,16,12,34,0.009502515371716043,1.6117900820992634e-16,https://openalex.org/W3046092669
3189,7,16,12,34,0.009502515371716043,1.6117900820992634e-16,https://openalex.org/W3186935720
3230,0,6,3,23,0.15620634483628068,2.9256146048889512e-08,https://openalex.org/W1571330597
3231,0,6,3,23,0.15620634483628068,2.9256146048889512e-08,https://openalex.org/W1963991285
3232,0,6,3,23,0.15620634483628068,2.9256146048889512e-08,https://openalex.org/W2002222473
3233,0,6,3,23,0.15620634483628068,2.9256146048889512e-08,https://openalex.org/W2020802078
3234,0,6,3,23,0.15620634483628068,2.9256146048889512e-08,https://openalex.org/W2042038097
3235,0,6,3,23,0.15620634483628068,2.9256146048889512e-08,https://openalex.org/W2090155050
3236,0,6,3,23,0.15620634483628068,2.9256146048889512e-08,https://openalex.org/W2114483739
3237,0,6,3,23,0.15620634483628068,2.9256146048889512e-08,https://openalex.org/W2117164351
3238,0,6,3,23,0.15620634483628068,2.9256146048889512e-08,https://openalex.org/W2139726373
3239,0,6,3,23,0.15620634483628068,2.9256146048889512e-08,https://openalex.org/W2141905255
3240,0,6,3,23,0.15620634483628068,2.9256146048889512e-08,https://openalex.org/W2146988510
3241,0,6,3,23,0.15620634483628068,2.9256146048889512e-08,https://openalex.org/W2156511788
3242,0,6,3,23,0.15620634483628068,2.9256146048889512e-08,https://openalex.org/W2164868138
3243,0,6,3,23,0.15620634483628068,2.9256146048889512e-08,https://openalex.org/W2269251623
3244,0,6,3,23,0.15620634483628068,2.9256146048889512e-08,https://openalex.org/W2396441515
3245,0,6,3,23,0.15620634483628068,2.9256146048889512e-08,https://openalex.org/W2427259568
3246,0,6,3,23,0.15620634483628068,2.9256146048889512e-08,https://openalex.org/W263483357
3248,0,6,3,23,0.15620634483628068,2.9256146048889512e-08,https://openalex.org/W3031051743
3249,0,6,3,23,0.15620634483628068,2.9256146048889512e-08,https://openalex.org/W4223611556
3250,0,6,3,23,0.15620634483628068,2.9256146048889512e-08,https://openalex.org/W4236779056
3251,0,6,3,23,0.15620634483628068,2.9256146048889512e-08,https://openalex.org/W4247173862
3252,0,6,3,23,0.15620634483628068,2.9256146048889512e-08,https://openalex.org/W70336234
3296,0,2,16,21,0.2152354777178572,3.2287086353165648e-06,https://openalex.org/W2118889204
3297,0,2,16,21,0.2152354777178572,3.2287086353165648e-06,https://openalex.org/W2756041290
3298,0,2,16,21,0.2152354777178572,3.2287086353165648e-06,https://openalex.org/W2793334788
3299,0,2,16,21,0.2152354777178572,3.2287086353165648e-06,https://openalex.org/W2900536590
3300,0,2,16,21,0.2152354777178572,3.2287086353165648e-06,https://openalex.org/W2904318984
3301,0,2,16,21,0.2152354777178572,3.2287086353165648e-06,https://openalex.org/W3017178742
3302,0,2,16,21,0.2152354777178572,3.2287086353165648e-06,https://openalex.org/W3019512118
3303,0,2,16,21,0.2152354777178572,3.2287086353165648e-06,https://openalex.org/W3022013351
3304,0,2,16,21,0.2152354777178572,3.2287086353165648e-06,https://openalex.org/W3025211948
3305,0,2,16,21,0.2152354777178572,3.2287086353165648e-06,https://openalex.org/W3033615231
3306,0,2,16,21,0.2152354777178572,3.2287086353165648e-06,https://openalex.org/W3041835298
3307,0,2,16,21,0.2152354777178572,3.2287086353165648e-06,https://openalex.org/W3046072662
3308,0,2,16,21,0.2152354777178572,3.2287086353165648e-06,https://openalex.org/W3091484888
3310,0,2,16,21,0.2152354777178572,3.2287086353165648e-06,https://openalex.org/W3095532263
3311,0,2,16,21,0.2152354777178572,3.2287086353165648e-06,https://openalex.org/W3096272784
3312,0,2,16,21,0.2152354777178572,3.2287086353165648e-06,https://openalex.org/W3096386307
3313,0,2,16,21,0.2152354777178572,3.2287086353165648e-06,https://openalex.org/W3112045096
3314,0,2,16,21,0.2152354777178572,3.2287086353165648e-06,https://openalex.org/W3112046458
3315,0,2,16,21,0.2152354777178572,3.2287086353165648e-06,https://openalex.org/W3194066091
3316,0,2,16,21,0.2152354777178572,3.2287086353165648e-06,https://openalex.org/W4205668978
3506,8,17,7,67,0.01872554499720514,3.419176377934878e-12,https://openalex.org/W144336581
3507,8,17,7,67,0.01872554499720514,3.419176377934878e-12,https://openalex.org/W1528251861
3508,8,17,7,67,0.01872554499720514,3.419176377934878e-12,https://openalex.org/W2054926814
3509,8,17,7,67,0.01872554499720514,3.419176377934878e-12,https://openalex.org/W2131977879
3510,8,17,7,67,0.01872554499720514,3.419176377934878e-12,https://openalex.org/W2407976382
3511,8,17,7,67,0.01872554499720514,3.419176377934878e-12,https://openalex.org/W2570812812
3512,8,17,7,67,0.01872554499720514,3.419176377934878e-12,https://openalex.org/W2581723203
3513,8,17,7,67,0.01872554499720514,3.419176377934878e-12,https://openalex.org/W2593915160
3514,8,17,7,67,0.01872554499720514,3.419176377934878e-12,https://openalex.org/W2607155039
3515,8,17,7,67,0.01872554499720514,3.419176377934878e-12,https://openalex.org/W2618569640
3516,8,17,7,67,0.01872554499720514,3.419176377934878e-12,https://openalex.org/W2622037114
3517,8,17,7,67,0.01872554499720514,3.419176377934878e-12,https://openalex.org/W2761032822
3518,8,17,7,67,0.01872554499720514,3.419176377934878e-12,https://openalex.org/W2761193195
3519,8,17,7,67,0.01872554499720514,3.419176377934878e-12,https://openalex.org/W2800822823
3520,8,17,7,67,0.01872554499720514,3.419176377934878e-12,https://openalex.org/W2801680150
3521,8,17,7,67,0.01872554499720514,3.419176377934878e-12,https://openalex.org/W2893105950
3522,8,17,7,67,0.01872554499720514,3.419176377934878e-12,https://openalex.org/W2900939487
3523,8,17,7,67,0.01872554499720514,3.419176377934878e-12,https://openalex.org/W2955273711
3524,8,17,7,67,0.01872554499720514,3.419176377934878e-12,https://openalex.org/W2959327140
3525,8,17,7,67,0.01872554499720514,3.419176377934878e-12,https://openalex.org/W2971729640
3526,8,17,7,67,0.01872554499720514,3.419176377934878e-12,https://openalex.org/W2972056779
3527,8,17,7,67,0.01872554499720514,3.419176377934878e-12,https://openalex.org/W2979906316
3528,8,17,7,67,0.01872554499720514,3.419176377934878e-12,https://openalex.org/W2981287764
3529,8,17,7,67,0.01872554499720514,3.419176377934878e-12,https://openalex.org/W2987399914
3530,8,17,7,67,0.01872554499720514,3.419176377934878e-12,https://openalex.org/W3000603264
3531,8,17,7,67,0.01872554499720514,3.419176377934878e-12,https://openalex.org/W3011268228
3532,8,17,7,67,0.01872554499720514,3.419176377934878e-12,https://openalex.org/W3016058652
3533,8,17,7,67,0.01872554499720514,3.419176377934878e-12,https://openalex.org/W3038004684
3534,8,17,7,67,0.01872554499720514,3.419176377934878e-12,https://openalex.org/W3040322941
3535,8,17,7,67,0.01872554499720514,3.419176377934878e-12,https://openalex.org/W3044724920
3536,8,17,7,67,0.01872554499720514,3.419176377934878e-12,https://openalex.org/W3044792368
3537,8,17,7,67,0.01872554499720514,3.419176377934878e-12,https://openalex.org/W3096252686
3538,8,17,7,67,0.01872554499720514,3.419176377934878e-12,https://openalex.org/W3110021006
3539,8,17,7,67,0.01872554499720514,3.419176377934878e-12,https://openalex.org/W3110921195
3540,8,17,7,67,0.01872554499720514,3.419176377934878e-12,https://openalex.org/W3120151967
3541,8,17,7,67,0.01872554499720514,3.419176377934878e-12,https://openalex.org/W3121443796
3542,8,17,7,67,0.01872554499720514,3.419176377934878e-12,https://openalex.org/W3154458271
3543,8,17,7,67,0.01872554499720514,3.419176377934878e-12,https://openalex.org/W3154733448
3544,8,17,7,67,0.01872554499720514,3.419176377934878e-12,https://openalex.org/W3159419734
3545,8,17,7,67,0.01872554499720514,3.419176377934878e-12,https://openalex.org/W3160335138
3546,8,17,7,67,0.01872554499720514,3.419176377934878e-12,https://openalex.org/W3172572707
3547,8,17,7,67,0.01872554499720514,3.419176377934878e-12,https://openalex.org/W3178738300
3548,8,17,7,67,0.01872554499720514,3.419176377934878e-12,https://openalex.org/W3180264155
3549,8,17,7,67,0.01872554499720514,3.419176377934878e-12,https://openalex.org/W3183470358
3550,8,17,7,67,0.01872554499720514,3.419176377934878e-12,https://openalex.org/W3189259804
3551,8,17,7,67,0.01872554499720514,3.419176377934878e-12,https://openalex.org/W3197170037
3552,8,17,7,67,0.01872554499720514,3.419176377934878e-12,https://openalex.org/W3199611285
3553,8,17,7,67,0.01872554499720514,3.419176377934878e-12,https://openalex.org/W3203438733
3554,8,17,7,67,0.01872554499720514,3.419176377934878e-12,https://openalex.org/W3206012006
3555,8,17,7,67,0.01872554499720514,3.419176377934878e-12,https://openalex.org/W4206487457
3556,8,17,7,67,0.01872554499720514,3.419176377934878e-12,https://openalex.org/W4212985260
3557,8,17,7,67,0.01872554499720514,3.419176377934878e-12,https://openalex.org/W4225368706
3558,8,17,7,67,0.01872554499720514,3.419176377934878e-12,https://openalex.org/W4233718138
3559,8,17,7,67,0.01872554499720514,3.419176377934878e-12,https://openalex.org/W4243526416
3560,8,17,7,67,0.01872554499720514,3.419176377934878e-12,https://openalex.org/W4244491733
3561,8,17,7,67,0.01872554499720514,3.419176377934878e-12,https://openalex.org/W4253314500
3562,8,17,7,67,0.01872554499720514,3.419176377934878e-12,https://openalex.org/W4286214277
3563,8,17,7,67,0.01872554499720514,3.419176377934878e-12,https://openalex.org/W4289456687
3564,8,17,7,67,0.01872554499720514,3.419176377934878e-12,https://openalex.org/W4292202284
3565,8,17,7,67,0.01872554499720514,3.419176377934878e-12,https://openalex.org/W4293030497
3566,8,17,7,67,0.01872554499720514,3.419176377934878e-12,https://openalex.org/W4296792073
3567,8,17,7,67,0.01872554499720514,3.419176377934878e-12,https://openalex.org/W4306958142
3568,8,17,7,67,0.01872554499720514,3.419176377934878e-12,https://openalex.org/W4307635538
3569,8,17,7,67,0.01872554499720514,3.419176377934878e-12,https://openalex.org/W4312097943
3570,8,17,7,67,0.01872554499720514,3.419176377934878e-12,https://openalex.org/W4320731137
3571,8,17,7,67,0.01872554499720514,3.419176377934878e-12,https://openalex.org/W4361274788
3572,8,17,7,67,0.01872554499720514,3.419176377934878e-12,https://openalex.org/W4362637628
3573,8,17,7,67,0.01872554499720514,3.419176377934878e-12,https://openalex.org/W4377565371
