id,component,cluster_louvain,cluster_leiden,degree,closeness,eigen_centrality,Label
1,0,11,2,101,0.1559951677169796,0.00012171766565664004,https://openalex.org/W2546189960
105,0,11,2,1,0.13361789351038744,1.3531341390346528e-06,https://openalex.org/W120594219
106,0,11,2,1,0.13361789351038744,1.3531341390346528e-06,https://openalex.org/W1483220644
107,0,11,2,1,0.13361789351038744,1.3531341390346528e-06,https://openalex.org/W1540606636
108,0,11,2,1,0.13361789351038744,1.3531341390346528e-06,https://openalex.org/W1550621568
109,0,11,2,1,0.13361789351038744,1.3531341390346528e-06,https://openalex.org/W1574803128
110,0,11,2,1,0.13361789351038744,1.3531341390346528e-06,https://openalex.org/W1584932017
111,0,11,2,1,0.13361789351038744,1.3531341390346528e-06,https://openalex.org/W1589480494
112,0,11,2,1,0.13361789351038744,1.3531341390346528e-06,https://openalex.org/W1604841909
113,0,11,2,1,0.13361789351038744,1.3531341390346528e-06,https://openalex.org/W1660505426
114,0,11,2,1,0.13361789351038744,1.3531341390346528e-06,https://openalex.org/W1770203355
115,0,11,2,1,0.13361789351038744,1.3531341390346528e-06,https://openalex.org/W1922999250
116,0,11,2,1,0.13361789351038744,1.3531341390346528e-06,https://openalex.org/W1976353169
117,0,11,2,1,0.13361789351038744,1.3531341390346528e-06,https://openalex.org/W1983705375
118,0,11,2,1,0.13361789351038744,1.3531341390346528e-06,https://openalex.org/W1988874674
119,0,11,2,1,0.13361789351038744,1.3531341390346528e-06,https://openalex.org/W1993841658
120,0,11,2,1,0.13361789351038744,1.3531341390346528e-06,https://openalex.org/W1996927734
121,0,11,2,1,0.13361789351038744,1.3531341390346528e-06,https://openalex.org/W2003768123
122,0,11,2,1,0.13361789351038744,1.3531341390346528e-06,https://openalex.org/W2005320215
123,0,11,2,1,0.13361789351038744,1.3531341390346528e-06,https://openalex.org/W2009850892
124,0,11,2,1,0.13361789351038744,1.3531341390346528e-06,https://openalex.org/W2017461502
125,0,11,2,1,0.13361789351038744,1.3531341390346528e-06,https://openalex.org/W2025657099
126,0,11,2,1,0.13361789351038744,1.3531341390346528e-06,https://openalex.org/W2032087755
127,0,11,2,1,0.13361789351038744,1.3531341390346528e-06,https://openalex.org/W2044954060
128,0,11,2,1,0.13361789351038744,1.3531341390346528e-06,https://openalex.org/W2045445734
129,0,11,2,1,0.13361789351038744,1.3531341390346528e-06,https://openalex.org/W2046474513
130,0,11,2,1,0.13361789351038744,1.3531341390346528e-06,https://openalex.org/W2064457491
131,0,11,2,1,0.13361789351038744,1.3531341390346528e-06,https://openalex.org/W2065470838
132,0,11,2,1,0.13361789351038744,1.3531341390346528e-06,https://openalex.org/W2066246414
133,0,11,2,1,0.13361789351038744,1.3531341390346528e-06,https://openalex.org/W2075241875
134,0,11,2,1,0.13361789351038744,1.3531341390346528e-06,https://openalex.org/W2075609656
135,0,11,2,1,0.13361789351038744,1.3531341390346528e-06,https://openalex.org/W2085741700
136,0,11,2,1,0.13361789351038744,1.3531341390346528e-06,https://openalex.org/W2088954859
137,0,11,2,1,0.13361789351038744,1.3531341390346528e-06,https://openalex.org/W2101168279
138,0,11,2,1,0.13361789351038744,1.3531341390346528e-06,https://openalex.org/W2109237375
139,0,11,2,1,0.13361789351038744,1.3531341390346528e-06,https://openalex.org/W2121225721
140,0,11,2,1,0.13361789351038744,1.3531341390346528e-06,https://openalex.org/W2126417862
141,0,11,2,1,0.13361789351038744,1.3531341390346528e-06,https://openalex.org/W2130597043
142,0,11,2,1,0.13361789351038744,1.3531341390346528e-06,https://openalex.org/W2130819865
143,0,11,2,1,0.13361789351038744,1.3531341390346528e-06,https://openalex.org/W2133469585
144,0,11,2,1,0.13361789351038744,1.3531341390346528e-06,https://openalex.org/W2143069758
145,0,11,2,1,0.13361789351038744,1.3531341390346528e-06,https://openalex.org/W2147564395
146,0,11,2,1,0.13361789351038744,1.3531341390346528e-06,https://openalex.org/W2151870980
147,0,11,2,1,0.13361789351038744,1.3531341390346528e-06,https://openalex.org/W2158024270
148,0,11,2,1,0.13361789351038744,1.3531341390346528e-06,https://openalex.org/W2166940788
149,0,11,2,1,0.13361789351038744,1.3531341390346528e-06,https://openalex.org/W2167825607
150,0,11,2,1,0.13361789351038744,1.3531341390346528e-06,https://openalex.org/W2168485380
151,0,11,2,1,0.13361789351038744,1.3531341390346528e-06,https://openalex.org/W2188697633
152,0,11,2,1,0.13361789351038744,1.3531341390346528e-06,https://openalex.org/W2209011507
153,0,11,2,1,0.13361789351038744,1.3531341390346528e-06,https://openalex.org/W2240061113
154,0,11,2,1,0.13361789351038744,1.3531341390346528e-06,https://openalex.org/W22440634
155,0,11,2,1,0.13361789351038744,1.3531341390346528e-06,https://openalex.org/W2268277402
156,0,11,2,1,0.13361789351038744,1.3531341390346528e-06,https://openalex.org/W2312515356
157,0,11,2,1,0.13361789351038744,1.3531341390346528e-06,https://openalex.org/W2319271087
158,0,11,2,1,0.13361789351038744,1.3531341390346528e-06,https://openalex.org/W2323221925
159,0,11,2,1,0.13361789351038744,1.3531341390346528e-06,https://openalex.org/W2338852780
160,0,11,2,1,0.13361789351038744,1.3531341390346528e-06,https://openalex.org/W2340087897
161,0,11,2,1,0.13361789351038744,1.3531341390346528e-06,https://openalex.org/W2419456313
162,0,11,2,1,0.13361789351038744,1.3531341390346528e-06,https://openalex.org/W2474704289
163,0,11,2,1,0.13361789351038744,1.3531341390346528e-06,https://openalex.org/W2599868300
164,0,11,2,1,0.13361789351038744,1.3531341390346528e-06,https://openalex.org/W2606855838
165,0,11,2,1,0.13361789351038744,1.3531341390346528e-06,https://openalex.org/W2777511750
166,0,11,2,1,0.13361789351038744,1.3531341390346528e-06,https://openalex.org/W2782011318
167,0,11,2,1,0.13361789351038744,1.3531341390346528e-06,https://openalex.org/W2785433234
168,0,11,2,1,0.13361789351038744,1.3531341390346528e-06,https://openalex.org/W2891897418
169,0,11,2,1,0.13361789351038744,1.3531341390346528e-06,https://openalex.org/W2953530796
170,0,11,2,1,0.13361789351038744,1.3531341390346528e-06,https://openalex.org/W3011865677
171,0,11,2,1,0.13361789351038744,1.3531341390346528e-06,https://openalex.org/W3121854767
172,0,11,2,1,0.13361789351038744,1.3531341390346528e-06,https://openalex.org/W3121995747
173,0,11,2,1,0.13361789351038744,1.3531341390346528e-06,https://openalex.org/W3122047221
174,0,11,2,1,0.13361789351038744,1.3531341390346528e-06,https://openalex.org/W3122321297
175,0,11,2,1,0.13361789351038744,1.3531341390346528e-06,https://openalex.org/W3122933983
176,0,11,2,1,0.13361789351038744,1.3531341390346528e-06,https://openalex.org/W3123886011
177,0,11,2,1,0.13361789351038744,1.3531341390346528e-06,https://openalex.org/W3124294801
178,0,11,2,1,0.13361789351038744,1.3531341390346528e-06,https://openalex.org/W3124319319
179,0,11,2,1,0.13361789351038744,1.3531341390346528e-06,https://openalex.org/W3124526872
180,0,11,2,1,0.13361789351038744,1.3531341390346528e-06,https://openalex.org/W3124689133
181,0,11,2,1,0.13361789351038744,1.3531341390346528e-06,https://openalex.org/W3124704578
182,0,11,2,1,0.13361789351038744,1.3531341390346528e-06,https://openalex.org/W3124915837
183,0,11,2,1,0.13361789351038744,1.3531341390346528e-06,https://openalex.org/W3125242204
184,0,11,2,1,0.13361789351038744,1.3531341390346528e-06,https://openalex.org/W3125678016
185,0,11,2,1,0.13361789351038744,1.3531341390346528e-06,https://openalex.org/W3125685058
186,0,11,2,1,0.13361789351038744,1.3531341390346528e-06,https://openalex.org/W3126062738
187,0,11,2,1,0.13361789351038744,1.3531341390346528e-06,https://openalex.org/W3126071966
188,0,11,2,1,0.13361789351038744,1.3531341390346528e-06,https://openalex.org/W409377103
189,0,11,2,1,0.13361789351038744,1.3531341390346528e-06,https://openalex.org/W4230345302
190,0,11,2,1,0.13361789351038744,1.3531341390346528e-06,https://openalex.org/W4233414700
191,0,11,2,1,0.13361789351038744,1.3531341390346528e-06,https://openalex.org/W4235879598
192,0,11,2,1,0.13361789351038744,1.3531341390346528e-06,https://openalex.org/W4249013019
193,0,11,2,1,0.13361789351038744,1.3531341390346528e-06,https://openalex.org/W4253813278
194,0,11,2,11,0.1851814782206365,0.0012032249201867663,https://openalex.org/W4285719527
195,0,11,2,1,0.13361789351038744,1.3531341390346528e-06,https://openalex.org/W573540759
196,0,11,2,1,0.13361789351038744,1.3531341390346528e-06,https://openalex.org/W642841646
197,0,11,2,1,0.13361789351038744,1.3531341390346528e-06,https://openalex.org/W83581033
308,0,11,2,11,0.1851814782206365,0.0012032249201867663,https://openalex.org/W4285719527
479,0,11,2,11,0.1851814782206365,0.0012032249201867663,https://openalex.org/W4285719527
738,0,11,2,11,0.1851814782206365,0.0012032249201867663,https://openalex.org/W4285719527
826,0,11,2,11,0.1851814782206365,0.0012032249201867663,https://openalex.org/W4285719527
1316,0,11,2,11,0.1851814782206365,0.0012032249201867663,https://openalex.org/W4285719527
1692,0,11,2,11,0.1851814782206365,0.0012032249201867663,https://openalex.org/W4285719527
2059,0,11,2,11,0.1851814782206365,0.0012032249201867663,https://openalex.org/W4285719527
2537,0,11,2,11,0.1851814782206365,0.0012032249201867663,https://openalex.org/W4285719527
4,0,15,0,17,0.13192934941672904,3.807873939905393e-07,https://openalex.org/W2118188388
198,0,15,0,1,0.11556168527252812,4.236096948990326e-09,https://openalex.org/W1524256431
199,0,15,0,1,0.11556168527252812,4.236096948990326e-09,https://openalex.org/W1532460262
200,0,15,0,1,0.11556168527252812,4.236096948990326e-09,https://openalex.org/W154238464
201,0,15,0,1,0.11556168527252812,4.236096948990326e-09,https://openalex.org/W2013649179
202,0,15,0,1,0.11556168527252812,4.236096948990326e-09,https://openalex.org/W2050302634
203,0,15,0,1,0.11556168527252812,4.236096948990326e-09,https://openalex.org/W2089031929
204,0,15,0,1,0.11556168527252812,4.236096948990326e-09,https://openalex.org/W2091501695
205,0,15,0,1,0.11556168527252812,4.236096948990326e-09,https://openalex.org/W2115323158
206,0,15,0,1,0.11556168527252812,4.236096948990326e-09,https://openalex.org/W2132830447
207,0,15,0,1,0.11556168527252812,4.236096948990326e-09,https://openalex.org/W2168274585
208,0,15,0,3,0.15345995298912882,1.7109276112536367e-05,https://openalex.org/W2172151487
209,0,15,0,1,0.11556168527252812,4.236096948990326e-09,https://openalex.org/W2264875384
210,0,15,0,1,0.11556168527252812,4.236096948990326e-09,https://openalex.org/W2891007566
211,0,15,0,1,0.11556168527252812,4.236096948990326e-09,https://openalex.org/W2902662261
212,0,15,0,1,0.11556168527252812,4.236096948990326e-09,https://openalex.org/W2976368678
213,0,15,0,1,0.11556168527252812,4.236096948990326e-09,https://openalex.org/W2989330452
2245,0,15,0,3,0.15345995298912882,1.7109276112536367e-05,https://openalex.org/W2172151487
6,0,12,3,54,0.07406391971353109,1.5910886630940075e-18,https://openalex.org/W2742808058
214,0,12,3,1,0.06860864119561255,1.5255086541317002e-19,https://openalex.org/W132342118
215,0,12,3,1,0.06860864119561255,1.5255086541317002e-19,https://openalex.org/W14129648
216,0,12,3,1,0.06860864119561255,1.5255086541317002e-19,https://openalex.org/W1490808151
217,0,12,3,1,0.06860864119561255,1.5255086541317002e-19,https://openalex.org/W1491061445
218,0,12,3,1,0.06860864119561255,1.5255086541317002e-19,https://openalex.org/W1516513156
219,0,12,3,1,0.06860864119561255,1.5255086541317002e-19,https://openalex.org/W1539265701
220,0,12,3,1,0.06860864119561255,1.5255086541317002e-19,https://openalex.org/W1546500700
221,0,12,3,1,0.06860864119561255,1.5255086541317002e-19,https://openalex.org/W1552063689
222,0,12,3,1,0.06860864119561255,1.5255086541317002e-19,https://openalex.org/W1579081857
223,0,12,3,1,0.06860864119561255,1.5255086541317002e-19,https://openalex.org/W1907855292
224,0,12,3,1,0.06860864119561255,1.5255086541317002e-19,https://openalex.org/W1919445689
225,0,12,3,2,0.07988055583244728,1.4480098940501022e-18,https://openalex.org/W19449966
226,0,12,3,1,0.06860864119561255,1.5255086541317002e-19,https://openalex.org/W1968381883
227,0,12,3,1,0.06860864119561255,1.5255086541317002e-19,https://openalex.org/W1969999249
228,0,12,3,1,0.06860864119561255,1.5255086541317002e-19,https://openalex.org/W1973689223
229,0,12,3,1,0.06860864119561255,1.5255086541317002e-19,https://openalex.org/W1976644211
230,0,12,3,1,0.06860864119561255,1.5255086541317002e-19,https://openalex.org/W1993830193
231,0,12,3,1,0.06860864119561255,1.5255086541317002e-19,https://openalex.org/W2007254456
232,0,12,3,1,0.06860864119561255,1.5255086541317002e-19,https://openalex.org/W2016753875
233,0,12,3,1,0.06860864119561255,1.5255086541317002e-19,https://openalex.org/W2030200233
234,0,12,3,2,0.0686473526685094,1.7087831935321511e-19,https://openalex.org/W2033282520
235,0,12,3,1,0.06860864119561255,1.5255086541317002e-19,https://openalex.org/W2036602832
236,0,12,3,1,0.06860864119561255,1.5255086541317002e-19,https://openalex.org/W2050541054
237,0,12,3,2,0.06906099927877286,3.084055630368358e-18,https://openalex.org/W2057691077
238,0,12,3,1,0.06860864119561255,1.5255086541317002e-19,https://openalex.org/W2074981533
239,0,12,3,1,0.06860864119561255,1.5255086541317002e-19,https://openalex.org/W2085567500
240,0,12,3,1,0.06860864119561255,1.5255086541317002e-19,https://openalex.org/W2093151073
241,0,12,3,1,0.06860864119561255,1.5255086541317002e-19,https://openalex.org/W2112162246
242,0,12,3,1,0.06860864119561255,1.5255086541317002e-19,https://openalex.org/W2131402323
243,0,12,3,1,0.06860864119561255,1.5255086541317002e-19,https://openalex.org/W2173653987
244,0,12,3,1,0.06860864119561255,1.5255086541317002e-19,https://openalex.org/W2186981574
245,0,12,3,1,0.06860864119561255,1.5255086541317002e-19,https://openalex.org/W23980768
246,0,12,3,1,0.06860864119561255,1.5255086541317002e-19,https://openalex.org/W2480918679
247,0,12,3,1,0.06860864119561255,1.5255086541317002e-19,https://openalex.org/W2481381000
248,0,12,3,1,0.06860864119561255,1.5255086541317002e-19,https://openalex.org/W2518292713
249,0,12,3,1,0.06860864119561255,1.5255086541317002e-19,https://openalex.org/W2524551678
250,0,12,3,1,0.06860864119561255,1.5255086541317002e-19,https://openalex.org/W255604591
251,0,12,3,1,0.06860864119561255,1.5255086541317002e-19,https://openalex.org/W2565605152
252,0,12,3,1,0.06860864119561255,1.5255086541317002e-19,https://openalex.org/W2604406046
253,0,12,3,1,0.06860864119561255,1.5255086541317002e-19,https://openalex.org/W2608291093
254,0,12,3,1,0.06860864119561255,1.5255086541317002e-19,https://openalex.org/W2617826829
255,0,12,3,1,0.06860864119561255,1.5255086541317002e-19,https://openalex.org/W2727755688
256,0,12,3,1,0.06860864119561255,1.5255086541317002e-19,https://openalex.org/W2992737798
257,0,12,3,1,0.06860864119561255,1.5255086541317002e-19,https://openalex.org/W419726280
258,0,12,3,1,0.06860864119561255,1.5255086541317002e-19,https://openalex.org/W4242675370
259,0,12,3,1,0.06860864119561255,1.5255086541317002e-19,https://openalex.org/W4251925831
260,0,12,3,2,0.07988055583244728,1.4480098940501022e-18,https://openalex.org/W4366452411
261,0,12,3,1,0.06860864119561255,1.5255086541317002e-19,https://openalex.org/W4402110396
262,0,12,3,1,0.06860864119561255,1.5255086541317002e-19,https://openalex.org/W47750800
263,0,12,3,1,0.06860864119561255,1.5255086541317002e-19,https://openalex.org/W593950806
548,0,12,3,2,0.0686473526685094,1.7087831935321511e-19,https://openalex.org/W2033282520
613,0,12,3,2,0.07988055583244728,1.4480098940501022e-18,https://openalex.org/W19449966
663,0,12,3,2,0.07988055583244728,1.4480098940501022e-18,https://openalex.org/W4366452411
2564,0,12,3,2,0.06906099927877286,3.084055630368358e-18,https://openalex.org/W2057691077
9,0,10,3,36,0.10353385955437805,1.3284413344251128e-13,https://openalex.org/W2523280788
59,0,10,3,50,0.0933972072090972,1.8296877530216563e-15,https://openalex.org/W2183435816
264,0,10,7,2,0.11348053850995202,5.971443072133432e-12,https://openalex.org/W1496437928
265,0,10,3,3,0.09326777954254371,1.5325620602266688e-15,https://openalex.org/W1524453245
266,0,10,3,1,0.09317711894208702,1.4876405058750907e-15,https://openalex.org/W1594907370
267,0,10,3,3,0.09326777954254371,1.5325620602266688e-15,https://openalex.org/W159971562
268,0,10,3,3,0.09326777954254371,1.5325620602266688e-15,https://openalex.org/W1711668075
269,0,10,3,1,0.09317711894208702,1.4876405058750907e-15,https://openalex.org/W1906467711
270,0,10,3,3,0.09326777954254371,1.5325620602266688e-15,https://openalex.org/W1988533717
271,0,10,3,3,0.09326777954254371,1.5325620602266688e-15,https://openalex.org/W2002407086
272,0,10,3,1,0.09317711894208702,1.4876405058750907e-15,https://openalex.org/W2028534249
273,0,10,3,1,0.09317711894208702,1.4876405058750907e-15,https://openalex.org/W2037053096
274,0,10,3,3,0.09326777954254371,1.5325620602266688e-15,https://openalex.org/W2053420201
275,0,10,3,3,0.09326777954254371,1.5325620602266688e-15,https://openalex.org/W2080707037
276,0,10,3,1,0.09317711894208702,1.4876405058750907e-15,https://openalex.org/W20917856
277,0,10,3,1,0.09317711894208702,1.4876405058750907e-15,https://openalex.org/W2091981949
278,0,10,3,1,0.09317711894208702,1.4876405058750907e-15,https://openalex.org/W2097993933
279,0,10,3,1,0.09317711894208702,1.4876405058750907e-15,https://openalex.org/W2113436604
280,0,10,3,1,0.09317711894208702,1.4876405058750907e-15,https://openalex.org/W2122997249
281,0,10,3,1,0.09317711894208702,1.4876405058750907e-15,https://openalex.org/W2127159166
282,0,10,3,3,0.09326777954254371,1.5325620602266688e-15,https://openalex.org/W2139866268
283,0,10,3,50,0.0933972072090972,1.8296877530216563e-15,https://openalex.org/W2183435816
284,0,10,3,3,0.09326777954254371,1.5325620602266688e-15,https://openalex.org/W2566185324
285,0,10,3,1,0.09317711894208702,1.4876405058750907e-15,https://openalex.org/W2888724355
286,0,12,3,4,0.09481371612159915,1.4955496573374817e-15,https://openalex.org/W3216779397
654,0,12,3,4,0.09481371612159915,1.4955496573374817e-15,https://openalex.org/W3216779397
800,0,12,3,4,0.09481371612159915,1.4955496573374817e-15,https://openalex.org/W3216779397
1732,0,10,3,3,0.09326777954254371,1.5325620602266688e-15,https://openalex.org/W1524453245
1734,0,10,3,3,0.09326777954254371,1.5325620602266688e-15,https://openalex.org/W159971562
1735,0,10,3,3,0.09326777954254371,1.5325620602266688e-15,https://openalex.org/W1711668075
1739,0,10,3,3,0.09326777954254371,1.5325620602266688e-15,https://openalex.org/W1988533717
1741,0,10,3,3,0.09326777954254371,1.5325620602266688e-15,https://openalex.org/W2002407086
1744,0,10,3,3,0.09326777954254371,1.5325620602266688e-15,https://openalex.org/W2053420201
1747,0,10,3,3,0.09326777954254371,1.5325620602266688e-15,https://openalex.org/W2080707037
1754,0,10,3,3,0.09326777954254371,1.5325620602266688e-15,https://openalex.org/W2139866268
1759,0,10,3,3,0.09326777954254371,1.5325620602266688e-15,https://openalex.org/W2566185324
3067,0,10,7,2,0.11348053850995202,5.971443072133432e-12,https://openalex.org/W1496437928
11,0,0,2,58,0.15899024984745236,0.00012180913507478439,https://openalex.org/W2612367365
287,0,0,2,3,0.13776108400683357,2.709314411482363e-06,https://openalex.org/W1502142963
288,0,0,2,2,0.13582095366959693,2.708302881469667e-06,https://openalex.org/W1524144569
289,0,0,2,2,0.13582095366959693,2.708302881469667e-06,https://openalex.org/W1553879074
290,0,0,2,2,0.13582095366959693,2.708302881469667e-06,https://openalex.org/W1560831680
291,0,0,2,2,0.13582095366959693,2.708302881469667e-06,https://openalex.org/W1571111489
292,0,0,2,2,0.13582095366959693,2.708302881469667e-06,https://openalex.org/W1791470807
293,0,0,2,2,0.13582095366959693,2.708302881469667e-06,https://openalex.org/W2022468638
294,0,0,2,2,0.13582095366959693,2.708302881469667e-06,https://openalex.org/W2033739153
295,0,0,2,2,0.13582095366959693,2.708302881469667e-06,https://openalex.org/W2061631194
296,0,0,2,2,0.13582095366959693,2.708302881469667e-06,https://openalex.org/W2129688108
297,0,0,2,2,0.13582095366959693,2.708302881469667e-06,https://openalex.org/W2133907116
298,0,0,2,2,0.13582095366959693,2.708302881469667e-06,https://openalex.org/W2136107756
299,0,0,2,2,0.13582095366959693,2.708302881469667e-06,https://openalex.org/W2141441330
300,0,0,2,2,0.13582095366959693,2.708302881469667e-06,https://openalex.org/W2147463411
301,0,0,2,2,0.13582095366959693,2.708302881469667e-06,https://openalex.org/W2151301230
302,0,0,2,2,0.13582095366959693,2.708302881469667e-06,https://openalex.org/W2168461232
303,0,0,2,2,0.13582095366959693,2.708302881469667e-06,https://openalex.org/W2188166022
304,0,0,2,2,0.13582095366959693,2.708302881469667e-06,https://openalex.org/W2506436885
305,0,0,2,2,0.13582095366959693,2.708302881469667e-06,https://openalex.org/W2611582501
306,0,0,2,2,0.13582095366959693,2.708302881469667e-06,https://openalex.org/W4247152865
307,0,0,2,4,0.13919167521626827,2.711330935917273e-06,https://openalex.org/W4250445487
309,0,0,2,2,0.13582095366959693,2.708302881469667e-06,https://openalex.org/W648965654
310,0,0,2,2,0.13582095366959693,2.708302881469667e-06,https://openalex.org/W654657680
486,0,0,2,3,0.13776108400683357,2.709314411482363e-06,https://openalex.org/W1502142963
805,0,0,2,3,0.13776108400683357,2.709314411482363e-06,https://openalex.org/W1502142963
806,0,0,2,2,0.13582095366959693,2.708302881469667e-06,https://openalex.org/W1524144569
807,0,0,2,2,0.13582095366959693,2.708302881469667e-06,https://openalex.org/W1553879074
808,0,0,2,2,0.13582095366959693,2.708302881469667e-06,https://openalex.org/W1560831680
809,0,0,2,2,0.13582095366959693,2.708302881469667e-06,https://openalex.org/W1571111489
810,0,0,2,2,0.13582095366959693,2.708302881469667e-06,https://openalex.org/W1791470807
811,0,0,2,2,0.13582095366959693,2.708302881469667e-06,https://openalex.org/W2022468638
812,0,0,2,2,0.13582095366959693,2.708302881469667e-06,https://openalex.org/W2033739153
813,0,0,2,2,0.13582095366959693,2.708302881469667e-06,https://openalex.org/W2061631194
814,0,0,2,2,0.13582095366959693,2.708302881469667e-06,https://openalex.org/W2129688108
815,0,0,2,2,0.13582095366959693,2.708302881469667e-06,https://openalex.org/W2133907116
816,0,0,2,2,0.13582095366959693,2.708302881469667e-06,https://openalex.org/W2136107756
817,0,0,2,2,0.13582095366959693,2.708302881469667e-06,https://openalex.org/W2141441330
818,0,0,2,2,0.13582095366959693,2.708302881469667e-06,https://openalex.org/W2147463411
819,0,0,2,2,0.13582095366959693,2.708302881469667e-06,https://openalex.org/W2151301230
820,0,0,2,2,0.13582095366959693,2.708302881469667e-06,https://openalex.org/W2168461232
821,0,0,2,2,0.13582095366959693,2.708302881469667e-06,https://openalex.org/W2188166022
822,0,0,2,2,0.13582095366959693,2.708302881469667e-06,https://openalex.org/W2506436885
823,0,0,2,2,0.13582095366959693,2.708302881469667e-06,https://openalex.org/W2611582501
824,0,0,2,2,0.13582095366959693,2.708302881469667e-06,https://openalex.org/W4247152865
825,0,0,2,4,0.13919167521626827,2.711330935917273e-06,https://openalex.org/W4250445487
827,0,0,2,2,0.13582095366959693,2.708302881469667e-06,https://openalex.org/W648965654
828,0,0,2,2,0.13582095366959693,2.708302881469667e-06,https://openalex.org/W654657680
877,0,0,2,4,0.13919167521626827,2.711330935917273e-06,https://openalex.org/W4250445487
3503,0,0,2,4,0.13919167521626827,2.711330935917273e-06,https://openalex.org/W4250445487
14,0,1,5,59,0.14673299985921295,3.2778996702481297e-06,https://openalex.org/W4220958171
43,0,1,0,70,0.16619050178443376,9.248813342391143e-05,https://openalex.org/W2041761637
66,0,1,5,68,0.13285468336685896,9.940422104054517e-07,https://openalex.org/W2890722669
311,0,1,5,3,0.12689117136527386,5.854751878045401e-08,https://openalex.org/W1552089836
312,0,1,5,3,0.12689117136527386,5.854751878045401e-08,https://openalex.org/W1893551219
313,0,1,5,3,0.12689117136527386,5.854751878045401e-08,https://openalex.org/W1981722146
314,0,1,5,3,0.12689117136527386,5.854751878045401e-08,https://openalex.org/W1982986492
315,0,1,0,5,0.14181887518336303,2.114943553002501e-06,https://openalex.org/W2017305439
316,0,1,5,1,0.12676404628375862,3.64324941923657e-08,https://openalex.org/W2032039690
317,0,1,0,70,0.16619050178443376,9.248813342391143e-05,https://openalex.org/W2041761637
318,0,1,5,3,0.12689117136527386,5.854751878045401e-08,https://openalex.org/W2045333532
319,0,1,5,4,0.12715640997567682,5.858578707333944e-08,https://openalex.org/W2048889445
320,0,1,5,1,0.12676404628375862,3.64324941923657e-08,https://openalex.org/W2055690472
321,0,1,5,3,0.12689117136527386,5.854751878045401e-08,https://openalex.org/W2064569513
322,0,1,5,3,0.12689117136527386,5.854751878045401e-08,https://openalex.org/W2070195344
323,0,1,5,3,0.12689117136527386,5.854751878045401e-08,https://openalex.org/W2107750653
324,0,1,5,3,0.12689117136527386,5.854751878045401e-08,https://openalex.org/W2116594433
325,0,1,5,3,0.12689117136527386,5.854751878045401e-08,https://openalex.org/W2117939261
326,0,1,0,3,0.14167278802243427,2.092828528414413e-06,https://openalex.org/W2118826874
327,0,1,5,3,0.12689117136527386,5.854751878045401e-08,https://openalex.org/W2142916408
328,0,1,5,3,0.12689117136527386,5.854751878045401e-08,https://openalex.org/W2160237435
329,0,1,5,1,0.12676404628375862,3.64324941923657e-08,https://openalex.org/W2329373558
330,0,1,5,5,0.1449179957378098,7.350066320144884e-06,https://openalex.org/W2333387201
331,0,1,5,1,0.12676404628375862,3.64324941923657e-08,https://openalex.org/W2338782937
332,0,1,5,4,0.137181578167523,7.338233861736552e-06,https://openalex.org/W2345211139
333,0,1,5,4,0.137181578167523,7.338233861736552e-06,https://openalex.org/W2395166509
334,0,1,5,3,0.1447522084365951,7.327951295556796e-06,https://openalex.org/W2417351459
335,0,1,5,1,0.12676404628375862,3.64324941923657e-08,https://openalex.org/W2793485675
336,0,1,5,68,0.13285468336685896,9.940422104054517e-07,https://openalex.org/W2890722669
337,0,1,5,3,0.12689117136527386,5.854751878045401e-08,https://openalex.org/W3123723057
338,0,1,5,1,0.12676404628375862,3.64324941923657e-08,https://openalex.org/W4231300084
339,0,1,5,3,0.12689117136527386,5.854751878045401e-08,https://openalex.org/W639695655
755,0,1,5,4,0.12715640997567682,5.858578707333944e-08,https://openalex.org/W2048889445
1161,0,1,0,5,0.14181887518336303,2.114943553002501e-06,https://openalex.org/W2017305439
1172,0,1,0,3,0.14167278802243427,2.092828528414413e-06,https://openalex.org/W2118826874
1343,0,1,5,5,0.1449179957378098,7.350066320144884e-06,https://openalex.org/W2333387201
1344,0,1,5,4,0.137181578167523,7.338233861736552e-06,https://openalex.org/W2345211139
1345,0,1,5,4,0.137181578167523,7.338233861736552e-06,https://openalex.org/W2395166509
1346,0,1,5,3,0.1447522084365951,7.327951295556796e-06,https://openalex.org/W2417351459
1974,0,1,5,3,0.12689117136527386,5.854751878045401e-08,https://openalex.org/W1552089836
1975,0,1,5,3,0.12689117136527386,5.854751878045401e-08,https://openalex.org/W1893551219
1978,0,1,5,3,0.12689117136527386,5.854751878045401e-08,https://openalex.org/W1981722146
1980,0,1,5,3,0.12689117136527386,5.854751878045401e-08,https://openalex.org/W1982986492
1983,0,1,0,5,0.14181887518336303,2.114943553002501e-06,https://openalex.org/W2017305439
1985,0,1,5,3,0.12689117136527386,5.854751878045401e-08,https://openalex.org/W2045333532
1986,0,1,5,4,0.12715640997567682,5.858578707333944e-08,https://openalex.org/W2048889445
1989,0,1,5,3,0.12689117136527386,5.854751878045401e-08,https://openalex.org/W2064569513
1990,0,1,5,3,0.12689117136527386,5.854751878045401e-08,https://openalex.org/W2070195344
1993,0,1,5,3,0.12689117136527386,5.854751878045401e-08,https://openalex.org/W2107750653
1996,0,1,5,3,0.12689117136527386,5.854751878045401e-08,https://openalex.org/W2116594433
1997,0,1,5,3,0.12689117136527386,5.854751878045401e-08,https://openalex.org/W2117939261
1999,0,1,5,3,0.12689117136527386,5.854751878045401e-08,https://openalex.org/W2142916408
2002,0,1,5,3,0.12689117136527386,5.854751878045401e-08,https://openalex.org/W2160237435
2005,0,1,5,5,0.1449179957378098,7.350066320144884e-06,https://openalex.org/W2333387201
2006,0,1,5,4,0.137181578167523,7.338233861736552e-06,https://openalex.org/W2345211139
2007,0,1,5,4,0.137181578167523,7.338233861736552e-06,https://openalex.org/W2395166509
2008,0,1,5,3,0.12689117136527386,5.854751878045401e-08,https://openalex.org/W3123723057
2011,0,1,5,3,0.12689117136527386,5.854751878045401e-08,https://openalex.org/W639695655
2856,0,1,5,5,0.1449179957378098,7.350066320144884e-06,https://openalex.org/W2333387201
2860,0,1,5,3,0.1447522084365951,7.327951295556796e-06,https://openalex.org/W2417351459
15,0,2,4,74,0.11219258772707616,1.0481657517396037e-07,https://openalex.org/W3094932340
340,0,2,4,2,0.12439616229363767,4.610324948254595e-06,https://openalex.org/W1237552737
341,0,2,4,1,0.10013199996723474,1.1658946533030379e-09,https://openalex.org/W129098367
342,0,2,4,1,0.10013199996723474,1.1658946533030379e-09,https://openalex.org/W1490170098
343,0,2,4,1,0.10013199996723474,1.1658946533030379e-09,https://openalex.org/W1500225740
344,0,2,4,1,0.10013199996723474,1.1658946533030379e-09,https://openalex.org/W1515849683
345,0,2,4,1,0.10013199996723474,1.1658946533030379e-09,https://openalex.org/W1526701384
346,0,2,4,1,0.10013199996723474,1.1658946533030379e-09,https://openalex.org/W1534459462
347,0,2,4,1,0.10013199996723474,1.1658946533030379e-09,https://openalex.org/W1596191359
348,0,2,4,1,0.10013199996723474,1.1658946533030379e-09,https://openalex.org/W1888961081
349,0,2,4,1,0.10013199996723474,1.1658946533030379e-09,https://openalex.org/W195340075
350,0,2,4,1,0.10013199996723474,1.1658946533030379e-09,https://openalex.org/W1982539745
351,0,2,4,1,0.10013199996723474,1.1658946533030379e-09,https://openalex.org/W1987552479
352,0,2,4,1,0.10013199996723474,1.1658946533030379e-09,https://openalex.org/W1994429357
353,0,2,4,1,0.10013199996723474,1.1658946533030379e-09,https://openalex.org/W2004179778
354,0,2,4,1,0.10013199996723474,1.1658946533030379e-09,https://openalex.org/W2014219648
355,0,2,4,1,0.10013199996723474,1.1658946533030379e-09,https://openalex.org/W2018516812
356,0,2,4,1,0.10013199996723474,1.1658946533030379e-09,https://openalex.org/W2021986561
357,0,2,4,1,0.10013199996723474,1.1658946533030379e-09,https://openalex.org/W2026352809
358,0,2,4,1,0.10013199996723474,1.1658946533030379e-09,https://openalex.org/W2039967438
359,0,2,4,1,0.10013199996723474,1.1658946533030379e-09,https://openalex.org/W2044603100
360,0,2,4,1,0.10013199996723474,1.1658946533030379e-09,https://openalex.org/W2050661045
361,0,2,4,1,0.10013199996723474,1.1658946533030379e-09,https://openalex.org/W2064958475
362,0,2,4,1,0.10013199996723474,1.1658946533030379e-09,https://openalex.org/W2074413334
363,0,2,4,2,0.11297392896303259,2.3032555076536884e-08,https://openalex.org/W2075811243
364,0,2,4,1,0.10013199996723474,1.1658946533030379e-09,https://openalex.org/W2080166282
365,0,2,4,1,0.10013199996723474,1.1658946533030379e-09,https://openalex.org/W2081235079
366,0,2,4,1,0.10013199996723474,1.1658946533030379e-09,https://openalex.org/W2081368728
367,0,2,4,1,0.10013199996723474,1.1658946533030379e-09,https://openalex.org/W2084989006
368,0,2,4,1,0.10013199996723474,1.1658946533030379e-09,https://openalex.org/W2139946543
369,0,2,4,1,0.10013199996723474,1.1658946533030379e-09,https://openalex.org/W2141757554
370,0,2,4,1,0.10013199996723474,1.1658946533030379e-09,https://openalex.org/W2147200107
371,0,2,4,1,0.10013199996723474,1.1658946533030379e-09,https://openalex.org/W2148237264
372,0,2,4,1,0.10013199996723474,1.1658946533030379e-09,https://openalex.org/W2163713416
373,0,2,4,1,0.10013199996723474,1.1658946533030379e-09,https://openalex.org/W2164649021
374,0,2,4,1,0.10013199996723474,1.1658946533030379e-09,https://openalex.org/W2166781449
375,0,2,4,1,0.10013199996723474,1.1658946533030379e-09,https://openalex.org/W2188535786
376,0,2,4,1,0.10013199996723474,1.1658946533030379e-09,https://openalex.org/W2204283557
377,0,2,4,1,0.10013199996723474,1.1658946533030379e-09,https://openalex.org/W2234911546
378,0,2,4,1,0.10013199996723474,1.1658946533030379e-09,https://openalex.org/W2255530287
379,0,2,4,1,0.10013199996723474,1.1658946533030379e-09,https://openalex.org/W2274395749
380,0,2,4,1,0.10013199996723474,1.1658946533030379e-09,https://openalex.org/W2283239735
381,0,2,4,1,0.10013199996723474,1.1658946533030379e-09,https://openalex.org/W2339357670
382,0,2,4,1,0.10013199996723474,1.1658946533030379e-09,https://openalex.org/W2397478716
383,0,2,4,1,0.10013199996723474,1.1658946533030379e-09,https://openalex.org/W2435173215
384,0,2,4,1,0.10013199996723474,1.1658946533030379e-09,https://openalex.org/W2466908408
385,0,2,4,1,0.10013199996723474,1.1658946533030379e-09,https://openalex.org/W2520114489
386,0,2,4,2,0.11297392896303259,2.3032555076536884e-08,https://openalex.org/W2523553082
387,0,2,4,1,0.10013199996723474,1.1658946533030379e-09,https://openalex.org/W264471868
388,0,2,4,1,0.10013199996723474,1.1658946533030379e-09,https://openalex.org/W2766215772
389,0,2,4,1,0.10013199996723474,1.1658946533030379e-09,https://openalex.org/W2770051917
390,0,2,4,1,0.10013199996723474,1.1658946533030379e-09,https://openalex.org/W2789220512
391,0,2,4,1,0.10013199996723474,1.1658946533030379e-09,https://openalex.org/W2885939083
392,0,2,4,1,0.10013199996723474,1.1658946533030379e-09,https://openalex.org/W2907372196
393,0,2,4,2,0.10027801588096093,1.1661837678724135e-09,https://openalex.org/W2923653770
394,0,2,4,1,0.10013199996723474,1.1658946533030379e-09,https://openalex.org/W2943617220
395,0,2,4,1,0.10013199996723474,1.1658946533030379e-09,https://openalex.org/W2954738844
396,0,2,4,1,0.10013199996723474,1.1658946533030379e-09,https://openalex.org/W2957004659
397,0,2,4,1,0.10013199996723474,1.1658946533030379e-09,https://openalex.org/W3122635821
398,0,2,4,1,0.10013199996723474,1.1658946533030379e-09,https://openalex.org/W3125864288
399,0,2,4,1,0.10013199996723474,1.1658946533030379e-09,https://openalex.org/W4206788541
400,0,2,4,3,0.10347966930435776,1.1835011385360409e-09,https://openalex.org/W4231978264
401,0,2,4,1,0.10013199996723474,1.1658946533030379e-09,https://openalex.org/W4246043765
402,0,2,4,1,0.10013199996723474,1.1658946533030379e-09,https://openalex.org/W4250143350
403,0,2,4,1,0.10013199996723474,1.1658946533030379e-09,https://openalex.org/W4250185701
404,0,2,4,2,0.11297392896303259,2.3032555076536884e-08,https://openalex.org/W4255290445
405,0,2,4,1,0.10013199996723474,1.1658946533030379e-09,https://openalex.org/W4299395399
406,0,2,4,1,0.10013199996723474,1.1658946533030379e-09,https://openalex.org/W641760028
407,0,2,4,2,0.12439616229363767,4.610324948254595e-06,https://openalex.org/W1237552737
677,0,2,4,3,0.10347966930435776,1.1835011385360409e-09,https://openalex.org/W4231978264
2335,0,2,4,3,0.10347966930435776,1.1835011385360409e-09,https://openalex.org/W4231978264
2799,0,2,4,2,0.11297392896303259,2.3032555076536884e-08,https://openalex.org/W2075811243
2810,0,2,4,2,0.11297392896303259,2.3032555076536884e-08,https://openalex.org/W2523553082
2821,0,2,4,2,0.11297392896303259,2.3032555076536884e-08,https://openalex.org/W4255290445
3247,0,2,4,2,0.10027801588096093,1.1661837678724135e-09,https://openalex.org/W2923653770
16,0,2,4,26,0.14033405842531,0.0004145870610830725,https://openalex.org/W2342001105
408,0,2,4,1,0.12195974904441192,4.609159053601292e-06,https://openalex.org/W140487274
409,0,2,4,1,0.12195974904441192,4.609159053601292e-06,https://openalex.org/W1510602673
410,0,2,4,1,0.12195974904441192,4.609159053601292e-06,https://openalex.org/W1558902831
411,0,2,4,1,0.12195974904441192,4.609159053601292e-06,https://openalex.org/W1699746760
412,0,3,1,11,0.15481182454680725,0.012350305873248188,https://openalex.org/W1815596065
413,0,2,4,1,0.12195974904441192,4.609159053601292e-06,https://openalex.org/W1965268674
414,0,2,4,1,0.12195974904441192,4.609159053601292e-06,https://openalex.org/W2014370213
415,0,2,4,1,0.12195974904441192,4.609159053601292e-06,https://openalex.org/W2021032627
416,0,2,4,1,0.12195974904441192,4.609159053601292e-06,https://openalex.org/W2042575966
417,0,2,4,1,0.12195974904441192,4.609159053601292e-06,https://openalex.org/W2049390752
418,0,2,4,1,0.12195974904441192,4.609159053601292e-06,https://openalex.org/W2069895733
419,0,2,4,1,0.12195974904441192,4.609159053601292e-06,https://openalex.org/W2086244482
420,0,2,4,1,0.12195974904441192,4.609159053601292e-06,https://openalex.org/W2088088068
421,0,2,4,1,0.12195974904441192,4.609159053601292e-06,https://openalex.org/W2118502261
422,0,2,4,3,0.14406002418093233,5.567395138505107e-05,https://openalex.org/W2125220878
423,0,2,4,2,0.12377313499099707,4.631025714024526e-06,https://openalex.org/W2335903768
424,0,2,4,1,0.12195974904441192,4.609159053601292e-06,https://openalex.org/W2413573154
425,0,2,4,1,0.12195974904441192,4.609159053601292e-06,https://openalex.org/W279057253
426,0,2,4,1,0.12195974904441192,4.609159053601292e-06,https://openalex.org/W2976352237
465,0,2,4,3,0.14406002418093233,5.567395138505107e-05,https://openalex.org/W2125220878
1695,0,3,1,11,0.15481182454680725,0.012350305873248188,https://openalex.org/W1815596065
2169,0,3,1,11,0.15481182454680725,0.012350305873248188,https://openalex.org/W1815596065
2802,0,2,4,3,0.14406002418093233,5.567395138505107e-05,https://openalex.org/W2125220878
2807,0,2,4,2,0.12377313499099707,4.631025714024526e-06,https://openalex.org/W2335903768
17,0,3,4,80,0.16546895490740768,0.004591088557542211,https://openalex.org/W1983406153
427,0,3,4,1,0.1405085955210284,5.1042925671026555e-05,https://openalex.org/W118267216
428,0,3,4,1,0.1405085955210284,5.1042925671026555e-05,https://openalex.org/W1513451850
429,0,3,4,1,0.1405085955210284,5.1042925671026555e-05,https://openalex.org/W1558440899
430,0,3,4,1,0.1405085955210284,5.1042925671026555e-05,https://openalex.org/W1562584391
431,0,3,4,1,0.1405085955210284,5.1042925671026555e-05,https://openalex.org/W1580688595
432,0,3,4,1,0.1405085955210284,5.1042925671026555e-05,https://openalex.org/W1598658914
433,0,3,4,1,0.1405085955210284,5.1042925671026555e-05,https://openalex.org/W1635269021
434,0,3,4,1,0.1405085955210284,5.1042925671026555e-05,https://openalex.org/W1803004425
435,0,3,4,1,0.1405085955210284,5.1042925671026555e-05,https://openalex.org/W1940950433
436,0,3,4,1,0.1405085955210284,5.1042925671026555e-05,https://openalex.org/W1961896722
437,0,3,4,1,0.1405085955210284,5.1042925671026555e-05,https://openalex.org/W1971980724
438,0,3,4,1,0.1405085955210284,5.1042925671026555e-05,https://openalex.org/W1977655591
439,0,3,4,1,0.1405085955210284,5.1042925671026555e-05,https://openalex.org/W1978622957
440,0,3,4,1,0.1405085955210284,5.1042925671026555e-05,https://openalex.org/W1996548598
441,0,3,4,1,0.1405085955210284,5.1042925671026555e-05,https://openalex.org/W2002607345
442,0,3,4,1,0.1405085955210284,5.1042925671026555e-05,https://openalex.org/W2005850239
443,0,3,4,1,0.1405085955210284,5.1042925671026555e-05,https://openalex.org/W2011011316
444,0,3,4,1,0.1405085955210284,5.1042925671026555e-05,https://openalex.org/W2030716640
445,0,3,1,28,0.16538244423929066,0.03543729686530059,https://openalex.org/W2037124948
446,0,3,4,1,0.1405085955210284,5.1042925671026555e-05,https://openalex.org/W2040793390
447,0,3,4,1,0.1405085955210284,5.1042925671026555e-05,https://openalex.org/W2042941609
448,0,3,4,1,0.1405085955210284,5.1042925671026555e-05,https://openalex.org/W2048920201
449,0,3,4,1,0.1405085955210284,5.1042925671026555e-05,https://openalex.org/W2050485610
450,0,3,4,1,0.1405085955210284,5.1042925671026555e-05,https://openalex.org/W2051030138
451,0,3,4,1,0.1405085955210284,5.1042925671026555e-05,https://openalex.org/W2053173693
452,0,3,4,1,0.1405085955210284,5.1042925671026555e-05,https://openalex.org/W2061121240
453,0,3,4,1,0.1405085955210284,5.1042925671026555e-05,https://openalex.org/W2065753397
454,0,3,4,1,0.1405085955210284,5.1042925671026555e-05,https://openalex.org/W2070649243
455,0,3,4,1,0.1405085955210284,5.1042925671026555e-05,https://openalex.org/W2089382928
456,0,3,4,1,0.1405085955210284,5.1042925671026555e-05,https://openalex.org/W2090834622
457,0,3,4,1,0.1405085955210284,5.1042925671026555e-05,https://openalex.org/W2096582896
458,0,3,4,1,0.1405085955210284,5.1042925671026555e-05,https://openalex.org/W2100599795
459,0,3,1,30,0.16570298643084927,0.03729320464040245,https://openalex.org/W2107031757
460,0,3,4,1,0.1405085955210284,5.1042925671026555e-05,https://openalex.org/W2112657826
461,0,3,4,1,0.1405085955210284,5.1042925671026555e-05,https://openalex.org/W2115429614
462,0,3,4,1,0.1405085955210284,5.1042925671026555e-05,https://openalex.org/W2116159486
463,0,3,4,1,0.1405085955210284,5.1042925671026555e-05,https://openalex.org/W2118175947
464,0,3,4,1,0.1405085955210284,5.1042925671026555e-05,https://openalex.org/W2123684590
466,0,3,4,1,0.1405085955210284,5.1042925671026555e-05,https://openalex.org/W2140116268
467,0,3,4,1,0.1405085955210284,5.1042925671026555e-05,https://openalex.org/W2143000340
468,0,3,4,1,0.1405085955210284,5.1042925671026555e-05,https://openalex.org/W2156855145
469,0,3,4,1,0.1405085955210284,5.1042925671026555e-05,https://openalex.org/W2159539728
470,0,3,4,1,0.1405085955210284,5.1042925671026555e-05,https://openalex.org/W2164860026
471,0,3,4,1,0.1405085955210284,5.1042925671026555e-05,https://openalex.org/W2169570446
472,0,3,4,1,0.1405085955210284,5.1042925671026555e-05,https://openalex.org/W2170557017
473,0,3,4,1,0.1405085955210284,5.1042925671026555e-05,https://openalex.org/W2243040480
474,0,3,4,1,0.1405085955210284,5.1042925671026555e-05,https://openalex.org/W2791286707
475,0,3,4,1,0.1405085955210284,5.1042925671026555e-05,https://openalex.org/W2917562681
476,0,3,4,1,0.1405085955210284,5.1042925671026555e-05,https://openalex.org/W4236701215
477,0,3,4,1,0.1405085955210284,5.1042925671026555e-05,https://openalex.org/W4238038706
478,0,18,10,2,0.1417616747765937,5.111300870191782e-05,https://openalex.org/W4241100824
480,0,3,1,15,0.155780065545401,0.017789493455158515,https://openalex.org/W4300870773
481,0,3,4,1,0.1405085955210284,5.1042925671026555e-05,https://openalex.org/W475940995
482,0,3,4,1,0.1405085955210284,5.1042925671026555e-05,https://openalex.org/W605078877
483,0,3,4,1,0.1405085955210284,5.1042925671026555e-05,https://openalex.org/W650652572
484,0,3,4,1,0.1405085955210284,5.1042925671026555e-05,https://openalex.org/W656483996
485,0,3,4,1,0.1405085955210284,5.1042925671026555e-05,https://openalex.org/W88350714
926,0,3,1,28,0.16538244423929066,0.03543729686530059,https://openalex.org/W2037124948
936,0,3,1,30,0.16570298643084927,0.03729320464040245,https://openalex.org/W2107031757
1542,0,3,1,28,0.16538244423929066,0.03543729686530059,https://openalex.org/W2037124948
1547,0,3,1,30,0.16570298643084927,0.03729320464040245,https://openalex.org/W2107031757
1584,0,3,1,15,0.155780065545401,0.017789493455158515,https://openalex.org/W4300870773
1812,0,3,1,28,0.16538244423929066,0.03543729686530059,https://openalex.org/W2037124948
1814,0,3,1,30,0.16570298643084927,0.03729320464040245,https://openalex.org/W2107031757
1826,0,3,1,15,0.155780065545401,0.017789493455158515,https://openalex.org/W4300870773
2081,0,3,1,30,0.16570298643084927,0.03729320464040245,https://openalex.org/W2107031757
2104,0,3,1,15,0.155780065545401,0.017789493455158515,https://openalex.org/W4300870773
2989,0,18,10,2,0.1417616747765937,5.111300870191782e-05,https://openalex.org/W4241100824
18,0,0,2,60,0.12155202931774181,9.095103561303336e-08,https://openalex.org/W1990092605
487,0,0,2,1,0.10752107447195487,1.0115300126961912e-09,https://openalex.org/W1512618164
488,0,0,2,1,0.10752107447195487,1.0115300126961912e-09,https://openalex.org/W1518844692
489,0,0,2,1,0.10752107447195487,1.0115300126961912e-09,https://openalex.org/W1562600285
490,0,0,2,1,0.10752107447195487,1.0115300126961912e-09,https://openalex.org/W1562901594
491,0,0,2,1,0.10752107447195487,1.0115300126961912e-09,https://openalex.org/W1603889988
492,0,0,2,1,0.10752107447195487,1.0115300126961912e-09,https://openalex.org/W167088912
493,0,0,2,1,0.10752107447195487,1.0115300126961912e-09,https://openalex.org/W1678084289
494,0,0,2,1,0.10752107447195487,1.0115300126961912e-09,https://openalex.org/W1681730134
495,0,0,2,1,0.10752107447195487,1.0115300126961912e-09,https://openalex.org/W171621893
496,0,0,2,1,0.10752107447195487,1.0115300126961912e-09,https://openalex.org/W1740039579
497,0,0,2,1,0.10752107447195487,1.0115300126961912e-09,https://openalex.org/W1828171833
498,0,0,2,1,0.10752107447195487,1.0115300126961912e-09,https://openalex.org/W1967678182
499,0,0,2,1,0.10752107447195487,1.0115300126961912e-09,https://openalex.org/W1981939665
500,0,0,2,1,0.10752107447195487,1.0115300126961912e-09,https://openalex.org/W1985375307
501,0,17,6,3,0.10909332359514803,1.6877196561070804e-09,https://openalex.org/W1989621340
502,0,0,2,1,0.10752107447195487,1.0115300126961912e-09,https://openalex.org/W1993988452
503,0,0,2,1,0.10752107447195487,1.0115300126961912e-09,https://openalex.org/W2000899752
504,0,0,2,1,0.10752107447195487,1.0115300126961912e-09,https://openalex.org/W2005777857
505,0,0,2,1,0.10752107447195487,1.0115300126961912e-09,https://openalex.org/W2007827970
506,0,0,2,1,0.10752107447195487,1.0115300126961912e-09,https://openalex.org/W2008151625
507,0,0,2,1,0.10752107447195487,1.0115300126961912e-09,https://openalex.org/W2018099680
508,0,0,2,1,0.10752107447195487,1.0115300126961912e-09,https://openalex.org/W2024538327
509,0,0,2,1,0.10752107447195487,1.0115300126961912e-09,https://openalex.org/W2026253062
510,0,0,2,1,0.10752107447195487,1.0115300126961912e-09,https://openalex.org/W2033138442
511,0,0,2,1,0.10752107447195487,1.0115300126961912e-09,https://openalex.org/W2045041263
512,0,0,2,1,0.10752107447195487,1.0115300126961912e-09,https://openalex.org/W2052870110
513,0,0,2,1,0.10752107447195487,1.0115300126961912e-09,https://openalex.org/W2053157903
514,0,0,2,1,0.10752107447195487,1.0115300126961912e-09,https://openalex.org/W2056403841
515,0,0,2,1,0.10752107447195487,1.0115300126961912e-09,https://openalex.org/W2064245088
516,0,0,2,1,0.10752107447195487,1.0115300126961912e-09,https://openalex.org/W2071455396
517,0,0,2,1,0.10752107447195487,1.0115300126961912e-09,https://openalex.org/W2076149548
518,0,0,2,1,0.10752107447195487,1.0115300126961912e-09,https://openalex.org/W2093980251
519,0,0,2,1,0.10752107447195487,1.0115300126961912e-09,https://openalex.org/W2101571917
520,0,0,2,1,0.10752107447195487,1.0115300126961912e-09,https://openalex.org/W2104264329
521,0,0,2,1,0.10752107447195487,1.0115300126961912e-09,https://openalex.org/W2109654065
522,0,0,2,1,0.10752107447195487,1.0115300126961912e-09,https://openalex.org/W2117796631
523,0,0,2,1,0.10752107447195487,1.0115300126961912e-09,https://openalex.org/W2126026019
524,0,0,2,1,0.10752107447195487,1.0115300126961912e-09,https://openalex.org/W2126496538
525,0,0,2,1,0.10752107447195487,1.0115300126961912e-09,https://openalex.org/W2136158997
526,0,0,2,1,0.10752107447195487,1.0115300126961912e-09,https://openalex.org/W2140750556
527,0,0,2,1,0.10752107447195487,1.0115300126961912e-09,https://openalex.org/W2159426564
528,0,0,2,1,0.10752107447195487,1.0115300126961912e-09,https://openalex.org/W2161866352
529,0,0,2,1,0.10752107447195487,1.0115300126961912e-09,https://openalex.org/W2162120381
530,0,0,2,1,0.10752107447195487,1.0115300126961912e-09,https://openalex.org/W2169231635
531,0,0,2,1,0.10752107447195487,1.0115300126961912e-09,https://openalex.org/W2171771273
532,0,0,2,1,0.10752107447195487,1.0115300126961912e-09,https://openalex.org/W2337980608
533,0,0,2,1,0.10752107447195487,1.0115300126961912e-09,https://openalex.org/W2486568322
534,0,0,2,1,0.10752107447195487,1.0115300126961912e-09,https://openalex.org/W2790783572
535,0,0,2,1,0.10752107447195487,1.0115300126961912e-09,https://openalex.org/W2904116032
536,0,0,2,1,0.10752107447195487,1.0115300126961912e-09,https://openalex.org/W2948041845
537,0,0,2,1,0.10752107447195487,1.0115300126961912e-09,https://openalex.org/W370177488
538,0,0,2,1,0.10752107447195487,1.0115300126961912e-09,https://openalex.org/W4244342442
539,0,0,2,1,0.10752107447195487,1.0115300126961912e-09,https://openalex.org/W4244488305
540,0,0,2,1,0.10752107447195487,1.0115300126961912e-09,https://openalex.org/W4251904093
541,0,0,2,1,0.10752107447195487,1.0115300126961912e-09,https://openalex.org/W653955720
542,0,0,2,1,0.10752107447195487,1.0115300126961912e-09,https://openalex.org/W74692804
1103,0,17,6,3,0.10909332359514803,1.6877196561070804e-09,https://openalex.org/W1989621340
19,0,12,3,14,0.07365348819420957,1.9923965270020613e-19,https://openalex.org/W2548469526
543,0,12,3,1,0.06825630094434905,1.8327453940045076e-20,https://openalex.org/W1491190506
544,0,12,3,1,0.06825630094434905,1.8327453940045076e-20,https://openalex.org/W1496698723
545,0,12,3,1,0.06825630094434905,1.8327453940045076e-20,https://openalex.org/W1572986423
546,0,12,3,1,0.06825630094434905,1.8327453940045076e-20,https://openalex.org/W1597018565
547,0,12,3,1,0.06825630094434905,1.8327453940045076e-20,https://openalex.org/W1990850277
549,0,12,3,1,0.06825630094434905,1.8327453940045076e-20,https://openalex.org/W2037749464
550,0,12,3,1,0.06825630094434905,1.8327453940045076e-20,https://openalex.org/W2038146667
551,0,12,3,1,0.06825630094434905,1.8327453940045076e-20,https://openalex.org/W2085491458
552,0,12,3,1,0.06825630094434905,1.8327453940045076e-20,https://openalex.org/W2099431245
553,0,12,3,2,0.07972754337546407,1.3137864825769772e-18,https://openalex.org/W2131806896
554,0,12,3,1,0.06825630094434905,1.8327453940045076e-20,https://openalex.org/W609097193
634,0,12,3,2,0.07972754337546407,1.3137864825769772e-18,https://openalex.org/W2131806896
20,0,2,4,37,0.08628198164216117,2.0108474490075058e-13,https://openalex.org/W3177421727
555,0,2,4,1,0.07896724776486376,2.247773427137912e-15,https://openalex.org/W1011222721
556,0,2,4,1,0.07896724776486376,2.247773427137912e-15,https://openalex.org/W1505555390
557,0,2,4,1,0.07896724776486376,2.247773427137912e-15,https://openalex.org/W1531166158
558,0,2,4,1,0.07896724776486376,2.247773427137912e-15,https://openalex.org/W1532098389
559,0,2,4,1,0.07896724776486376,2.247773427137912e-15,https://openalex.org/W1631767606
560,0,2,4,1,0.07896724776486376,2.247773427137912e-15,https://openalex.org/W1840865377
561,0,2,4,1,0.07896724776486376,2.247773427137912e-15,https://openalex.org/W1846207026
562,0,2,4,1,0.07896724776486376,2.247773427137912e-15,https://openalex.org/W2012586651
563,0,2,4,1,0.07896724776486376,2.247773427137912e-15,https://openalex.org/W2013258879
564,0,2,4,1,0.07896724776486376,2.247773427137912e-15,https://openalex.org/W2024970618
565,0,2,4,1,0.07896724776486376,2.247773427137912e-15,https://openalex.org/W2048431936
566,0,2,4,1,0.07896724776486376,2.247773427137912e-15,https://openalex.org/W2061430993
567,0,2,4,1,0.07896724776486376,2.247773427137912e-15,https://openalex.org/W2075821725
568,0,2,4,1,0.07896724776486376,2.247773427137912e-15,https://openalex.org/W2093950336
569,0,2,4,1,0.07896724776486376,2.247773427137912e-15,https://openalex.org/W2116400684
570,0,2,4,1,0.07896724776486376,2.247773427137912e-15,https://openalex.org/W2118762351
571,0,2,4,1,0.07896724776486376,2.247773427137912e-15,https://openalex.org/W2131259509
572,0,2,4,1,0.07896724776486376,2.247773427137912e-15,https://openalex.org/W2153076044
573,0,2,4,1,0.07896724776486376,2.247773427137912e-15,https://openalex.org/W2163058110
574,0,2,4,1,0.07896724776486376,2.247773427137912e-15,https://openalex.org/W2460904773
575,0,2,4,1,0.07896724776486376,2.247773427137912e-15,https://openalex.org/W2479837187
576,0,2,4,1,0.07896724776486376,2.247773427137912e-15,https://openalex.org/W2501229488
577,0,2,4,1,0.07896724776486376,2.247773427137912e-15,https://openalex.org/W2526854742
578,0,2,4,1,0.07896724776486376,2.247773427137912e-15,https://openalex.org/W2527163700
579,0,2,4,1,0.07896724776486376,2.247773427137912e-15,https://openalex.org/W2560708187
580,0,2,4,1,0.07896724776486376,2.247773427137912e-15,https://openalex.org/W2568476927
581,0,2,4,1,0.07896724776486376,2.247773427137912e-15,https://openalex.org/W2601707491
582,0,2,4,1,0.07896724776486376,2.247773427137912e-15,https://openalex.org/W2807083886
583,0,2,4,1,0.07896724776486376,2.247773427137912e-15,https://openalex.org/W2810989163
584,0,2,4,1,0.07896724776486376,2.247773427137912e-15,https://openalex.org/W2896426694
585,0,2,4,2,0.09488481645464372,9.039675661565717e-12,https://openalex.org/W2953051821
586,0,2,4,1,0.07896724776486376,2.247773427137912e-15,https://openalex.org/W2985318277
587,0,2,4,1,0.07896724776486376,2.247773427137912e-15,https://openalex.org/W3124254896
588,0,2,4,1,0.07896724776486376,2.247773427137912e-15,https://openalex.org/W428354147
589,0,2,4,1,0.07896724776486376,2.247773427137912e-15,https://openalex.org/W59945560
590,0,2,4,1,0.07896724776486376,2.247773427137912e-15,https://openalex.org/W745492657
2321,0,2,4,2,0.09488481645464372,9.039675661565717e-12,https://openalex.org/W2953051821
22,0,12,3,15,0.07349263535534856,1.6789580613121021e-19,https://openalex.org/W2520023658
591,0,12,3,1,0.06811813624542212,1.5177779342328838e-20,https://openalex.org/W1558461721
592,0,12,3,1,0.06811813624542212,1.5177779342328838e-20,https://openalex.org/W1594018239
593,0,12,3,1,0.06811813624542212,1.5177779342328838e-20,https://openalex.org/W1767339332
594,0,12,3,1,0.06811813624542212,1.5177779342328838e-20,https://openalex.org/W2003728145
595,0,12,3,1,0.06811813624542212,1.5177779342328838e-20,https://openalex.org/W2017735442
596,0,12,3,1,0.06811813624542212,1.5177779342328838e-20,https://openalex.org/W2031450386
597,0,12,3,1,0.06811813624542212,1.5177779342328838e-20,https://openalex.org/W2041085983
598,0,12,3,1,0.06811813624542212,1.5177779342328838e-20,https://openalex.org/W2096016260
599,0,12,3,1,0.06811813624542212,1.5177779342328838e-20,https://openalex.org/W2110647620
600,0,12,3,1,0.06811813624542212,1.5177779342328838e-20,https://openalex.org/W2115016210
601,0,12,3,1,0.06811813624542212,1.5177779342328838e-20,https://openalex.org/W2118020692
602,0,12,3,1,0.06811813624542212,1.5177779342328838e-20,https://openalex.org/W2140757787
603,0,12,3,2,0.07973156250856764,1.3106368079792608e-18,https://openalex.org/W2905010601
604,0,12,3,1,0.06811813624542212,1.5177779342328838e-20,https://openalex.org/W579559746
648,0,12,3,2,0.07973156250856764,1.3106368079792608e-18,https://openalex.org/W2905010601
23,0,12,3,70,0.08712802321833615,5.729849094998173e-17,https://openalex.org/W2015223621
605,0,12,3,1,0.07967533149375125,1.295459028636932e-18,https://openalex.org/W1508863820
606,0,12,3,1,0.07967533149375125,1.295459028636932e-18,https://openalex.org/W1524578401
607,0,12,3,1,0.07967533149375125,1.295459028636932e-18,https://openalex.org/W1560322244
608,0,12,3,1,0.07967533149375125,1.295459028636932e-18,https://openalex.org/W1572549222
609,0,12,3,1,0.07967533149375125,1.295459028636932e-18,https://openalex.org/W1578913844
610,0,12,3,1,0.07967533149375125,1.295459028636932e-18,https://openalex.org/W1599548180
611,0,12,3,1,0.07967533149375125,1.295459028636932e-18,https://openalex.org/W189315048
612,0,12,3,1,0.07967533149375125,1.295459028636932e-18,https://openalex.org/W1942444330
614,0,12,3,1,0.07967533149375125,1.295459028636932e-18,https://openalex.org/W1971170556
615,0,12,3,1,0.07967533149375125,1.295459028636932e-18,https://openalex.org/W1984800886
616,0,12,3,1,0.07967533149375125,1.295459028636932e-18,https://openalex.org/W1993390327
617,0,12,3,1,0.07967533149375125,1.295459028636932e-18,https://openalex.org/W1996435010
618,0,12,3,1,0.07967533149375125,1.295459028636932e-18,https://openalex.org/W2007323868
619,0,12,3,1,0.07967533149375125,1.295459028636932e-18,https://openalex.org/W2013109714
620,0,12,3,1,0.07967533149375125,1.295459028636932e-18,https://openalex.org/W2018834259
621,0,12,3,1,0.07967533149375125,1.295459028636932e-18,https://openalex.org/W2023394231
622,0,12,3,1,0.07967533149375125,1.295459028636932e-18,https://openalex.org/W2027399021
623,0,12,3,1,0.07967533149375125,1.295459028636932e-18,https://openalex.org/W2041218274
624,0,12,3,1,0.07967533149375125,1.295459028636932e-18,https://openalex.org/W2066448258
625,0,12,3,1,0.07967533149375125,1.295459028636932e-18,https://openalex.org/W2084403116
626,0,12,3,1,0.07967533149375125,1.295459028636932e-18,https://openalex.org/W2094107797
627,0,12,3,1,0.07967533149375125,1.295459028636932e-18,https://openalex.org/W2097473141
628,0,12,3,2,0.07997952039050624,3.4869113352204516e-18,https://openalex.org/W2116668395
629,0,12,3,1,0.07967533149375125,1.295459028636932e-18,https://openalex.org/W2117412747
630,0,12,3,1,0.07967533149375125,1.295459028636932e-18,https://openalex.org/W2118402255
631,0,12,3,1,0.07967533149375125,1.295459028636932e-18,https://openalex.org/W2121500851
632,0,12,3,1,0.07967533149375125,1.295459028636932e-18,https://openalex.org/W2123890379
633,0,12,3,1,0.07967533149375125,1.295459028636932e-18,https://openalex.org/W2131303026
635,0,12,3,1,0.07967533149375125,1.295459028636932e-18,https://openalex.org/W2131922494
636,0,12,3,1,0.07967533149375125,1.295459028636932e-18,https://openalex.org/W2134805917
637,0,12,3,2,0.08000177063644189,4.2269637935921196e-18,https://openalex.org/W2140375221
638,0,12,3,1,0.07967533149375125,1.295459028636932e-18,https://openalex.org/W2141537732
639,0,12,3,1,0.07967533149375125,1.295459028636932e-18,https://openalex.org/W2145114177
640,0,12,3,1,0.07967533149375125,1.295459028636932e-18,https://openalex.org/W2156035226
641,0,12,3,1,0.07967533149375125,1.295459028636932e-18,https://openalex.org/W2162140083
642,0,12,3,1,0.07967533149375125,1.295459028636932e-18,https://openalex.org/W2315178503
643,0,12,3,1,0.07967533149375125,1.295459028636932e-18,https://openalex.org/W2553074465
644,0,12,3,1,0.07967533149375125,1.295459028636932e-18,https://openalex.org/W2612488585
645,0,12,3,1,0.07967533149375125,1.295459028636932e-18,https://openalex.org/W2703802103
646,0,12,3,1,0.07967533149375125,1.295459028636932e-18,https://openalex.org/W2903120359
647,0,12,3,1,0.07967533149375125,1.295459028636932e-18,https://openalex.org/W2904314261
649,0,12,3,1,0.07967533149375125,1.295459028636932e-18,https://openalex.org/W3080693292
650,0,12,3,1,0.07967533149375125,1.295459028636932e-18,https://openalex.org/W3093106750
651,0,12,3,1,0.07967533149375125,1.295459028636932e-18,https://openalex.org/W3136241140
652,0,12,3,1,0.07967533149375125,1.295459028636932e-18,https://openalex.org/W3184876643
653,0,12,3,1,0.07967533149375125,1.295459028636932e-18,https://openalex.org/W3190574818
655,0,12,3,1,0.07967533149375125,1.295459028636932e-18,https://openalex.org/W419394948
656,0,12,3,1,0.07967533149375125,1.295459028636932e-18,https://openalex.org/W4205204520
657,0,12,3,1,0.07967533149375125,1.295459028636932e-18,https://openalex.org/W4210248375
658,0,12,3,1,0.07967533149375125,1.295459028636932e-18,https://openalex.org/W4213193087
659,0,12,3,1,0.07967533149375125,1.295459028636932e-18,https://openalex.org/W4232387830
660,0,12,3,1,0.07967533149375125,1.295459028636932e-18,https://openalex.org/W4243544633
661,0,12,3,1,0.07967533149375125,1.295459028636932e-18,https://openalex.org/W4251613392
662,0,12,3,1,0.07967533149375125,1.295459028636932e-18,https://openalex.org/W4301911704
664,0,12,3,1,0.07967533149375125,1.295459028636932e-18,https://openalex.org/W4393020831
665,0,12,3,1,0.07967533149375125,1.295459028636932e-18,https://openalex.org/W600941897
666,0,12,3,1,0.07967533149375125,1.295459028636932e-18,https://openalex.org/W656565818
1924,0,12,3,2,0.07997952039050624,3.4869113352204516e-18,https://openalex.org/W2116668395
2577,0,12,3,2,0.08000177063644189,4.2269637935921196e-18,https://openalex.org/W2140375221
24,0,2,4,19,0.10212662268240823,7.692941287646528e-10,https://openalex.org/W4200527048
667,0,2,4,1,0.09203578734259274,8.569057344864563e-12,https://openalex.org/W1985870405
668,0,2,4,1,0.09203578734259274,8.569057344864563e-12,https://openalex.org/W2149759924
669,0,2,4,1,0.09203578734259274,8.569057344864563e-12,https://openalex.org/W2336981594
670,0,2,4,1,0.09203578734259274,8.569057344864563e-12,https://openalex.org/W2497019608
671,0,2,4,1,0.09203578734259274,8.569057344864563e-12,https://openalex.org/W2587004178
672,0,2,4,1,0.09203578734259274,8.569057344864563e-12,https://openalex.org/W2605248710
673,0,2,4,1,0.09203578734259274,8.569057344864563e-12,https://openalex.org/W2763456132
674,0,2,4,1,0.09203578734259274,8.569057344864563e-12,https://openalex.org/W3015416615
675,0,2,4,1,0.09203578734259274,8.569057344864563e-12,https://openalex.org/W3023093151
676,0,2,4,3,0.11381944483897928,2.188426690846685e-08,https://openalex.org/W4206305191
678,0,2,4,1,0.09203578734259274,8.569057344864563e-12,https://openalex.org/W4232709840
679,0,2,4,1,0.09203578734259274,8.569057344864563e-12,https://openalex.org/W4234178885
680,0,2,4,1,0.09203578734259274,8.569057344864563e-12,https://openalex.org/W4238027251
681,0,2,4,1,0.09203578734259274,8.569057344864563e-12,https://openalex.org/W4400155124
2334,0,2,4,3,0.11381944483897928,2.188426690846685e-08,https://openalex.org/W4206305191
2818,0,2,4,3,0.11381944483897928,2.188426690846685e-08,https://openalex.org/W4206305191
25,0,8,1,141,0.1678394445251187,0.028072570718730754,https://openalex.org/W3096522693
28,0,8,1,4,0.14483173897554655,0.0006484114785379469,https://openalex.org/W2755884504
54,0,3,1,225,0.17498866022929205,0.12446113820963321,https://openalex.org/W2895509011
62,0,8,1,54,0.15618001436579995,0.004765893182981914,https://openalex.org/W2898919684
682,0,8,1,1,0.14221418023490143,0.0003120119630866096,https://openalex.org/W1524774593
683,0,8,1,1,0.14221418023490143,0.0003120119630866096,https://openalex.org/W1941615107
684,0,8,1,1,0.14221418023490143,0.0003120119630866096,https://openalex.org/W1999668070
685,0,8,1,1,0.14221418023490143,0.0003120119630866096,https://openalex.org/W2009744730
686,0,8,1,5,0.14959896008346713,0.0016497504609317463,https://openalex.org/W2014191564
687,0,8,1,1,0.14221418023490143,0.0003120119630866096,https://openalex.org/W2043892346
688,0,8,1,1,0.14221418023490143,0.0003120119630866096,https://openalex.org/W2055677456
689,0,8,1,1,0.14221418023490143,0.0003120119630866096,https://openalex.org/W2065518119
690,0,8,1,1,0.14221418023490143,0.0003120119630866096,https://openalex.org/W2068047340
691,0,8,1,3,0.14241266031716696,0.0004179788349457359,https://openalex.org/W2113293388
692,0,8,1,2,0.1446661488596411,0.0005424446066788205,https://openalex.org/W2114804272
693,0,8,1,1,0.14221418023490143,0.0003120119630866096,https://openalex.org/W2135517195
694,0,14,14,2,0.14984699246636252,0.0011401357282274005,https://openalex.org/W2141406633
695,0,11,2,4,0.16361177257499288,0.0010931300215789041,https://openalex.org/W2168272791
696,0,8,1,1,0.14221418023490143,0.0003120119630866096,https://openalex.org/W2289234183
697,0,8,1,7,0.16088241333358316,0.0035994002840744033,https://openalex.org/W2292304140
698,0,3,1,7,0.15013859276495858,0.006206979756329292,https://openalex.org/W2435437921
699,0,3,1,12,0.15907820019939212,0.014226639172017535,https://openalex.org/W2444482132
700,0,8,1,1,0.14221418023490143,0.0003120119630866096,https://openalex.org/W2467553328
701,0,3,1,28,0.16745738544017535,0.027914023605735427,https://openalex.org/W2473740239
702,0,8,1,1,0.14221418023490143,0.0003120119630866096,https://openalex.org/W2518821378
703,0,8,1,1,0.14221418023490143,0.0003120119630866096,https://openalex.org/W2553156512
704,0,8,1,1,0.14221418023490143,0.0003120119630866096,https://openalex.org/W2555336036
705,0,3,1,16,0.16001163493170684,0.01981572314833053,https://openalex.org/W2555674447
706,0,3,1,8,0.15050290279593267,0.007546683516641358,https://openalex.org/W2560321923
707,0,8,1,16,0.16424039516951777,0.011215342167065778,https://openalex.org/W2600903472
708,0,8,1,1,0.14221418023490143,0.0003120119630866096,https://openalex.org/W2601674757
709,0,8,1,1,0.14221418023490143,0.0003120119630866096,https://openalex.org/W2612291668
710,0,8,1,1,0.14221418023490143,0.0003120119630866096,https://openalex.org/W2615786246
711,0,8,1,1,0.14221418023490143,0.0003120119630866096,https://openalex.org/W2626428565
712,0,8,1,1,0.14221418023490143,0.0003120119630866096,https://openalex.org/W2736958994
713,0,8,1,1,0.14221418023490143,0.0003120119630866096,https://openalex.org/W2738683365
714,0,8,1,4,0.14483173897554655,0.0006484114785379469,https://openalex.org/W2755884504
715,0,3,1,15,0.15619543802907923,0.01746667300772991,https://openalex.org/W2770367788
716,0,8,1,1,0.14221418023490143,0.0003120119630866096,https://openalex.org/W2806339623
717,0,8,1,1,0.14221418023490143,0.0003120119630866096,https://openalex.org/W2809873270
718,0,8,1,2,0.1446661488596411,0.0005424446066788205,https://openalex.org/W2859394135
719,0,8,1,1,0.14221418023490143,0.0003120119630866096,https://openalex.org/W2883141037
720,0,8,1,1,0.14221418023490143,0.0003120119630866096,https://openalex.org/W2884397405
721,0,8,1,1,0.14221418023490143,0.0003120119630866096,https://openalex.org/W2885255375
722,0,8,1,1,0.14221418023490143,0.0003120119630866096,https://openalex.org/W2889618782
723,0,8,1,1,0.14221418023490143,0.0003120119630866096,https://openalex.org/W2890718247
724,0,8,1,1,0.14221418023490143,0.0003120119630866096,https://openalex.org/W2894066192
725,0,3,1,11,0.15201451347805817,0.014146559498216287,https://openalex.org/W2894948697
726,0,3,1,28,0.16582459692623783,0.03259616780291152,https://openalex.org/W2895429420
727,0,3,1,225,0.17498866022929205,0.12446113820963321,https://openalex.org/W2895509011
728,0,8,1,1,0.14221418023490143,0.0003120119630866096,https://openalex.org/W2896461933
729,0,8,1,54,0.15618001436579995,0.004765893182981914,https://openalex.org/W2898919684
730,0,8,1,6,0.15634211490954938,0.0007876461406884065,https://openalex.org/W2913546971
731,0,8,1,1,0.14221418023490143,0.0003120119630866096,https://openalex.org/W2916900917
732,0,8,1,1,0.14221418023490143,0.0003120119630866096,https://openalex.org/W2921629242
733,0,8,1,1,0.14221418023490143,0.0003120119630866096,https://openalex.org/W2936958172
734,0,8,1,1,0.14221418023490143,0.0003120119630866096,https://openalex.org/W2942935710
735,0,8,1,1,0.14221418023490143,0.0003120119630866096,https://openalex.org/W2955183083
736,0,8,1,8,0.15157019697963164,0.0019001713304433905,https://openalex.org/W2994327762
737,0,8,1,1,0.14221418023490143,0.0003120119630866096,https://openalex.org/W2999005933
739,0,3,1,35,0.17193553706733952,0.036286635966085015,https://openalex.org/W634430281
844,0,3,1,28,0.16745738544017535,0.027914023605735427,https://openalex.org/W2473740239
846,0,8,1,16,0.16424039516951777,0.011215342167065778,https://openalex.org/W2600903472
847,0,8,1,8,0.15157019697963164,0.0019001713304433905,https://openalex.org/W2994327762
944,0,3,1,16,0.16001163493170684,0.01981572314833053,https://openalex.org/W2555674447
953,0,3,1,35,0.17193553706733952,0.036286635966085015,https://openalex.org/W634430281
1304,0,11,2,4,0.16361177257499288,0.0010931300215789041,https://openalex.org/W2168272791
1320,0,3,1,35,0.17193553706733952,0.036286635966085015,https://openalex.org/W634430281
1448,0,8,1,5,0.14959896008346713,0.0016497504609317463,https://openalex.org/W2014191564
1460,0,3,1,28,0.16745738544017535,0.027914023605735427,https://openalex.org/W2473740239
1462,0,8,1,16,0.16424039516951777,0.011215342167065778,https://openalex.org/W2600903472
1465,0,8,1,8,0.15157019697963164,0.0019001713304433905,https://openalex.org/W2994327762
1482,0,3,1,28,0.16745738544017535,0.027914023605735427,https://openalex.org/W2473740239
1484,0,8,1,16,0.16424039516951777,0.011215342167065778,https://openalex.org/W2600903472
1485,0,8,1,8,0.15157019697963164,0.0019001713304433905,https://openalex.org/W2994327762
1498,0,3,1,8,0.15050290279593267,0.007546683516641358,https://openalex.org/W2560321923
1503,0,3,1,225,0.17498866022929205,0.12446113820963321,https://openalex.org/W2895509011
1521,0,3,1,28,0.16745738544017535,0.027914023605735427,https://openalex.org/W2473740239
1528,0,3,1,28,0.16582459692623783,0.03259616780291152,https://openalex.org/W2895429420
1529,0,3,1,225,0.17498866022929205,0.12446113820963321,https://openalex.org/W2895509011
1532,0,3,1,35,0.17193553706733952,0.036286635966085015,https://openalex.org/W634430281
1560,0,3,1,12,0.15907820019939212,0.014226639172017535,https://openalex.org/W2444482132
1561,0,3,1,28,0.16745738544017535,0.027914023605735427,https://openalex.org/W2473740239
1569,0,3,1,15,0.15619543802907923,0.01746667300772991,https://openalex.org/W2770367788
1574,0,3,1,11,0.15201451347805817,0.014146559498216287,https://openalex.org/W2894948697
1578,0,3,1,28,0.16582459692623783,0.03259616780291152,https://openalex.org/W2895429420
1714,0,8,1,7,0.16088241333358316,0.0035994002840744033,https://openalex.org/W2292304140
1719,0,3,1,15,0.15619543802907923,0.01746667300772991,https://openalex.org/W2770367788
1724,0,3,1,28,0.16582459692623783,0.03259616780291152,https://openalex.org/W2895429420
1727,0,3,1,35,0.17193553706733952,0.036286635966085015,https://openalex.org/W634430281
1823,0,3,1,28,0.16582459692623783,0.03259616780291152,https://openalex.org/W2895429420
1824,0,3,1,225,0.17498866022929205,0.12446113820963321,https://openalex.org/W2895509011
1832,0,8,1,5,0.14959896008346713,0.0016497504609317463,https://openalex.org/W2014191564
1839,0,8,1,3,0.14241266031716696,0.0004179788349457359,https://openalex.org/W2113293388
1848,0,8,1,4,0.14483173897554655,0.0006484114785379469,https://openalex.org/W2755884504
1850,0,8,1,8,0.15157019697963164,0.0019001713304433905,https://openalex.org/W2994327762
1853,0,3,1,35,0.17193553706733952,0.036286635966085015,https://openalex.org/W634430281
1881,0,14,14,2,0.14984699246636252,0.0011401357282274005,https://openalex.org/W2141406633
1896,0,3,1,225,0.17498866022929205,0.12446113820963321,https://openalex.org/W2895509011
2096,0,3,1,7,0.15013859276495858,0.006206979756329292,https://openalex.org/W2435437921
2189,0,3,1,28,0.16745738544017535,0.027914023605735427,https://openalex.org/W2473740239
2194,0,8,1,16,0.16424039516951777,0.011215342167065778,https://openalex.org/W2600903472
2199,0,3,1,28,0.16582459692623783,0.03259616780291152,https://openalex.org/W2895429420
2200,0,3,1,225,0.17498866022929205,0.12446113820963321,https://openalex.org/W2895509011
2201,0,3,1,35,0.17193553706733952,0.036286635966085015,https://openalex.org/W634430281
2279,0,3,1,7,0.15013859276495858,0.006206979756329292,https://openalex.org/W2435437921
2281,0,3,1,8,0.15050290279593267,0.007546683516641358,https://openalex.org/W2560321923
2484,0,8,1,7,0.16088241333358316,0.0035994002840744033,https://openalex.org/W2292304140
2487,0,8,1,16,0.16424039516951777,0.011215342167065778,https://openalex.org/W2600903472
2495,0,8,1,6,0.15634211490954938,0.0007876461406884065,https://openalex.org/W2913546971
2669,0,3,1,28,0.16582459692623783,0.03259616780291152,https://openalex.org/W2895429420
2670,0,3,1,225,0.17498866022929205,0.12446113820963321,https://openalex.org/W2895509011
2674,0,3,1,35,0.17193553706733952,0.036286635966085015,https://openalex.org/W634430281
2754,0,8,1,5,0.14959896008346713,0.0016497504609317463,https://openalex.org/W2014191564
2776,0,3,1,7,0.15013859276495858,0.006206979756329292,https://openalex.org/W2435437921
2777,0,3,1,28,0.16745738544017535,0.027914023605735427,https://openalex.org/W2473740239
2786,0,3,1,28,0.16582459692623783,0.03259616780291152,https://openalex.org/W2895429420
2788,0,3,1,225,0.17498866022929205,0.12446113820963321,https://openalex.org/W2895509011
3264,0,8,1,2,0.1446661488596411,0.0005424446066788205,https://openalex.org/W2114804272
3273,0,8,1,4,0.14483173897554655,0.0006484114785379469,https://openalex.org/W2755884504
3275,0,3,1,15,0.15619543802907923,0.01746667300772991,https://openalex.org/W2770367788
3279,0,8,1,2,0.1446661488596411,0.0005424446066788205,https://openalex.org/W2859394135
3283,0,3,1,225,0.17498866022929205,0.12446113820963321,https://openalex.org/W2895509011
3284,0,8,1,6,0.15634211490954938,0.0007876461406884065,https://openalex.org/W2913546971
3295,0,3,1,35,0.17193553706733952,0.036286635966085015,https://openalex.org/W634430281
3337,0,8,1,7,0.16088241333358316,0.0035994002840744033,https://openalex.org/W2292304140
3340,0,3,1,12,0.15907820019939212,0.014226639172017535,https://openalex.org/W2444482132
3341,0,3,1,28,0.16745738544017535,0.027914023605735427,https://openalex.org/W2473740239
3353,0,3,1,28,0.16582459692623783,0.03259616780291152,https://openalex.org/W2895429420
3355,0,8,1,6,0.15634211490954938,0.0007876461406884065,https://openalex.org/W2913546971
3439,0,3,1,28,0.16745738544017535,0.027914023605735427,https://openalex.org/W2473740239
3442,0,8,1,16,0.16424039516951777,0.011215342167065778,https://openalex.org/W2600903472
3448,0,8,1,6,0.15634211490954938,0.0007876461406884065,https://openalex.org/W2913546971
26,1,4,20,5,0.0013706140350877192,8.856252661368364e-28,https://openalex.org/W3166747656
740,1,4,20,1,0.0007614522417153996,3.960636685975092e-28,https://openalex.org/W1914972138
741,1,4,20,1,0.0007614522417153996,3.960636685975092e-28,https://openalex.org/W2299625877
742,1,4,20,1,0.0007614522417153996,3.960636685975092e-28,https://openalex.org/W2904855160
743,1,4,20,1,0.0007614522417153996,3.960636685975092e-28,https://openalex.org/W3095579626
744,1,4,20,1,0.0007614522417153996,3.960636685975092e-28,https://openalex.org/W3183211572
29,0,1,5,34,0.11214485804817642,3.4380604411024315e-09,https://openalex.org/W2897980683
745,0,1,5,1,0.10009397876672824,3.826829288542735e-11,https://openalex.org/W1488494785
746,0,1,5,1,0.10009397876672824,3.826829288542735e-11,https://openalex.org/W1591861791
747,0,1,5,1,0.10009397876672824,3.826829288542735e-11,https://openalex.org/W1850933954
748,0,1,5,1,0.10009397876672824,3.826829288542735e-11,https://openalex.org/W1975694682
749,0,1,5,1,0.10009397876672824,3.826829288542735e-11,https://openalex.org/W1979208543
750,0,1,5,1,0.10009397876672824,3.826829288542735e-11,https://openalex.org/W2002045598
751,0,1,5,1,0.10009397876672824,3.826829288542735e-11,https://openalex.org/W2004350900
752,0,1,5,1,0.10009397876672824,3.826829288542735e-11,https://openalex.org/W2012186625
753,0,1,5,1,0.10009397876672824,3.826829288542735e-11,https://openalex.org/W2028640756
754,0,1,5,1,0.10009397876672824,3.826829288542735e-11,https://openalex.org/W2036128926
756,0,1,5,1,0.10009397876672824,3.826829288542735e-11,https://openalex.org/W2049536091
757,0,1,5,3,0.11650228384520156,2.2153292880973733e-08,https://openalex.org/W2050853935
758,0,1,5,1,0.10009397876672824,3.826829288542735e-11,https://openalex.org/W205937675
759,0,1,5,1,0.10009397876672824,3.826829288542735e-11,https://openalex.org/W2061257397
760,0,1,5,1,0.10009397876672824,3.826829288542735e-11,https://openalex.org/W2063051517
761,0,1,5,1,0.10009397876672824,3.826829288542735e-11,https://openalex.org/W2084329980
762,0,1,5,3,0.11650228384520156,2.2153292880973733e-08,https://openalex.org/W2099276202
763,0,1,5,3,0.11650228384520156,2.2153292880973733e-08,https://openalex.org/W2109297286
764,0,1,5,1,0.10009397876672824,3.826829288542735e-11,https://openalex.org/W2118185372
765,0,1,5,1,0.10009397876672824,3.826829288542735e-11,https://openalex.org/W2130835641
766,0,1,5,1,0.10009397876672824,3.826829288542735e-11,https://openalex.org/W2150337440
767,0,1,5,1,0.10009397876672824,3.826829288542735e-11,https://openalex.org/W2156843619
768,0,1,5,1,0.10009397876672824,3.826829288542735e-11,https://openalex.org/W2160828537
769,0,1,5,1,0.10009397876672824,3.826829288542735e-11,https://openalex.org/W2275699360
770,0,1,5,1,0.10009397876672824,3.826829288542735e-11,https://openalex.org/W2313271446
771,0,1,5,1,0.10009397876672824,3.826829288542735e-11,https://openalex.org/W2323062275
772,0,1,5,1,0.10009397876672824,3.826829288542735e-11,https://openalex.org/W2336630343
773,0,1,5,1,0.10009397876672824,3.826829288542735e-11,https://openalex.org/W4235761618
1987,0,1,5,3,0.11650228384520156,2.2153292880973733e-08,https://openalex.org/W2050853935
1991,0,1,5,3,0.11650228384520156,2.2153292880973733e-08,https://openalex.org/W2099276202
1994,0,1,5,3,0.11650228384520156,2.2153292880973733e-08,https://openalex.org/W2109297286
30,0,12,3,44,0.08677191087546049,7.914195624839675e-17,https://openalex.org/W2271312795
774,0,12,3,2,0.07938141511618642,6.613692433754239e-18,https://openalex.org/W1535520578
775,0,12,3,2,0.07938141511618642,6.613692433754239e-18,https://openalex.org/W1547736995
776,0,12,3,3,0.07983418749122763,9.545197198709425e-18,https://openalex.org/W1598821627
777,0,12,3,2,0.07938141511618642,6.613692433754239e-18,https://openalex.org/W1899688676
778,0,12,3,2,0.07938141511618642,6.613692433754239e-18,https://openalex.org/W1967643329
779,0,12,3,2,0.07938141511618642,6.613692433754239e-18,https://openalex.org/W2003053625
780,0,12,3,3,0.07983418749122763,9.545197198709425e-18,https://openalex.org/W2011066935
781,0,12,3,3,0.07983418749122763,9.545197198709425e-18,https://openalex.org/W2024532809
782,0,12,3,3,0.07948713466089337,8.80514474033776e-18,https://openalex.org/W2043317256
783,0,12,3,2,0.07938141511618642,6.613692433754239e-18,https://openalex.org/W2048469360
784,0,12,3,2,0.07938141511618642,6.613692433754239e-18,https://openalex.org/W2054274362
785,0,12,3,2,0.07938141511618642,6.613692433754239e-18,https://openalex.org/W2054763711
786,0,12,3,3,0.07983418749122763,9.545197198709425e-18,https://openalex.org/W2063332082
787,0,12,3,2,0.07938141511618642,6.613692433754239e-18,https://openalex.org/W2063922331
788,0,12,3,2,0.07938141511618642,6.613692433754239e-18,https://openalex.org/W2065304227
789,0,12,3,2,0.07938141511618642,6.613692433754239e-18,https://openalex.org/W2120954445
790,0,12,3,3,0.07983418749122763,9.545197198709425e-18,https://openalex.org/W2123669206
791,0,12,3,2,0.07938141511618642,6.613692433754239e-18,https://openalex.org/W2124504569
792,0,12,3,2,0.07938141511618642,6.613692433754239e-18,https://openalex.org/W2126753475
793,0,12,3,2,0.07938141511618642,6.613692433754239e-18,https://openalex.org/W2139763558
794,0,12,3,2,0.07938141511618642,6.613692433754239e-18,https://openalex.org/W2141046658
795,0,12,3,2,0.07938141511618642,6.613692433754239e-18,https://openalex.org/W2148861294
796,0,12,3,4,0.07992495858721796,1.1736649505292946e-17,https://openalex.org/W2153357207
797,0,12,3,3,0.07948713466089337,8.80514474033776e-18,https://openalex.org/W2162326753
798,0,12,3,3,0.07983418749122763,9.545197198709425e-18,https://openalex.org/W2166083835
799,0,12,3,2,0.07938141511618642,6.613692433754239e-18,https://openalex.org/W2536540467
801,0,12,3,2,0.07938141511618642,6.613692433754239e-18,https://openalex.org/W42080141
802,0,12,3,2,0.07938141511618642,6.613692433754239e-18,https://openalex.org/W4234321897
803,0,12,3,2,0.07938141511618642,6.613692433754239e-18,https://openalex.org/W4243651738
804,0,12,3,2,0.07938141511618642,6.613692433754239e-18,https://openalex.org/W4293410603
1913,0,12,3,3,0.07948713466089337,8.80514474033776e-18,https://openalex.org/W2043317256
1931,0,12,3,4,0.07992495858721796,1.1736649505292946e-17,https://openalex.org/W2153357207
1932,0,12,3,3,0.07948713466089337,8.80514474033776e-18,https://openalex.org/W2162326753
2540,0,12,3,3,0.07983418749122763,9.545197198709425e-18,https://openalex.org/W1598821627
2552,0,12,3,3,0.07983418749122763,9.545197198709425e-18,https://openalex.org/W2011066935
2557,0,12,3,3,0.07983418749122763,9.545197198709425e-18,https://openalex.org/W2024532809
2567,0,12,3,3,0.07983418749122763,9.545197198709425e-18,https://openalex.org/W2063332082
2576,0,12,3,3,0.07983418749122763,9.545197198709425e-18,https://openalex.org/W2123669206
2580,0,12,3,4,0.07992495858721796,1.1736649505292946e-17,https://openalex.org/W2153357207
2582,0,12,3,3,0.07983418749122763,9.545197198709425e-18,https://openalex.org/W2166083835
32,0,0,2,58,0.15899024984745236,0.00012180913507478439,https://openalex.org/W2612367365
33,0,8,1,83,0.16284530300977668,0.027412908713736306,https://openalex.org/W2768220913
36,0,3,1,190,0.17784168274385295,0.11697497212943828,https://openalex.org/W1917627399
829,0,8,1,5,0.14553137702267724,0.0012986387111400507,https://openalex.org/W1565446748
830,0,8,1,4,0.13864869651391246,0.001218559037338802,https://openalex.org/W1604418623
831,0,8,1,4,0.13864869651391246,0.001218559037338802,https://openalex.org/W1666197226
832,0,3,1,190,0.17784168274385295,0.11697497212943828,https://openalex.org/W1917627399
833,0,8,1,4,0.13864869651391246,0.001218559037338802,https://openalex.org/W1968181571
834,0,8,1,4,0.13864869651391246,0.001218559037338802,https://openalex.org/W2008204528
835,0,8,1,7,0.14709462966588757,0.0014162664924051854,https://openalex.org/W2037427175
836,0,8,1,4,0.13864869651391246,0.001218559037338802,https://openalex.org/W2047340909
837,0,3,1,30,0.1719542297763053,0.03309269369578789,https://openalex.org/W2071666535
838,0,8,1,4,0.13864869651391246,0.001218559037338802,https://openalex.org/W2079156084
839,0,8,1,4,0.13864869651391246,0.001218559037338802,https://openalex.org/W2079620921
840,0,8,1,4,0.13864869651391246,0.001218559037338802,https://openalex.org/W2096528587
841,0,8,1,4,0.13864869651391246,0.001218559037338802,https://openalex.org/W2118371108
842,0,8,1,4,0.13864869651391246,0.001218559037338802,https://openalex.org/W2122376319
843,0,8,1,4,0.13864869651391246,0.001218559037338802,https://openalex.org/W2129878113
845,0,3,1,16,0.1534078569818095,0.014868757232445275,https://openalex.org/W2549607117
848,0,8,1,6,0.14126786401236657,0.0013361868186039369,https://openalex.org/W4246903376
932,0,3,1,30,0.1719542297763053,0.03309269369578789,https://openalex.org/W2071666535
1446,0,3,1,190,0.17784168274385295,0.11697497212943828,https://openalex.org/W1917627399
1467,0,8,1,5,0.14553137702267724,0.0012986387111400507,https://openalex.org/W1565446748
1468,0,8,1,4,0.13864869651391246,0.001218559037338802,https://openalex.org/W1604418623
1469,0,8,1,4,0.13864869651391246,0.001218559037338802,https://openalex.org/W1666197226
1470,0,3,1,190,0.17784168274385295,0.11697497212943828,https://openalex.org/W1917627399
1471,0,8,1,4,0.13864869651391246,0.001218559037338802,https://openalex.org/W1968181571
1472,0,8,1,4,0.13864869651391246,0.001218559037338802,https://openalex.org/W2008204528
1473,0,8,1,7,0.14709462966588757,0.0014162664924051854,https://openalex.org/W2037427175
1474,0,8,1,4,0.13864869651391246,0.001218559037338802,https://openalex.org/W2047340909
1475,0,3,1,30,0.1719542297763053,0.03309269369578789,https://openalex.org/W2071666535
1476,0,8,1,4,0.13864869651391246,0.001218559037338802,https://openalex.org/W2079156084
1477,0,8,1,4,0.13864869651391246,0.001218559037338802,https://openalex.org/W2079620921
1478,0,8,1,4,0.13864869651391246,0.001218559037338802,https://openalex.org/W2096528587
1479,0,8,1,4,0.13864869651391246,0.001218559037338802,https://openalex.org/W2118371108
1480,0,8,1,4,0.13864869651391246,0.001218559037338802,https://openalex.org/W2122376319
1481,0,8,1,4,0.13864869651391246,0.001218559037338802,https://openalex.org/W2129878113
1483,0,3,1,16,0.1534078569818095,0.014868757232445275,https://openalex.org/W2549607117
1486,0,8,1,6,0.14126786401236657,0.0013361868186039369,https://openalex.org/W4246903376
1489,0,3,1,190,0.17784168274385295,0.11697497212943828,https://openalex.org/W1917627399
1497,0,3,1,16,0.1534078569818095,0.014868757232445275,https://openalex.org/W2549607117
1509,0,3,1,190,0.17784168274385295,0.11697497212943828,https://openalex.org/W1917627399
1536,0,3,1,190,0.17784168274385295,0.11697497212943828,https://openalex.org/W1917627399
1697,0,3,1,190,0.17784168274385295,0.11697497212943828,https://openalex.org/W1917627399
1706,0,3,1,30,0.1719542297763053,0.03309269369578789,https://openalex.org/W2071666535
1808,0,3,1,190,0.17784168274385295,0.11697497212943828,https://openalex.org/W1917627399
1858,0,3,1,190,0.17784168274385295,0.11697497212943828,https://openalex.org/W1917627399
2069,0,3,1,190,0.17784168274385295,0.11697497212943828,https://openalex.org/W1917627399
2170,0,3,1,190,0.17784168274385295,0.11697497212943828,https://openalex.org/W1917627399
2175,0,3,1,30,0.1719542297763053,0.03309269369578789,https://openalex.org/W2071666535
2191,0,3,1,16,0.1534078569818095,0.014868757232445275,https://openalex.org/W2549607117
2258,0,3,1,190,0.17784168274385295,0.11697497212943828,https://openalex.org/W1917627399
2464,0,8,1,7,0.14709462966588757,0.0014162664924051854,https://openalex.org/W2037427175
2498,0,8,1,6,0.14126786401236657,0.0013361868186039369,https://openalex.org/W4246903376
2644,0,3,1,190,0.17784168274385295,0.11697497212943828,https://openalex.org/W1917627399
2751,0,3,1,190,0.17784168274385295,0.11697497212943828,https://openalex.org/W1917627399
3271,0,3,1,16,0.1534078569818095,0.014868757232445275,https://openalex.org/W2549607117
3317,0,8,1,5,0.14553137702267724,0.0012986387111400507,https://openalex.org/W1565446748
3322,0,8,1,7,0.14709462966588757,0.0014162664924051854,https://openalex.org/W2037427175
3580,0,3,1,30,0.1719542297763053,0.03309269369578789,https://openalex.org/W2071666535
34,0,0,2,32,0.12138411400479325,1.2090209396829942e-07,https://openalex.org/W4311236699
849,0,0,2,1,0.10738966631466977,1.3446322205484237e-09,https://openalex.org/W1498885056
850,0,0,2,1,0.10738966631466977,1.3446322205484237e-09,https://openalex.org/W1567747366
851,0,0,2,1,0.10738966631466977,1.3446322205484237e-09,https://openalex.org/W1802770727
852,0,0,2,1,0.10738966631466977,1.3446322205484237e-09,https://openalex.org/W2028746648
853,0,0,2,1,0.10738966631466977,1.3446322205484237e-09,https://openalex.org/W2059218221
854,0,0,2,1,0.10738966631466977,1.3446322205484237e-09,https://openalex.org/W2061408528
855,0,0,2,1,0.10738966631466977,1.3446322205484237e-09,https://openalex.org/W2075349007
856,0,0,2,1,0.10738966631466977,1.3446322205484237e-09,https://openalex.org/W2101026866
857,0,0,2,1,0.10738966631466977,1.3446322205484237e-09,https://openalex.org/W2138667268
858,0,0,2,1,0.10738966631466977,1.3446322205484237e-09,https://openalex.org/W2156656344
859,0,0,2,1,0.10738966631466977,1.3446322205484237e-09,https://openalex.org/W2157964620
860,0,0,2,1,0.10738966631466977,1.3446322205484237e-09,https://openalex.org/W2164599981
861,0,0,2,1,0.10738966631466977,1.3446322205484237e-09,https://openalex.org/W2180120254
862,0,0,2,1,0.10738966631466977,1.3446322205484237e-09,https://openalex.org/W2295728609
863,0,0,2,1,0.10738966631466977,1.3446322205484237e-09,https://openalex.org/W2509108540
864,0,0,2,1,0.10738966631466977,1.3446322205484237e-09,https://openalex.org/W2511963211
865,0,0,2,1,0.10738966631466977,1.3446322205484237e-09,https://openalex.org/W2515770132
866,0,0,2,1,0.10738966631466977,1.3446322205484237e-09,https://openalex.org/W2529401224
867,0,0,2,1,0.10738966631466977,1.3446322205484237e-09,https://openalex.org/W2603247244
868,0,0,2,1,0.10738966631466977,1.3446322205484237e-09,https://openalex.org/W2617275166
869,0,0,2,1,0.10738966631466977,1.3446322205484237e-09,https://openalex.org/W2792211703
870,0,0,2,1,0.10738966631466977,1.3446322205484237e-09,https://openalex.org/W2807813414
871,0,0,2,1,0.10738966631466977,1.3446322205484237e-09,https://openalex.org/W2903965800
872,0,0,2,1,0.10738966631466977,1.3446322205484237e-09,https://openalex.org/W3047828763
873,0,0,2,1,0.10738966631466977,1.3446322205484237e-09,https://openalex.org/W3089161788
874,0,0,2,1,0.10738966631466977,1.3446322205484237e-09,https://openalex.org/W3141315446
875,0,0,2,1,0.10738966631466977,1.3446322205484237e-09,https://openalex.org/W3195117460
876,0,0,2,1,0.10738966631466977,1.3446322205484237e-09,https://openalex.org/W3214514942
35,2,5,13,41,0.011239035087719298,5.95257552288461e-21,https://openalex.org/W4283837859
878,2,5,13,1,0.005688894303660386,9.343329668436892e-22,https://openalex.org/W133885100
879,2,5,13,1,0.005688894303660386,9.343329668436892e-22,https://openalex.org/W1552581395
880,2,5,13,1,0.005688894303660386,9.343329668436892e-22,https://openalex.org/W1946297417
881,2,5,13,1,0.005688894303660386,9.343329668436892e-22,https://openalex.org/W1970555405
882,2,5,13,1,0.005688894303660386,9.343329668436892e-22,https://openalex.org/W1975485520
883,2,5,13,1,0.005688894303660386,9.343329668436892e-22,https://openalex.org/W1978341452
884,2,5,13,1,0.005688894303660386,9.343329668436892e-22,https://openalex.org/W1984961060
885,2,5,13,1,0.005688894303660386,9.343329668436892e-22,https://openalex.org/W2000399486
886,2,5,13,1,0.005688894303660386,9.343329668436892e-22,https://openalex.org/W2000593888
887,2,5,13,1,0.005688894303660386,9.343329668436892e-22,https://openalex.org/W2010645998
888,2,5,13,1,0.005688894303660386,9.343329668436892e-22,https://openalex.org/W2027406821
889,2,5,13,1,0.005688894303660386,9.343329668436892e-22,https://openalex.org/W2028040158
890,2,5,13,1,0.005688894303660386,9.343329668436892e-22,https://openalex.org/W2041999656
891,2,5,13,1,0.005688894303660386,9.343329668436892e-22,https://openalex.org/W2042725768
892,2,5,13,1,0.005688894303660386,9.343329668436892e-22,https://openalex.org/W2061367247
893,2,5,13,1,0.005688894303660386,9.343329668436892e-22,https://openalex.org/W2105156391
894,2,5,13,1,0.005688894303660386,9.343329668436892e-22,https://openalex.org/W2117562782
895,2,5,13,1,0.005688894303660386,9.343329668436892e-22,https://openalex.org/W2135787588
896,2,5,13,1,0.005688894303660386,9.343329668436892e-22,https://openalex.org/W2172616432
897,2,5,13,1,0.005688894303660386,9.343329668436892e-22,https://openalex.org/W2282109167
898,2,5,13,1,0.005688894303660386,9.343329668436892e-22,https://openalex.org/W2335984747
899,2,5,13,1,0.005688894303660386,9.343329668436892e-22,https://openalex.org/W2551362907
900,2,5,13,1,0.005688894303660386,9.343329668436892e-22,https://openalex.org/W2609389044
901,2,5,13,1,0.005688894303660386,9.343329668436892e-22,https://openalex.org/W2634002236
902,2,5,13,1,0.005688894303660386,9.343329668436892e-22,https://openalex.org/W2761702225
903,2,5,13,1,0.005688894303660386,9.343329668436892e-22,https://openalex.org/W2776570872
904,2,5,13,1,0.005688894303660386,9.343329668436892e-22,https://openalex.org/W2850388578
905,2,5,13,1,0.005688894303660386,9.343329668436892e-22,https://openalex.org/W2892071022
906,2,5,13,1,0.005688894303660386,9.343329668436892e-22,https://openalex.org/W2893050421
907,2,5,13,1,0.005688894303660386,9.343329668436892e-22,https://openalex.org/W2896805025
908,2,5,13,1,0.005688894303660386,9.343329668436892e-22,https://openalex.org/W2902948564
909,2,5,13,1,0.005688894303660386,9.343329668436892e-22,https://openalex.org/W2914501541
910,2,5,13,1,0.005688894303660386,9.343329668436892e-22,https://openalex.org/W2921456154
911,2,5,13,1,0.005688894303660386,9.343329668436892e-22,https://openalex.org/W2947085654
912,2,5,13,1,0.005688894303660386,9.343329668436892e-22,https://openalex.org/W2973387597
913,2,5,13,1,0.005688894303660386,9.343329668436892e-22,https://openalex.org/W2974941758
914,2,5,13,1,0.005688894303660386,9.343329668436892e-22,https://openalex.org/W2984337159
915,2,5,13,1,0.005688894303660386,9.343329668436892e-22,https://openalex.org/W3003124376
916,2,5,13,1,0.005688894303660386,9.343329668436892e-22,https://openalex.org/W3008622359
917,2,5,13,1,0.005688894303660386,9.343329668436892e-22,https://openalex.org/W3112801209
918,2,5,13,1,0.005688894303660386,9.343329668436892e-22,https://openalex.org/W643606810
919,0,3,1,51,0.16177099370793252,0.061626490445064984,https://openalex.org/W11141269
920,0,3,1,29,0.16972153723387234,0.036460474711803574,https://openalex.org/W140453387
921,0,3,1,18,0.17473733695878652,0.019528095911602466,https://openalex.org/W1484864026
922,0,3,1,19,0.15759615439243285,0.02364878772199716,https://openalex.org/W1604376790
923,0,3,1,15,0.14952824443228135,0.01950371118524392,https://openalex.org/W1965877674
924,0,3,1,51,0.16177099370793252,0.061626490445064984,https://openalex.org/W2020115725
925,0,3,1,15,0.14952824443228135,0.01950371118524392,https://openalex.org/W2024650319
927,0,3,1,16,0.1498398944135717,0.020331834950384712,https://openalex.org/W2039648153
928,0,3,1,31,0.17069231658563092,0.036578102493068705,https://openalex.org/W2040106495
929,0,3,1,26,0.15885451770024167,0.03292356258587807,https://openalex.org/W2048089557
930,0,3,1,15,0.14952824443228135,0.01950371118524392,https://openalex.org/W2050178102
931,0,3,1,19,0.15759615439243285,0.02364878772199716,https://openalex.org/W2051913088
933,0,3,1,15,0.14952824443228135,0.01950371118524392,https://openalex.org/W2074067604
934,0,3,1,16,0.15736095965401017,0.020577865871683497,https://openalex.org/W2085086602
935,0,3,1,26,0.1585440061630369,0.03292347673675817,https://openalex.org/W2095659502
937,0,3,1,17,0.15207297778784254,0.019621338966509055,https://openalex.org/W2120718788
938,0,3,1,42,0.16075977084743165,0.05275900858374298,https://openalex.org/W2137086357
939,0,3,1,32,0.16010071925118496,0.04259427456864676,https://openalex.org/W2164013208
940,0,3,1,46,0.16141603362580562,0.05649460257399672,https://openalex.org/W2165340505
941,0,3,1,36,0.16084151171835626,0.046492475198015366,https://openalex.org/W2170645559
942,0,3,1,53,0.17122821321667817,0.061333453817117696,https://openalex.org/W2179587568
943,0,3,1,49,0.16135016633332885,0.05972421199348463,https://openalex.org/W2327090251
945,0,3,1,15,0.14952824443228135,0.01950371118524392,https://openalex.org/W2587321624
946,0,3,1,44,0.16102983154983266,0.05496091984238968,https://openalex.org/W2791043707
947,0,3,1,15,0.14952824443228135,0.01950371118524392,https://openalex.org/W2795596299
948,0,3,1,15,0.14952824443228135,0.01950371118524392,https://openalex.org/W2897971917
949,0,3,1,15,0.14952824443228135,0.01950371118524392,https://openalex.org/W2903814255
950,0,3,1,15,0.14952824443228135,0.01950371118524392,https://openalex.org/W2955893364
951,0,3,1,15,0.14952824443228135,0.01950371118524392,https://openalex.org/W3014732579
952,0,3,1,16,0.15736095965401017,0.020577865871683497,https://openalex.org/W604943240
1305,0,3,1,53,0.17122821321667817,0.061333453817117696,https://openalex.org/W2179587568
1324,0,3,1,18,0.17473733695878652,0.019528095911602466,https://openalex.org/W1484864026
1487,0,3,1,51,0.16177099370793252,0.061626490445064984,https://openalex.org/W11141269
1490,0,3,1,51,0.16177099370793252,0.061626490445064984,https://openalex.org/W2020115725
1492,0,3,1,26,0.1585440061630369,0.03292347673675817,https://openalex.org/W2095659502
1493,0,3,1,42,0.16075977084743165,0.05275900858374298,https://openalex.org/W2137086357
1495,0,3,1,53,0.17122821321667817,0.061333453817117696,https://openalex.org/W2179587568
1496,0,3,1,49,0.16135016633332885,0.05972421199348463,https://openalex.org/W2327090251
1499,0,3,1,44,0.16102983154983266,0.05496091984238968,https://openalex.org/W2791043707
1506,0,3,1,51,0.16177099370793252,0.061626490445064984,https://openalex.org/W11141269
1511,0,3,1,51,0.16177099370793252,0.061626490445064984,https://openalex.org/W2020115725
1517,0,3,1,46,0.16141603362580562,0.05649460257399672,https://openalex.org/W2165340505
1518,0,3,1,53,0.17122821321667817,0.061333453817117696,https://openalex.org/W2179587568
1520,0,3,1,49,0.16135016633332885,0.05972421199348463,https://openalex.org/W2327090251
1533,0,3,1,51,0.16177099370793252,0.061626490445064984,https://openalex.org/W11141269
1534,0,3,1,29,0.16972153723387234,0.036460474711803574,https://openalex.org/W140453387
1539,0,3,1,51,0.16177099370793252,0.061626490445064984,https://openalex.org/W2020115725
1543,0,3,1,31,0.17069231658563092,0.036578102493068705,https://openalex.org/W2040106495
1549,0,3,1,42,0.16075977084743165,0.05275900858374298,https://openalex.org/W2137086357
1552,0,3,1,32,0.16010071925118496,0.04259427456864676,https://openalex.org/W2164013208
1553,0,3,1,46,0.16141603362580562,0.05649460257399672,https://openalex.org/W2165340505
1554,0,3,1,36,0.16084151171835626,0.046492475198015366,https://openalex.org/W2170645559
1555,0,3,1,53,0.17122821321667817,0.061333453817117696,https://openalex.org/W2179587568
1558,0,3,1,49,0.16135016633332885,0.05972421199348463,https://openalex.org/W2327090251
1571,0,3,1,44,0.16102983154983266,0.05496091984238968,https://openalex.org/W2791043707
1694,0,3,1,51,0.16177099370793252,0.061626490445064984,https://openalex.org/W11141269
1702,0,3,1,51,0.16177099370793252,0.061626490445064984,https://openalex.org/W2020115725
1704,0,3,1,26,0.15885451770024167,0.03292356258587807,https://openalex.org/W2048089557
1711,0,3,1,46,0.16141603362580562,0.05649460257399672,https://openalex.org/W2165340505
1713,0,3,1,53,0.17122821321667817,0.061333453817117696,https://openalex.org/W2179587568
1715,0,3,1,49,0.16135016633332885,0.05972421199348463,https://openalex.org/W2327090251
1720,0,3,1,44,0.16102983154983266,0.05496091984238968,https://openalex.org/W2791043707
1805,0,3,1,51,0.16177099370793252,0.061626490445064984,https://openalex.org/W11141269
1810,0,3,1,51,0.16177099370793252,0.061626490445064984,https://openalex.org/W2020115725
1817,0,3,1,46,0.16141603362580562,0.05649460257399672,https://openalex.org/W2165340505
1818,0,3,1,53,0.17122821321667817,0.061333453817117696,https://openalex.org/W2179587568
1819,0,3,1,49,0.16135016633332885,0.05972421199348463,https://openalex.org/W2327090251
1854,0,3,1,51,0.16177099370793252,0.061626490445064984,https://openalex.org/W11141269
1865,0,3,1,51,0.16177099370793252,0.061626490445064984,https://openalex.org/W2020115725
1868,0,3,1,16,0.1498398944135717,0.020331834950384712,https://openalex.org/W2039648153
1884,0,3,1,46,0.16141603362580562,0.05649460257399672,https://openalex.org/W2165340505
1885,0,3,1,53,0.17122821321667817,0.061333453817117696,https://openalex.org/W2179587568
2064,0,3,1,51,0.16177099370793252,0.061626490445064984,https://openalex.org/W11141269
2075,0,3,1,51,0.16177099370793252,0.061626490445064984,https://openalex.org/W2020115725
2084,0,3,1,42,0.16075977084743165,0.05275900858374298,https://openalex.org/W2137086357
2088,0,3,1,46,0.16141603362580562,0.05649460257399672,https://openalex.org/W2165340505
2089,0,3,1,36,0.16084151171835626,0.046492475198015366,https://openalex.org/W2170645559
2091,0,3,1,53,0.17122821321667817,0.061333453817117696,https://openalex.org/W2179587568
2093,0,3,1,49,0.16135016633332885,0.05972421199348463,https://openalex.org/W2327090251
2168,0,3,1,51,0.16177099370793252,0.061626490445064984,https://openalex.org/W11141269
2171,0,3,1,51,0.16177099370793252,0.061626490445064984,https://openalex.org/W2020115725
2174,0,3,1,26,0.15885451770024167,0.03292356258587807,https://openalex.org/W2048089557
2176,0,3,1,26,0.1585440061630369,0.03292347673675817,https://openalex.org/W2095659502
2179,0,3,1,42,0.16075977084743165,0.05275900858374298,https://openalex.org/W2137086357
2181,0,3,1,32,0.16010071925118496,0.04259427456864676,https://openalex.org/W2164013208
2182,0,3,1,46,0.16141603362580562,0.05649460257399672,https://openalex.org/W2165340505
2183,0,3,1,36,0.16084151171835626,0.046492475198015366,https://openalex.org/W2170645559
2184,0,3,1,53,0.17122821321667817,0.061333453817117696,https://openalex.org/W2179587568
2187,0,3,1,49,0.16135016633332885,0.05972421199348463,https://openalex.org/W2327090251
2196,0,3,1,44,0.16102983154983266,0.05496091984238968,https://openalex.org/W2791043707
2204,0,3,1,18,0.17473733695878652,0.019528095911602466,https://openalex.org/W1484864026
2253,0,3,1,51,0.16177099370793252,0.061626490445064984,https://openalex.org/W11141269
2254,0,3,1,29,0.16972153723387234,0.036460474711803574,https://openalex.org/W140453387
2256,0,3,1,19,0.15759615439243285,0.02364878772199716,https://openalex.org/W1604376790
2262,0,3,1,51,0.16177099370793252,0.061626490445064984,https://openalex.org/W2020115725
2264,0,3,1,31,0.17069231658563092,0.036578102493068705,https://openalex.org/W2040106495
2265,0,3,1,19,0.15759615439243285,0.02364878772199716,https://openalex.org/W2051913088
2270,0,3,1,42,0.16075977084743165,0.05275900858374298,https://openalex.org/W2137086357
2274,0,3,1,46,0.16141603362580562,0.05649460257399672,https://openalex.org/W2165340505
2275,0,3,1,53,0.17122821321667817,0.061333453817117696,https://openalex.org/W2179587568
2278,0,3,1,49,0.16135016633332885,0.05972421199348463,https://openalex.org/W2327090251
2282,0,3,1,44,0.16102983154983266,0.05496091984238968,https://openalex.org/W2791043707
2465,0,3,1,31,0.17069231658563092,0.036578102493068705,https://openalex.org/W2040106495
2472,0,3,1,17,0.15207297778784254,0.019621338966509055,https://openalex.org/W2120718788
2501,0,3,1,29,0.16972153723387234,0.036460474711803574,https://openalex.org/W140453387
2512,0,3,1,31,0.17069231658563092,0.036578102493068705,https://openalex.org/W2040106495
2642,0,3,1,51,0.16177099370793252,0.061626490445064984,https://openalex.org/W11141269
2643,0,3,1,19,0.15759615439243285,0.02364878772199716,https://openalex.org/W1604376790
2648,0,3,1,51,0.16177099370793252,0.061626490445064984,https://openalex.org/W2020115725
2650,0,3,1,26,0.15885451770024167,0.03292356258587807,https://openalex.org/W2048089557
2651,0,3,1,19,0.15759615439243285,0.02364878772199716,https://openalex.org/W2051913088
2653,0,3,1,16,0.15736095965401017,0.020577865871683497,https://openalex.org/W2085086602
2655,0,3,1,42,0.16075977084743165,0.05275900858374298,https://openalex.org/W2137086357
2658,0,3,1,46,0.16141603362580562,0.05649460257399672,https://openalex.org/W2165340505
2659,0,3,1,36,0.16084151171835626,0.046492475198015366,https://openalex.org/W2170645559
2664,0,3,1,44,0.16102983154983266,0.05496091984238968,https://openalex.org/W2791043707
2673,0,3,1,16,0.15736095965401017,0.020577865871683497,https://openalex.org/W604943240
2747,0,3,1,51,0.16177099370793252,0.061626490445064984,https://openalex.org/W11141269
2755,0,3,1,51,0.16177099370793252,0.061626490445064984,https://openalex.org/W2020115725
2767,0,3,1,36,0.16084151171835626,0.046492475198015366,https://openalex.org/W2170645559
2769,0,3,1,53,0.17122821321667817,0.061333453817117696,https://openalex.org/W2179587568
2773,0,3,1,49,0.16135016633332885,0.05972421199348463,https://openalex.org/W2327090251
2783,0,3,1,44,0.16102983154983266,0.05496091984238968,https://openalex.org/W2791043707
37,0,6,12,53,0.12013938514868638,6.024736939701694e-08,https://openalex.org/W2030066779
954,0,6,12,1,0.10641425052024868,6.700483788032509e-10,https://openalex.org/W122314927
955,0,6,12,1,0.10641425052024868,6.700483788032509e-10,https://openalex.org/W1522202957
956,0,6,12,1,0.10641425052024868,6.700483788032509e-10,https://openalex.org/W1527222540
957,0,6,12,1,0.10641425052024868,6.700483788032509e-10,https://openalex.org/W1557200816
958,0,6,12,1,0.10641425052024868,6.700483788032509e-10,https://openalex.org/W1578570113
959,0,6,12,1,0.10641425052024868,6.700483788032509e-10,https://openalex.org/W1591354983
960,0,6,12,1,0.10641425052024868,6.700483788032509e-10,https://openalex.org/W162761190
961,0,6,12,1,0.10641425052024868,6.700483788032509e-10,https://openalex.org/W1977396365
962,0,6,12,1,0.10641425052024868,6.700483788032509e-10,https://openalex.org/W1990519216
963,0,6,12,1,0.10641425052024868,6.700483788032509e-10,https://openalex.org/W2000933541
964,0,6,12,1,0.10641425052024868,6.700483788032509e-10,https://openalex.org/W2027236222
965,0,6,12,1,0.10641425052024868,6.700483788032509e-10,https://openalex.org/W2037693308
966,0,6,12,1,0.10641425052024868,6.700483788032509e-10,https://openalex.org/W2040378704
967,0,6,12,1,0.10641425052024868,6.700483788032509e-10,https://openalex.org/W2050052595
968,0,6,12,1,0.10641425052024868,6.700483788032509e-10,https://openalex.org/W2058429249
969,0,6,12,1,0.10641425052024868,6.700483788032509e-10,https://openalex.org/W2061693824
970,0,6,12,1,0.10641425052024868,6.700483788032509e-10,https://openalex.org/W2066070648
971,0,6,12,1,0.10641425052024868,6.700483788032509e-10,https://openalex.org/W2066989356
972,0,6,12,1,0.10641425052024868,6.700483788032509e-10,https://openalex.org/W2068737387
973,0,6,12,1,0.10641425052024868,6.700483788032509e-10,https://openalex.org/W2073910028
974,0,6,12,1,0.10641425052024868,6.700483788032509e-10,https://openalex.org/W2083096822
975,0,6,12,1,0.10641425052024868,6.700483788032509e-10,https://openalex.org/W2085689347
976,0,6,12,1,0.10641425052024868,6.700483788032509e-10,https://openalex.org/W2088519494
977,0,6,12,1,0.10641425052024868,6.700483788032509e-10,https://openalex.org/W2112072718
978,0,6,12,1,0.10641425052024868,6.700483788032509e-10,https://openalex.org/W2118341258
979,0,6,12,1,0.10641425052024868,6.700483788032509e-10,https://openalex.org/W2134121872
980,0,6,12,1,0.10641425052024868,6.700483788032509e-10,https://openalex.org/W2136677625
981,0,6,12,1,0.10641425052024868,6.700483788032509e-10,https://openalex.org/W2143076092
982,0,6,12,1,0.10641425052024868,6.700483788032509e-10,https://openalex.org/W2146759546
983,0,6,12,1,0.10641425052024868,6.700483788032509e-10,https://openalex.org/W2163695022
984,0,6,12,1,0.10641425052024868,6.700483788032509e-10,https://openalex.org/W2169603651
985,0,6,12,1,0.10641425052024868,6.700483788032509e-10,https://openalex.org/W2170101179
986,0,6,12,1,0.10641425052024868,6.700483788032509e-10,https://openalex.org/W2308178634
987,0,6,12,1,0.10641425052024868,6.700483788032509e-10,https://openalex.org/W240404405
988,0,6,12,1,0.10641425052024868,6.700483788032509e-10,https://openalex.org/W2460937302
989,0,6,12,1,0.10641425052024868,6.700483788032509e-10,https://openalex.org/W2465754280
990,0,6,12,1,0.10641425052024868,6.700483788032509e-10,https://openalex.org/W2797369760
991,0,6,12,1,0.10641425052024868,6.700483788032509e-10,https://openalex.org/W2801084647
992,0,6,12,1,0.10641425052024868,6.700483788032509e-10,https://openalex.org/W2893691276
993,0,6,12,1,0.10641425052024868,6.700483788032509e-10,https://openalex.org/W3006178030
994,0,6,12,1,0.10641425052024868,6.700483788032509e-10,https://openalex.org/W3007953347
995,0,6,12,1,0.10641425052024868,6.700483788032509e-10,https://openalex.org/W4241564283
996,0,6,12,1,0.10641425052024868,6.700483788032509e-10,https://openalex.org/W4249183382
997,0,6,12,1,0.10641425052024868,6.700483788032509e-10,https://openalex.org/W427047542
998,0,6,12,1,0.10641425052024868,6.700483788032509e-10,https://openalex.org/W574918403
999,0,6,12,1,0.10641425052024868,6.700483788032509e-10,https://openalex.org/W584551294
1000,0,6,12,2,0.13730662431482388,1.3475769436270144e-06,https://openalex.org/W589615080
1001,0,6,12,1,0.10641425052024868,6.700483788032509e-10,https://openalex.org/W623892231
1002,0,6,12,2,0.13730662431482388,1.3475769436270144e-06,https://openalex.org/W630879368
1003,0,6,12,1,0.10641425052024868,6.700483788032509e-10,https://openalex.org/W653427236
1004,0,6,12,1,0.10641425052024868,6.700483788032509e-10,https://openalex.org/W870173617
2062,0,6,12,2,0.13730662431482388,1.3475769436270144e-06,https://openalex.org/W589615080
2063,0,6,12,2,0.13730662431482388,1.3475769436270144e-06,https://openalex.org/W630879368
38,0,15,0,38,0.1421950018414507,4.3385887456358325e-06,https://openalex.org/W2067140869
1005,0,15,0,1,0.12336284263961128,4.826241148252873e-08,https://openalex.org/W1667265675
1006,0,15,0,5,0.15361645352393707,1.680022950655953e-06,https://openalex.org/W1963511353
1007,0,15,0,1,0.12336284263961128,4.826241148252873e-08,https://openalex.org/W1968986330
1008,0,15,0,1,0.12336284263961128,4.826241148252873e-08,https://openalex.org/W1972507746
1009,0,15,0,1,0.12336284263961128,4.826241148252873e-08,https://openalex.org/W1972585536
1010,0,15,0,1,0.12336284263961128,4.826241148252873e-08,https://openalex.org/W1974200588
1011,0,15,0,7,0.16310560023537757,4.3283707690403e-05,https://openalex.org/W1999061866
1012,0,15,0,1,0.12336284263961128,4.826241148252873e-08,https://openalex.org/W2011292331
1013,0,15,0,1,0.12336284263961128,4.826241148252873e-08,https://openalex.org/W2031890647
1014,0,15,0,1,0.12336284263961128,4.826241148252873e-08,https://openalex.org/W2035616688
1015,0,15,0,2,0.14275972610185542,2.2475222633426292e-07,https://openalex.org/W2037466863
1016,0,15,0,3,0.15358661929330514,1.715330242706991e-05,https://openalex.org/W2040211497
1017,0,15,0,3,0.14931649803941055,1.1962803325451266e-06,https://openalex.org/W2069611505
1018,0,15,0,1,0.12336284263961128,4.826241148252873e-08,https://openalex.org/W2092149319
1019,0,15,0,1,0.12336284263961128,4.826241148252873e-08,https://openalex.org/W2102542406
1020,0,15,0,1,0.12336284263961128,4.826241148252873e-08,https://openalex.org/W2110897487
1021,0,15,0,5,0.15441130581689508,1.923195510260931e-05,https://openalex.org/W2141435397
1022,0,15,0,3,0.14922492739715598,2.1951698407327263e-06,https://openalex.org/W2332781197
1023,0,15,0,1,0.12336284263961128,4.826241148252873e-08,https://openalex.org/W4293154792
1024,0,15,0,1,0.12336284263961128,4.826241148252873e-08,https://openalex.org/W55285801
1058,0,15,0,3,0.14922492739715598,2.1951698407327263e-06,https://openalex.org/W2332781197
1082,0,15,0,3,0.14931649803941055,1.1962803325451266e-06,https://openalex.org/W2069611505
1087,0,15,0,5,0.15441130581689508,1.923195510260931e-05,https://openalex.org/W2141435397
1090,0,15,0,3,0.14922492739715598,2.1951698407327263e-06,https://openalex.org/W2332781197
1228,0,15,0,7,0.16310560023537757,4.3283707690403e-05,https://openalex.org/W1999061866
1774,0,15,0,5,0.15361645352393707,1.680022950655953e-06,https://openalex.org/W1963511353
1951,0,15,0,5,0.15361645352393707,1.680022950655953e-06,https://openalex.org/W1963511353
1963,0,15,0,5,0.15441130581689508,1.923195510260931e-05,https://openalex.org/W2141435397
2153,0,15,0,3,0.14931649803941055,1.1962803325451266e-06,https://openalex.org/W2069611505
2213,0,15,0,7,0.16310560023537757,4.3283707690403e-05,https://openalex.org/W1999061866
2221,0,15,0,3,0.15358661929330514,1.715330242706991e-05,https://openalex.org/W2040211497
2237,0,15,0,5,0.15441130581689508,1.923195510260931e-05,https://openalex.org/W2141435397
2883,0,15,0,5,0.15361645352393707,1.680022950655953e-06,https://openalex.org/W1963511353
2886,0,15,0,7,0.16310560023537757,4.3283707690403e-05,https://openalex.org/W1999061866
3198,0,15,0,7,0.16310560023537757,4.3283707690403e-05,https://openalex.org/W1999061866
3199,0,15,0,2,0.14275972610185542,2.2475222633426292e-07,https://openalex.org/W2037466863
3577,0,15,0,7,0.16310560023537757,4.3283707690403e-05,https://openalex.org/W1999061866
3602,0,15,0,5,0.15361645352393707,1.680022950655953e-06,https://openalex.org/W1963511353
40,0,15,0,68,0.17543508463007668,9.99508875360615e-05,https://openalex.org/W2082979380
1025,0,15,0,1,0.14763009338521085,1.1112140288761532e-06,https://openalex.org/W1504584431
1026,0,15,0,1,0.14763009338521085,1.1112140288761532e-06,https://openalex.org/W1582334633
1027,0,15,0,1,0.14763009338521085,1.1112140288761532e-06,https://openalex.org/W1592471647
1028,0,15,0,1,0.14763009338521085,1.1112140288761532e-06,https://openalex.org/W1600582725
1029,0,15,0,1,0.14763009338521085,1.1112140288761532e-06,https://openalex.org/W1866161964
1030,0,15,0,1,0.14763009338521085,1.1112140288761532e-06,https://openalex.org/W1968454578
1031,0,15,0,1,0.14763009338521085,1.1112140288761532e-06,https://openalex.org/W1971061593
1032,0,15,0,1,0.14763009338521085,1.1112140288761532e-06,https://openalex.org/W1973948212
1033,0,15,0,1,0.14763009338521085,1.1112140288761532e-06,https://openalex.org/W1983714967
1034,0,15,0,1,0.14763009338521085,1.1112140288761532e-06,https://openalex.org/W1984090318
1035,0,15,0,1,0.14763009338521085,1.1112140288761532e-06,https://openalex.org/W1995031937
1036,0,15,0,1,0.14763009338521085,1.1112140288761532e-06,https://openalex.org/W2019890777
1037,0,15,0,1,0.14763009338521085,1.1112140288761532e-06,https://openalex.org/W2023752972
1038,0,15,0,1,0.14763009338521085,1.1112140288761532e-06,https://openalex.org/W2032049429
1039,0,15,0,1,0.14763009338521085,1.1112140288761532e-06,https://openalex.org/W2038702827
1040,0,15,0,13,0.18224750884167268,7.496096299432668e-05,https://openalex.org/W2045241688
1041,0,15,0,1,0.14763009338521085,1.1112140288761532e-06,https://openalex.org/W2060398403
1042,0,15,0,1,0.14763009338521085,1.1112140288761532e-06,https://openalex.org/W2069787433
1043,0,15,0,1,0.14763009338521085,1.1112140288761532e-06,https://openalex.org/W2074353918
1044,0,15,0,1,0.14763009338521085,1.1112140288761532e-06,https://openalex.org/W2084847905
1045,0,15,0,7,0.16567695024170703,6.8751304682072355e-06,https://openalex.org/W2100402834
1046,0,15,0,1,0.14763009338521085,1.1112140288761532e-06,https://openalex.org/W2104290428
1047,0,15,0,1,0.14763009338521085,1.1112140288761532e-06,https://openalex.org/W2117583205
1048,0,15,0,1,0.14763009338521085,1.1112140288761532e-06,https://openalex.org/W2120735587
1049,0,15,0,4,0.1593827788061124,1.3126738446392775e-06,https://openalex.org/W2126800506
1050,0,15,0,1,0.14763009338521085,1.1112140288761532e-06,https://openalex.org/W2127821521
1051,0,15,0,1,0.14763009338521085,1.1112140288761532e-06,https://openalex.org/W2128017071
1052,0,15,0,2,0.15248349052614665,1.530735550705296e-06,https://openalex.org/W2139862476
1053,0,15,0,1,0.14763009338521085,1.1112140288761532e-06,https://openalex.org/W2149620793
1054,0,15,0,1,0.14763009338521085,1.1112140288761532e-06,https://openalex.org/W2150504996
1055,0,15,0,1,0.14763009338521085,1.1112140288761532e-06,https://openalex.org/W2159306398
1056,0,15,0,1,0.14763009338521085,1.1112140288761532e-06,https://openalex.org/W2167679948
1057,0,15,0,1,0.14763009338521085,1.1112140288761532e-06,https://openalex.org/W2171648622
1059,0,15,0,1,0.14763009338521085,1.1112140288761532e-06,https://openalex.org/W2796575992
1060,0,15,0,3,0.15493314448571838,1.8216254044463532e-05,https://openalex.org/W4241327584
1061,0,15,0,1,0.14763009338521085,1.1112140288761532e-06,https://openalex.org/W4245708065
1062,0,11,0,16,0.19250669492240216,0.0008124128724893733,https://openalex.org/W656268522
1063,0,15,0,1,0.14763009338521085,1.1112140288761532e-06,https://openalex.org/W656509861
1092,0,11,0,16,0.19250669492240216,0.0008124128724893733,https://openalex.org/W656268522
1196,0,11,0,16,0.19250669492240216,0.0008124128724893733,https://openalex.org/W656268522
1247,0,15,0,7,0.16567695024170703,6.8751304682072355e-06,https://openalex.org/W2100402834
1267,0,11,0,16,0.19250669492240216,0.0008124128724893733,https://openalex.org/W656268522
1321,0,11,0,16,0.19250669492240216,0.0008124128724893733,https://openalex.org/W656268522
1399,0,15,0,4,0.1593827788061124,1.3126738446392775e-06,https://openalex.org/W2126800506
1641,0,15,0,7,0.16567695024170703,6.8751304682072355e-06,https://openalex.org/W2100402834
1646,0,15,0,4,0.1593827788061124,1.3126738446392775e-06,https://openalex.org/W2126800506
1693,0,11,0,16,0.19250669492240216,0.0008124128724893733,https://openalex.org/W656268522
1784,0,15,0,13,0.18224750884167268,7.496096299432668e-05,https://openalex.org/W2045241688
1973,0,11,0,16,0.19250669492240216,0.0008124128724893733,https://openalex.org/W656268522
2149,0,15,0,13,0.18224750884167268,7.496096299432668e-05,https://openalex.org/W2045241688
2223,0,15,0,13,0.18224750884167268,7.496096299432668e-05,https://openalex.org/W2045241688
2249,0,15,0,3,0.15493314448571838,1.8216254044463532e-05,https://openalex.org/W4241327584
2252,0,11,0,16,0.19250669492240216,0.0008124128724893733,https://openalex.org/W656268522
2388,0,15,0,13,0.18224750884167268,7.496096299432668e-05,https://openalex.org/W2045241688
2399,0,15,0,7,0.16567695024170703,6.8751304682072355e-06,https://openalex.org/W2100402834
2452,0,11,0,16,0.19250669492240216,0.0008124128724893733,https://openalex.org/W656268522
2514,0,15,0,13,0.18224750884167268,7.496096299432668e-05,https://openalex.org/W2045241688
2934,0,11,0,16,0.19250669492240216,0.0008124128724893733,https://openalex.org/W656268522
3039,0,15,0,13,0.18224750884167268,7.496096299432668e-05,https://openalex.org/W2045241688
3200,0,15,0,13,0.18224750884167268,7.496096299432668e-05,https://openalex.org/W2045241688
3202,0,15,0,7,0.16567695024170703,6.8751304682072355e-06,https://openalex.org/W2100402834
3206,0,15,0,4,0.1593827788061124,1.3126738446392775e-06,https://openalex.org/W2126800506
3393,0,15,0,13,0.18224750884167268,7.496096299432668e-05,https://openalex.org/W2045241688
3611,0,15,0,13,0.18224750884167268,7.496096299432668e-05,https://openalex.org/W2045241688
3625,0,15,0,2,0.15248349052614665,1.530735550705296e-06,https://openalex.org/W2139862476
41,0,15,0,53,0.16295435869384464,9.316175787993375e-05,https://openalex.org/W2211885666
1064,0,15,0,1,0.13869124916542058,1.0356934003740441e-06,https://openalex.org/W1487461236
1065,0,15,0,4,0.15817140911870153,2.6004934972583063e-05,https://openalex.org/W1534215117
1066,0,15,0,2,0.14207365870042274,1.169965147146258e-06,https://openalex.org/W1777140507
1067,0,15,0,1,0.13869124916542058,1.0356934003740441e-06,https://openalex.org/W1922806025
1068,0,15,0,1,0.13869124916542058,1.0356934003740441e-06,https://openalex.org/W1968195324
1069,0,15,0,1,0.13869124916542058,1.0356934003740441e-06,https://openalex.org/W1972359429
1070,0,15,0,1,0.13869124916542058,1.0356934003740441e-06,https://openalex.org/W1983297679
1071,0,15,0,3,0.15378822553186408,1.8140733415961422e-05,https://openalex.org/W1984814658
1072,0,15,0,1,0.13869124916542058,1.0356934003740441e-06,https://openalex.org/W1997254901
1073,0,15,0,1,0.13869124916542058,1.0356934003740441e-06,https://openalex.org/W2010263664
1074,0,15,0,1,0.13869124916542058,1.0356934003740441e-06,https://openalex.org/W2014445774
1075,0,15,0,1,0.13869124916542058,1.0356934003740441e-06,https://openalex.org/W2028862418
1076,0,15,0,1,0.13869124916542058,1.0356934003740441e-06,https://openalex.org/W2031722179
1077,0,15,0,1,0.13869124916542058,1.0356934003740441e-06,https://openalex.org/W2032344422
1078,0,15,0,3,0.15248349052614665,2.3091816121866688e-06,https://openalex.org/W2046954222
1079,0,15,0,1,0.13869124916542058,1.0356934003740441e-06,https://openalex.org/W2050288708
1080,0,15,0,1,0.13869124916542058,1.0356934003740441e-06,https://openalex.org/W2058620209
1081,0,15,0,1,0.13869124916542058,1.0356934003740441e-06,https://openalex.org/W2068889347
1083,0,15,0,1,0.13869124916542058,1.0356934003740441e-06,https://openalex.org/W2081093524
1084,0,15,0,1,0.13869124916542058,1.0356934003740441e-06,https://openalex.org/W2092556657
1085,0,15,0,1,0.13869124916542058,1.0356934003740441e-06,https://openalex.org/W2102793519
1086,0,15,0,1,0.13869124916542058,1.0356934003740441e-06,https://openalex.org/W2123781212
1088,0,15,0,2,0.14890881753824378,1.148017921062598e-06,https://openalex.org/W2144543402
1089,0,15,0,1,0.13869124916542058,1.0356934003740441e-06,https://openalex.org/W2162244458
1091,0,15,0,1,0.13869124916542058,1.0356934003740441e-06,https://openalex.org/W4238773368
1235,0,15,0,3,0.15248349052614665,2.3091816121866688e-06,https://openalex.org/W2046954222
2150,0,15,0,3,0.15248349052614665,2.3091816121866688e-06,https://openalex.org/W2046954222
2159,0,15,0,2,0.14890881753824378,1.148017921062598e-06,https://openalex.org/W2144543402
2210,0,15,0,3,0.15378822553186408,1.8140733415961422e-05,https://openalex.org/W1984814658
2881,0,15,0,4,0.15817140911870153,2.6004934972583063e-05,https://openalex.org/W1534215117
3030,0,15,0,2,0.14207365870042274,1.169965147146258e-06,https://openalex.org/W1777140507
3192,0,15,0,4,0.15817140911870153,2.6004934972583063e-05,https://openalex.org/W1534215117
3574,0,15,0,4,0.15817140911870153,2.6004934972583063e-05,https://openalex.org/W1534215117
42,0,17,6,60,0.12225670599694337,3.0399473641723214e-08,https://openalex.org/W1728407011
1093,0,17,6,2,0.10807947283602953,6.761896434108894e-10,https://openalex.org/W1489103109
1094,0,17,6,2,0.10807947283602953,6.761896434108894e-10,https://openalex.org/W1489267873
1095,0,17,6,2,0.10807947283602953,6.761896434108894e-10,https://openalex.org/W1530852141
1096,0,17,6,2,0.10807947283602953,6.761896434108894e-10,https://openalex.org/W169646937
1097,0,17,6,2,0.10807947283602953,6.761896434108894e-10,https://openalex.org/W1744790774
1098,0,17,6,2,0.10807947283602953,6.761896434108894e-10,https://openalex.org/W1969431473
1099,0,17,6,2,0.10807947283602953,6.761896434108894e-10,https://openalex.org/W1977646181
1100,0,17,6,2,0.10807947283602953,6.761896434108894e-10,https://openalex.org/W1985102577
1101,0,17,6,2,0.10807947283602953,6.761896434108894e-10,https://openalex.org/W1987010373
1102,0,17,6,2,0.10807947283602953,6.761896434108894e-10,https://openalex.org/W1987168563
1104,0,17,6,2,0.10807947283602953,6.761896434108894e-10,https://openalex.org/W1994261170
1105,0,17,6,2,0.10807947283602953,6.761896434108894e-10,https://openalex.org/W1998703787
1106,0,17,6,2,0.10807947283602953,6.761896434108894e-10,https://openalex.org/W2004340020
1107,0,17,6,2,0.10807947283602953,6.761896434108894e-10,https://openalex.org/W2019174556
1108,0,17,6,2,0.10807947283602953,6.761896434108894e-10,https://openalex.org/W2021179973
1109,0,17,6,2,0.10807947283602953,6.761896434108894e-10,https://openalex.org/W2022848219
1110,0,17,6,2,0.10807947283602953,6.761896434108894e-10,https://openalex.org/W2024394362
1111,0,17,6,2,0.10807947283602953,6.761896434108894e-10,https://openalex.org/W2026738852
1112,0,17,6,2,0.10807947283602953,6.761896434108894e-10,https://openalex.org/W2030196224
1113,0,17,6,3,0.13867908859995232,1.3475830848916219e-06,https://openalex.org/W2031124405
1114,0,17,6,2,0.10807947283602953,6.761896434108894e-10,https://openalex.org/W2035653580
1115,0,17,6,2,0.10807947283602953,6.761896434108894e-10,https://openalex.org/W2040238076
1116,0,17,6,2,0.10807947283602953,6.761896434108894e-10,https://openalex.org/W2051617963
1117,0,17,6,2,0.10807947283602953,6.761896434108894e-10,https://openalex.org/W2069775582
1118,0,17,6,2,0.10807947283602953,6.761896434108894e-10,https://openalex.org/W2074703312
1119,0,17,6,2,0.10807947283602953,6.761896434108894e-10,https://openalex.org/W2075882258
1120,0,17,6,2,0.10807947283602953,6.761896434108894e-10,https://openalex.org/W2079485636
1121,0,17,6,2,0.10807947283602953,6.761896434108894e-10,https://openalex.org/W2089975905
1122,0,17,6,2,0.10807947283602953,6.761896434108894e-10,https://openalex.org/W2093742107
1123,0,17,6,2,0.10807947283602953,6.761896434108894e-10,https://openalex.org/W2093958818
1124,0,17,6,2,0.10807947283602953,6.761896434108894e-10,https://openalex.org/W2098971497
1125,0,17,6,2,0.10807947283602953,6.761896434108894e-10,https://openalex.org/W2103248107
1126,0,17,6,2,0.10807947283602953,6.761896434108894e-10,https://openalex.org/W2105612093
1127,0,17,6,2,0.10807947283602953,6.761896434108894e-10,https://openalex.org/W2108926053
1128,0,17,6,2,0.10807947283602953,6.761896434108894e-10,https://openalex.org/W2111348693
1129,0,17,6,2,0.10807947283602953,6.761896434108894e-10,https://openalex.org/W2113623377
1130,0,17,6,2,0.10807947283602953,6.761896434108894e-10,https://openalex.org/W2113900035
1131,0,17,6,2,0.10807947283602953,6.761896434108894e-10,https://openalex.org/W2118219814
1132,0,17,6,2,0.10807947283602953,6.761896434108894e-10,https://openalex.org/W2119721601
1133,0,17,6,2,0.10807947283602953,6.761896434108894e-10,https://openalex.org/W2123323895
1134,0,17,6,2,0.10807947283602953,6.761896434108894e-10,https://openalex.org/W2125539455
1135,0,17,6,2,0.10807947283602953,6.761896434108894e-10,https://openalex.org/W2126828663
1136,0,17,6,2,0.10807947283602953,6.761896434108894e-10,https://openalex.org/W2127627121
1137,0,17,6,2,0.10807947283602953,6.761896434108894e-10,https://openalex.org/W2142550036
1138,0,17,6,2,0.10807947283602953,6.761896434108894e-10,https://openalex.org/W2147853917
1139,0,17,6,2,0.10807947283602953,6.761896434108894e-10,https://openalex.org/W2148703987
1140,0,17,6,2,0.10807947283602953,6.761896434108894e-10,https://openalex.org/W2159363440
1141,0,17,6,2,0.10807947283602953,6.761896434108894e-10,https://openalex.org/W2484892980
1142,0,17,6,2,0.10807947283602953,6.761896434108894e-10,https://openalex.org/W2732820790
1143,0,17,6,2,0.10807947283602953,6.761896434108894e-10,https://openalex.org/W2771496641
1144,0,17,6,2,0.10807947283602953,6.761896434108894e-10,https://openalex.org/W3112099726
1145,0,17,6,2,0.10807947283602953,6.761896434108894e-10,https://openalex.org/W420832075
1146,0,17,6,2,0.10807947283602953,6.761896434108894e-10,https://openalex.org/W4230386111
1147,0,17,6,2,0.10807947283602953,6.761896434108894e-10,https://openalex.org/W4234953068
1148,0,17,6,2,0.10807947283602953,6.761896434108894e-10,https://openalex.org/W4235226435
1149,0,17,6,2,0.10807947283602953,6.761896434108894e-10,https://openalex.org/W4253734165
2030,0,17,6,3,0.13867908859995232,1.3475830848916219e-06,https://openalex.org/W2031124405
1150,0,1,0,4,0.15266747157166566,9.347914835586478e-06,https://openalex.org/W1206579674
1151,0,1,0,2,0.1410411098165201,2.0563960342220473e-06,https://openalex.org/W1514982086
1152,0,1,0,2,0.1410411098165201,2.0563960342220473e-06,https://openalex.org/W1676614517
1153,0,1,0,2,0.1410411098165201,2.0563960342220473e-06,https://openalex.org/W1898504652
1154,0,1,0,4,0.14175532202397098,2.078511058810135e-06,https://openalex.org/W1919066392
1155,0,1,0,2,0.1410411098165201,2.0563960342220473e-06,https://openalex.org/W1928999099
1156,0,1,0,2,0.1410411098165201,2.0563960342220473e-06,https://openalex.org/W1983815358
1157,0,1,0,2,0.1410411098165201,2.0563960342220473e-06,https://openalex.org/W1993019966
1158,0,1,0,2,0.1410411098165201,2.0563960342220473e-06,https://openalex.org/W1993125030
1159,0,1,0,2,0.1410411098165201,2.0563960342220473e-06,https://openalex.org/W2004484865
1160,0,1,0,2,0.1410411098165201,2.0563960342220473e-06,https://openalex.org/W2016410988
1162,0,1,0,2,0.1410411098165201,2.0563960342220473e-06,https://openalex.org/W2025263030
1163,0,1,0,2,0.1410411098165201,2.0563960342220473e-06,https://openalex.org/W2029257938
1164,0,1,0,2,0.1410411098165201,2.0563960342220473e-06,https://openalex.org/W2064630040
1165,0,1,0,2,0.1410411098165201,2.0563960342220473e-06,https://openalex.org/W206984298
1166,0,1,0,2,0.1410411098165201,2.0563960342220473e-06,https://openalex.org/W2073565865
1167,0,1,0,2,0.1410411098165201,2.0563960342220473e-06,https://openalex.org/W2083081489
1168,0,1,0,2,0.1410411098165201,2.0563960342220473e-06,https://openalex.org/W2088591502
1169,0,1,0,2,0.1410411098165201,2.0563960342220473e-06,https://openalex.org/W2093401725
1170,0,1,0,2,0.1410411098165201,2.0563960342220473e-06,https://openalex.org/W2102571759
1171,0,1,0,3,0.14474558483412248,9.336082377178145e-06,https://openalex.org/W2109691261
1173,0,1,0,2,0.1410411098165201,2.0563960342220473e-06,https://openalex.org/W2119247124
1174,0,1,0,3,0.14474558483412248,9.336082377178145e-06,https://openalex.org/W2120086479
1175,0,1,0,2,0.1410411098165201,2.0563960342220473e-06,https://openalex.org/W2120296839
1176,0,1,0,2,0.1410411098165201,2.0563960342220473e-06,https://openalex.org/W2128566457
1177,0,1,0,2,0.1410411098165201,2.0563960342220473e-06,https://openalex.org/W2133853479
1178,0,1,0,2,0.1410411098165201,2.0563960342220473e-06,https://openalex.org/W2142614069
1179,0,1,0,2,0.1410411098165201,2.0563960342220473e-06,https://openalex.org/W2147108810
1180,0,1,0,2,0.1410411098165201,2.0563960342220473e-06,https://openalex.org/W2159418047
1181,0,1,0,2,0.1410411098165201,2.0563960342220473e-06,https://openalex.org/W2163544197
1182,0,1,0,2,0.1410411098165201,2.0563960342220473e-06,https://openalex.org/W2167431261
1183,0,1,0,2,0.1410411098165201,2.0563960342220473e-06,https://openalex.org/W2171757565
1184,0,1,0,2,0.1410411098165201,2.0563960342220473e-06,https://openalex.org/W2196992866
1185,0,1,0,2,0.1410411098165201,2.0563960342220473e-06,https://openalex.org/W2305988413
1186,0,1,0,2,0.1410411098165201,2.0563960342220473e-06,https://openalex.org/W2323186622
1187,0,1,0,2,0.1410411098165201,2.0563960342220473e-06,https://openalex.org/W2410074437
1188,0,1,0,2,0.1410411098165201,2.0563960342220473e-06,https://openalex.org/W2471451311
1189,0,1,0,2,0.1410411098165201,2.0563960342220473e-06,https://openalex.org/W2728369642
1190,0,1,0,2,0.1410411098165201,2.0563960342220473e-06,https://openalex.org/W2905409886
1191,0,1,0,2,0.1410411098165201,2.0563960342220473e-06,https://openalex.org/W340969800
1192,0,1,0,4,0.1506534272022152,2.1065075779780265e-06,https://openalex.org/W4237907507
1193,0,1,0,3,0.15412541468353697,2.4759175560511896e-06,https://openalex.org/W4299961741
1194,0,1,0,4,0.1546604415472015,9.438364772707892e-06,https://openalex.org/W566204369
1195,0,1,0,2,0.1410411098165201,2.0563960342220473e-06,https://openalex.org/W621893463
1218,0,1,0,4,0.1506534272022152,2.1065075779780265e-06,https://openalex.org/W4237907507
1323,0,1,0,4,0.15266747157166566,9.347914835586478e-06,https://openalex.org/W1206579674
1333,0,1,0,3,0.14474558483412248,9.336082377178145e-06,https://openalex.org/W2109691261
1335,0,1,0,3,0.14474558483412248,9.336082377178145e-06,https://openalex.org/W2120086479
1350,0,1,0,4,0.1546604415472015,9.438364772707892e-06,https://openalex.org/W566204369
1976,0,1,0,4,0.14175532202397098,2.078511058810135e-06,https://openalex.org/W1919066392
2376,0,1,0,4,0.1506534272022152,2.1065075779780265e-06,https://openalex.org/W4237907507
2823,0,1,0,4,0.15266747157166566,9.347914835586478e-06,https://openalex.org/W1206579674
3429,0,1,0,4,0.1546604415472015,9.438364772707892e-06,https://openalex.org/W566204369
3661,0,1,0,3,0.15412541468353697,2.4759175560511896e-06,https://openalex.org/W4299961741
44,0,15,0,35,0.16306356054254922,3.993354108975609e-06,https://openalex.org/W2017521086
1197,0,15,0,1,0.13877034485478887,4.44225579784496e-08,https://openalex.org/W1486048587
1198,0,15,0,1,0.13877034485478887,4.44225579784496e-08,https://openalex.org/W1515739822
1199,0,15,0,2,0.14977604218583865,6.829465287140989e-08,https://openalex.org/W1903517225
1200,0,15,0,2,0.14361527335716484,1.786943047506632e-07,https://openalex.org/W1966809963
1201,0,15,0,3,0.16867175061133158,5.147283542105239e-05,https://openalex.org/W1967390644
1202,0,15,0,1,0.13877034485478887,4.44225579784496e-08,https://openalex.org/W1971717521
1203,0,15,0,1,0.13877034485478887,4.44225579784496e-08,https://openalex.org/W2034215952
1204,0,15,0,2,0.14361527335716484,1.786943047506632e-07,https://openalex.org/W2049684062
1205,0,15,0,1,0.13877034485478887,4.44225579784496e-08,https://openalex.org/W2054833997
1206,0,15,0,1,0.13877034485478887,4.44225579784496e-08,https://openalex.org/W2063761201
1207,0,15,0,1,0.13877034485478887,4.44225579784496e-08,https://openalex.org/W2087241587
1208,0,15,0,1,0.13877034485478887,4.44225579784496e-08,https://openalex.org/W2089581066
1209,0,15,0,1,0.13877034485478887,4.44225579784496e-08,https://openalex.org/W2100101054
1210,0,15,0,1,0.13877034485478887,4.44225579784496e-08,https://openalex.org/W2101136254
1211,0,15,0,6,0.16046619038020152,1.8906637601370778e-05,https://openalex.org/W2113626142
1212,0,15,0,1,0.13877034485478887,4.44225579784496e-08,https://openalex.org/W2117016852
1213,0,15,0,1,0.13877034485478887,4.44225579784496e-08,https://openalex.org/W2141653641
1214,0,15,0,2,0.1671741893544505,5.133856367428018e-05,https://openalex.org/W2150353123
1215,0,15,0,1,0.13877034485478887,4.44225579784496e-08,https://openalex.org/W2150943872
1216,0,15,0,1,0.13877034485478887,4.44225579784496e-08,https://openalex.org/W2164876057
1217,0,15,0,1,0.13877034485478887,4.44225579784496e-08,https://openalex.org/W2167571044
1219,0,15,0,1,0.13877034485478887,4.44225579784496e-08,https://openalex.org/W607965328
1249,0,15,0,6,0.16046619038020152,1.8906637601370778e-05,https://openalex.org/W2113626142
1618,0,15,0,2,0.14977604218583865,6.829465287140989e-08,https://openalex.org/W1903517225
2232,0,15,0,6,0.16046619038020152,1.8906637601370778e-05,https://openalex.org/W2113626142
2505,0,15,0,3,0.16867175061133158,5.147283542105239e-05,https://openalex.org/W1967390644
2522,0,15,0,2,0.1671741893544505,5.133856367428018e-05,https://openalex.org/W2150353123
3032,0,15,0,2,0.14361527335716484,1.786943047506632e-07,https://openalex.org/W1966809963
3033,0,15,0,3,0.16867175061133158,5.147283542105239e-05,https://openalex.org/W1967390644
3040,0,15,0,2,0.14361527335716484,1.786943047506632e-07,https://openalex.org/W2049684062
3204,0,15,0,6,0.16046619038020152,1.8906637601370778e-05,https://openalex.org/W2113626142
3619,0,15,0,6,0.16046619038020152,1.8906637601370778e-05,https://openalex.org/W2113626142
45,0,15,0,84,0.1769265625015332,0.00010444242608837906,https://openalex.org/W2518045192
1220,0,15,0,3,0.15650455229392998,1.826620370671145e-05,https://openalex.org/W135978924
1221,0,15,0,1,0.14868484187849176,1.1611636911240707e-06,https://openalex.org/W1544151704
1222,0,15,0,1,0.14868484187849176,1.1611636911240707e-06,https://openalex.org/W1865935269
1223,0,15,0,1,0.14868484187849176,1.1611636911240707e-06,https://openalex.org/W1972668358
1224,0,15,0,1,0.14868484187849176,1.1611636911240707e-06,https://openalex.org/W1988930537
1225,0,15,0,1,0.14868484187849176,1.1611636911240707e-06,https://openalex.org/W1993443859
1226,0,15,0,1,0.14868484187849176,1.1611636911240707e-06,https://openalex.org/W1993645965
1227,0,15,0,1,0.14868484187849176,1.1611636911240707e-06,https://openalex.org/W1995632010
1229,0,15,0,1,0.14868484187849176,1.1611636911240707e-06,https://openalex.org/W2019290108
1230,0,15,0,5,0.155580858300458,5.98307605141553e-06,https://openalex.org/W2023080089
1231,0,15,0,1,0.14868484187849176,1.1611636911240707e-06,https://openalex.org/W2031767140
1232,0,8,0,3,0.16049875746942577,0.00012873491643557522,https://openalex.org/W2037557484
1233,0,15,0,1,0.14868484187849176,1.1611636911240707e-06,https://openalex.org/W2040558071
1234,0,15,0,1,0.14868484187849176,1.1611636911240707e-06,https://openalex.org/W2043417500
1236,0,15,0,1,0.14868484187849176,1.1611636911240707e-06,https://openalex.org/W2047000576
1237,0,15,0,1,0.14868484187849176,1.1611636911240707e-06,https://openalex.org/W2050261089
1238,0,15,0,1,0.14868484187849176,1.1611636911240707e-06,https://openalex.org/W2059122872
1239,0,15,0,1,0.14868484187849176,1.1611636911240707e-06,https://openalex.org/W2063825733
1240,0,15,0,3,0.152615912141888,1.4077599585848382e-06,https://openalex.org/W2064089371
1241,0,15,0,1,0.14868484187849176,1.1611636911240707e-06,https://openalex.org/W2072803606
1242,0,15,0,1,0.14868484187849176,1.1611636911240707e-06,https://openalex.org/W2076902840
1243,0,15,0,1,0.14868484187849176,1.1611636911240707e-06,https://openalex.org/W2081096870
1244,0,15,0,1,0.14868484187849176,1.1611636911240707e-06,https://openalex.org/W2085714022
1245,0,15,0,1,0.14868484187849176,1.1611636911240707e-06,https://openalex.org/W2093484375
1246,0,15,0,1,0.14868484187849176,1.1611636911240707e-06,https://openalex.org/W2096639236
1248,0,15,0,1,0.14868484187849176,1.1611636911240707e-06,https://openalex.org/W2112778345
1250,0,15,0,1,0.14868484187849176,1.1611636911240707e-06,https://openalex.org/W2117900547
1251,0,15,0,3,0.1530219626047268,1.3433424917533348e-06,https://openalex.org/W2129751987
1252,0,15,0,1,0.14868484187849176,1.1611636911240707e-06,https://openalex.org/W2134893798
1253,0,15,0,1,0.14868484187849176,1.1611636911240707e-06,https://openalex.org/W2141770009
1254,0,15,0,1,0.14868484187849176,1.1611636911240707e-06,https://openalex.org/W2147169903
1255,0,15,0,1,0.14868484187849176,1.1611636911240707e-06,https://openalex.org/W2151433573
1256,0,15,0,1,0.14868484187849176,1.1611636911240707e-06,https://openalex.org/W2153774782
1257,0,15,0,1,0.14868484187849176,1.1611636911240707e-06,https://openalex.org/W2159175771
1258,0,15,0,1,0.14868484187849176,1.1611636911240707e-06,https://openalex.org/W2171061907
1259,0,15,0,2,0.1524173658554935,1.337653505975805e-06,https://openalex.org/W2264220972
1260,0,15,0,1,0.14868484187849176,1.1611636911240707e-06,https://openalex.org/W2294588566
1261,0,15,0,1,0.14868484187849176,1.1611636911240707e-06,https://openalex.org/W2397767534
1262,0,15,0,1,0.14868484187849176,1.1611636911240707e-06,https://openalex.org/W2915464224
1263,0,15,0,1,0.14868484187849176,1.1611636911240707e-06,https://openalex.org/W2915967003
1264,0,15,0,1,0.14868484187849176,1.1611636911240707e-06,https://openalex.org/W4231934897
1265,0,15,0,1,0.14868484187849176,1.1611636911240707e-06,https://openalex.org/W4241772804
1266,0,8,0,3,0.16049875746942577,0.00012873491643557522,https://openalex.org/W4243177274
2151,0,15,0,3,0.152615912141888,1.4077599585848382e-06,https://openalex.org/W2064089371
2203,0,15,0,3,0.15650455229392998,1.826620370671145e-05,https://openalex.org/W135978924
2367,0,15,0,3,0.1530219626047268,1.3433424917533348e-06,https://openalex.org/W2129751987
2385,0,15,0,5,0.155580858300458,5.98307605141553e-06,https://openalex.org/W2023080089
3043,0,15,0,3,0.152615912141888,1.4077599585848382e-06,https://openalex.org/W2064089371
3207,0,15,0,3,0.1530219626047268,1.3433424917533348e-06,https://openalex.org/W2129751987
3214,0,15,0,2,0.1524173658554935,1.337653505975805e-06,https://openalex.org/W2264220972
3323,0,8,0,3,0.16049875746942577,0.00012873491643557522,https://openalex.org/W2037557484
3374,0,8,0,3,0.16049875746942577,0.00012873491643557522,https://openalex.org/W4243177274
3433,0,8,0,3,0.16049875746942577,0.00012873491643557522,https://openalex.org/W2037557484
3454,0,8,0,3,0.16049875746942577,0.00012873491643557522,https://openalex.org/W4243177274
3607,0,15,0,5,0.155580858300458,5.98307605141553e-06,https://openalex.org/W2023080089
46,0,11,2,110,0.1931178272872352,0.02342517365303673,https://openalex.org/W2291543154
1268,0,11,2,3,0.15998735641133482,0.0007811180584922943,https://openalex.org/W12129681
1269,0,11,2,3,0.15998735641133482,0.0007811180584922943,https://openalex.org/W1480100320
1270,0,11,2,3,0.15998735641133482,0.0007811180584922943,https://openalex.org/W1483561745
1271,0,11,2,3,0.15998735641133482,0.0007811180584922943,https://openalex.org/W1515855135
1272,0,11,2,3,0.15998735641133482,0.0007811180584922943,https://openalex.org/W1532410992
1273,0,11,2,3,0.15998735641133482,0.0007811180584922943,https://openalex.org/W1557252649
1274,0,11,2,3,0.15998735641133482,0.0007811180584922943,https://openalex.org/W1593160556
1275,0,11,2,6,0.1655988907425878,0.0017268696048982199,https://openalex.org/W1597832510
1276,0,11,2,3,0.15998735641133482,0.0007811180584922943,https://openalex.org/W1613666090
1277,0,11,2,3,0.15998735641133482,0.0007811180584922943,https://openalex.org/W1652632544
1278,0,11,2,3,0.15998735641133482,0.0007811180584922943,https://openalex.org/W1820071378
1279,0,11,2,3,0.15998735641133482,0.0007811180584922943,https://openalex.org/W1973114546
1280,0,11,2,3,0.15998735641133482,0.0007811180584922943,https://openalex.org/W1973494718
1281,0,11,2,3,0.15998735641133482,0.0007811180584922943,https://openalex.org/W1975445210
1282,0,11,2,3,0.15998735641133482,0.0007811180584922943,https://openalex.org/W1980839770
1283,0,11,2,4,0.16242721494043197,0.0010447515166511468,https://openalex.org/W1986074170
1284,0,11,2,6,0.16541703764916132,0.0011175175739436315,https://openalex.org/W1993823660
1285,0,11,2,3,0.15998735641133482,0.0007811180584922943,https://openalex.org/W1996327737
1286,0,11,2,3,0.15998735641133482,0.0007811180584922943,https://openalex.org/W2001336906
1287,0,3,1,15,0.1670594143630796,0.0147216324654811,https://openalex.org/W2006274337
1288,0,11,2,3,0.15998735641133482,0.0007811180584922943,https://openalex.org/W2007956292
1289,0,11,2,3,0.15998735641133482,0.0007811180584922943,https://openalex.org/W2023962513
1290,0,11,2,4,0.1645222869384154,0.001011550702084505,https://openalex.org/W2042415200
1291,0,11,2,3,0.15998735641133482,0.0007811180584922943,https://openalex.org/W2060032216
1292,0,11,2,3,0.15998735641133482,0.0007811180584922943,https://openalex.org/W2074541224
1293,0,11,2,3,0.15998735641133482,0.0007811180584922943,https://openalex.org/W2076628734
1294,0,11,2,6,0.16541703764916132,0.0011175175739436315,https://openalex.org/W2078437399
1295,0,11,2,3,0.15998735641133482,0.0007811180584922943,https://openalex.org/W2080783041
1296,0,11,2,3,0.15998735641133482,0.0007811180584922943,https://openalex.org/W2083888759
1297,0,11,2,3,0.15998735641133482,0.0007811180584922943,https://openalex.org/W2091527661
1298,0,11,2,5,0.1622439355267432,0.0008870849303514207,https://openalex.org/W2092624798
1299,0,11,2,3,0.15998735641133482,0.0007811180584922943,https://openalex.org/W2134010133
1300,0,11,2,3,0.15998735641133482,0.0007811180584922943,https://openalex.org/W2145210094
1301,0,11,2,3,0.15998735641133482,0.0007811180584922943,https://openalex.org/W2146036279
1302,0,11,2,3,0.15998735641133482,0.0007811180584922943,https://openalex.org/W2156708077
1303,0,11,2,3,0.15998735641133482,0.0007811180584922943,https://openalex.org/W2167212860
1306,0,11,2,3,0.15998735641133482,0.0007811180584922943,https://openalex.org/W2198409141
1307,0,11,2,3,0.15998735641133482,0.0007811180584922943,https://openalex.org/W2480815214
1308,0,11,2,3,0.15998735641133482,0.0007811180584922943,https://openalex.org/W2587215102
1309,0,11,2,3,0.15998735641133482,0.0007811180584922943,https://openalex.org/W2825658141
1310,0,11,2,3,0.15998735641133482,0.0007811180584922943,https://openalex.org/W2890574509
1311,0,11,2,3,0.15998735641133482,0.0007811180584922943,https://openalex.org/W296595544
1312,0,11,2,3,0.15998735641133482,0.0007811180584922943,https://openalex.org/W3014505770
1313,0,11,2,3,0.15998735641133482,0.0007811180584922943,https://openalex.org/W3178252631
1314,0,11,2,3,0.15998735641133482,0.0007811180584922943,https://openalex.org/W4235127186
1315,0,11,2,3,0.15998735641133482,0.0007811180584922943,https://openalex.org/W4249806943
1317,0,11,2,3,0.15998735641133482,0.0007811180584922943,https://openalex.org/W4301769941
1318,0,11,2,3,0.15998735641133482,0.0007811180584922943,https://openalex.org/W563544229
1319,0,11,2,3,0.15998735641133482,0.0007811180584922943,https://openalex.org/W627821050
1447,0,11,2,4,0.16242721494043197,0.0010447515166511468,https://openalex.org/W1986074170
1538,0,3,1,15,0.1670594143630796,0.0147216324654811,https://openalex.org/W2006274337
1829,0,11,2,6,0.16541703764916132,0.0011175175739436315,https://openalex.org/W1993823660
1831,0,3,1,15,0.1670594143630796,0.0147216324654811,https://openalex.org/W2006274337
1835,0,11,2,6,0.16541703764916132,0.0011175175739436315,https://openalex.org/W2078437399
1836,0,11,2,5,0.1622439355267432,0.0008870849303514207,https://openalex.org/W2092624798
1857,0,11,2,6,0.1655988907425878,0.0017268696048982199,https://openalex.org/W1597832510
2455,0,11,2,6,0.1655988907425878,0.0017268696048982199,https://openalex.org/W1597832510
3256,0,11,2,6,0.16541703764916132,0.0011175175739436315,https://openalex.org/W1993823660
3259,0,11,2,4,0.1645222869384154,0.001011550702084505,https://openalex.org/W2042415200
3263,0,11,2,6,0.16541703764916132,0.0011175175739436315,https://openalex.org/W2078437399
47,0,1,0,47,0.15131643200023498,0.0006547607652936709,https://openalex.org/W2921451314
1322,0,1,0,1,0.13017036381074493,7.2796863429560975e-06,https://openalex.org/W110954331
1325,0,1,0,1,0.13017036381074493,7.2796863429560975e-06,https://openalex.org/W1499170180
1326,0,1,0,1,0.13017036381074493,7.2796863429560975e-06,https://openalex.org/W1583820034
1327,0,1,0,1,0.13017036381074493,7.2796863429560975e-06,https://openalex.org/W1930541572
1328,0,1,0,1,0.13017036381074493,7.2796863429560975e-06,https://openalex.org/W1983124432
1329,0,1,0,1,0.13017036381074493,7.2796863429560975e-06,https://openalex.org/W1984615306
1330,0,1,0,1,0.13017036381074493,7.2796863429560975e-06,https://openalex.org/W1993861281
1331,0,1,0,1,0.13017036381074493,7.2796863429560975e-06,https://openalex.org/W2016227990
1332,0,1,0,1,0.13017036381074493,7.2796863429560975e-06,https://openalex.org/W2087278229
1334,0,1,0,1,0.13017036381074493,7.2796863429560975e-06,https://openalex.org/W2115988342
1336,0,1,0,1,0.13017036381074493,7.2796863429560975e-06,https://openalex.org/W2133327824
1337,0,1,0,1,0.13017036381074493,7.2796863429560975e-06,https://openalex.org/W2149386585
1338,0,1,0,1,0.13017036381074493,7.2796863429560975e-06,https://openalex.org/W2153196582
1339,0,1,0,1,0.13017036381074493,7.2796863429560975e-06,https://openalex.org/W2153625321
1340,0,1,0,1,0.13017036381074493,7.2796863429560975e-06,https://openalex.org/W2170219130
1341,0,1,5,2,0.1376771418421358,7.29151880136443e-06,https://openalex.org/W2181127550
1342,0,1,0,1,0.13017036381074493,7.2796863429560975e-06,https://openalex.org/W2249595199
1347,0,1,0,1,0.13017036381074493,7.2796863429560975e-06,https://openalex.org/W2580441036
1348,0,1,0,1,0.13017036381074493,7.2796863429560975e-06,https://openalex.org/W3015634246
1349,0,1,0,1,0.13017036381074493,7.2796863429560975e-06,https://openalex.org/W3098349105
2852,0,1,5,2,0.1376771418421358,7.29151880136443e-06,https://openalex.org/W2181127550
48,0,15,8,81,0.1379352902352467,9.866740805672126e-08,https://openalex.org/W2624920485
1351,0,15,8,1,0.12014394815469302,1.0979060184299318e-09,https://openalex.org/W146357247
1352,0,15,0,3,0.15184667871375349,2.0145981576312443e-07,https://openalex.org/W1485861288
1353,0,15,8,1,0.12014394815469302,1.0979060184299318e-09,https://openalex.org/W1556067263
1354,0,15,8,1,0.12014394815469302,1.0979060184299318e-09,https://openalex.org/W1729472568
1355,0,15,8,1,0.12014394815469302,1.0979060184299318e-09,https://openalex.org/W1926404136
1356,0,15,0,3,0.14419135796175186,2.8087471629786184e-07,https://openalex.org/W1965598713
1357,0,15,8,1,0.12014394815469302,1.0979060184299318e-09,https://openalex.org/W1973208730
1358,0,15,8,1,0.12014394815469302,1.0979060184299318e-09,https://openalex.org/W1976069158
1359,0,15,8,1,0.12014394815469302,1.0979060184299318e-09,https://openalex.org/W1976483664
1360,0,15,8,1,0.12014394815469302,1.0979060184299318e-09,https://openalex.org/W1984211047
1361,0,15,8,1,0.12014394815469302,1.0979060184299318e-09,https://openalex.org/W1985760052
1362,0,15,8,1,0.12014394815469302,1.0979060184299318e-09,https://openalex.org/W1990682749
1363,0,15,8,1,0.12014394815469302,1.0979060184299318e-09,https://openalex.org/W1990801176
1364,0,15,8,1,0.12014394815469302,1.0979060184299318e-09,https://openalex.org/W1992810702
1365,0,15,8,1,0.12014394815469302,1.0979060184299318e-09,https://openalex.org/W1995506152
1366,0,15,8,1,0.12014394815469302,1.0979060184299318e-09,https://openalex.org/W1996600674
1367,0,15,8,1,0.12014394815469302,1.0979060184299318e-09,https://openalex.org/W2000949542
1368,0,15,8,1,0.12014394815469302,1.0979060184299318e-09,https://openalex.org/W2010658386
1369,0,15,8,1,0.12014394815469302,1.0979060184299318e-09,https://openalex.org/W2016699271
1370,0,15,8,1,0.12014394815469302,1.0979060184299318e-09,https://openalex.org/W2029073075
1371,0,15,8,1,0.12014394815469302,1.0979060184299318e-09,https://openalex.org/W2031226573
1372,0,15,8,1,0.12014394815469302,1.0979060184299318e-09,https://openalex.org/W2042507422
1373,0,15,8,1,0.12014394815469302,1.0979060184299318e-09,https://openalex.org/W2044002436
1374,0,15,8,1,0.12014394815469302,1.0979060184299318e-09,https://openalex.org/W2044551043
1375,0,15,8,1,0.12014394815469302,1.0979060184299318e-09,https://openalex.org/W2050366700
1376,0,15,8,1,0.12014394815469302,1.0979060184299318e-09,https://openalex.org/W2052702100
1377,0,15,8,1,0.12014394815469302,1.0979060184299318e-09,https://openalex.org/W2061539520
1378,0,15,8,1,0.12014394815469302,1.0979060184299318e-09,https://openalex.org/W2061836556
1379,0,15,8,1,0.12014394815469302,1.0979060184299318e-09,https://openalex.org/W2063048511
1380,0,15,8,1,0.12014394815469302,1.0979060184299318e-09,https://openalex.org/W2067965653
1381,0,15,8,1,0.12014394815469302,1.0979060184299318e-09,https://openalex.org/W2069274592
1382,0,15,8,1,0.12014394815469302,1.0979060184299318e-09,https://openalex.org/W2069340802
1383,0,15,8,1,0.12014394815469302,1.0979060184299318e-09,https://openalex.org/W2072377256
1384,0,15,8,1,0.12014394815469302,1.0979060184299318e-09,https://openalex.org/W2085829019
1385,0,15,8,1,0.12014394815469302,1.0979060184299318e-09,https://openalex.org/W2098971288
1386,0,15,8,1,0.12014394815469302,1.0979060184299318e-09,https://openalex.org/W2102059582
1387,0,15,8,1,0.12014394815469302,1.0979060184299318e-09,https://openalex.org/W2102574773
1388,0,15,8,1,0.12014394815469302,1.0979060184299318e-09,https://openalex.org/W2105204298
1389,0,15,8,1,0.12014394815469302,1.0979060184299318e-09,https://openalex.org/W2106183845
1390,0,15,8,1,0.12014394815469302,1.0979060184299318e-09,https://openalex.org/W2111063743
1391,0,15,8,1,0.12014394815469302,1.0979060184299318e-09,https://openalex.org/W2114176562
1392,0,15,8,1,0.12014394815469302,1.0979060184299318e-09,https://openalex.org/W2120088961
1393,0,15,8,1,0.12014394815469302,1.0979060184299318e-09,https://openalex.org/W2121297880
1394,0,15,8,1,0.12014394815469302,1.0979060184299318e-09,https://openalex.org/W2125966455
1395,0,15,8,1,0.12014394815469302,1.0979060184299318e-09,https://openalex.org/W2126404598
1396,0,15,8,1,0.12014394815469302,1.0979060184299318e-09,https://openalex.org/W2126450628
1397,0,15,8,1,0.12014394815469302,1.0979060184299318e-09,https://openalex.org/W2126556941
1398,0,15,8,1,0.12014394815469302,1.0979060184299318e-09,https://openalex.org/W2126616096
1400,0,11,8,2,0.14712199483581753,1.0315667145045478e-06,https://openalex.org/W2127429714
1401,0,15,8,1,0.12014394815469302,1.0979060184299318e-09,https://openalex.org/W2140360659
1402,0,15,8,1,0.12014394815469302,1.0979060184299318e-09,https://openalex.org/W2141864630
1403,0,15,8,1,0.12014394815469302,1.0979060184299318e-09,https://openalex.org/W2142376738
1404,0,15,8,2,0.1355822729829374,2.4970000911390227e-08,https://openalex.org/W2143417015
1405,0,15,8,1,0.12014394815469302,1.0979060184299318e-09,https://openalex.org/W2148482036
1406,0,15,8,1,0.12014394815469302,1.0979060184299318e-09,https://openalex.org/W2155355450
1407,0,15,8,1,0.12014394815469302,1.0979060184299318e-09,https://openalex.org/W2155411553
1408,0,15,8,1,0.12014394815469302,1.0979060184299318e-09,https://openalex.org/W2164019795
1409,0,15,8,1,0.12014394815469302,1.0979060184299318e-09,https://openalex.org/W2165758561
1410,0,15,8,1,0.12014394815469302,1.0979060184299318e-09,https://openalex.org/W2166886466
1411,0,15,8,1,0.12014394815469302,1.0979060184299318e-09,https://openalex.org/W2167483905
1412,0,15,8,1,0.12014394815469302,1.0979060184299318e-09,https://openalex.org/W2168536722
1413,0,15,8,1,0.12014394815469302,1.0979060184299318e-09,https://openalex.org/W2168980710
1414,0,15,8,1,0.12014394815469302,1.0979060184299318e-09,https://openalex.org/W2196906371
1415,0,15,8,1,0.12014394815469302,1.0979060184299318e-09,https://openalex.org/W2235155022
1416,0,15,8,1,0.12014394815469302,1.0979060184299318e-09,https://openalex.org/W2283702052
1417,0,15,8,1,0.12014394815469302,1.0979060184299318e-09,https://openalex.org/W2312515315
1418,0,15,8,1,0.12014394815469302,1.0979060184299318e-09,https://openalex.org/W2332202724
1419,0,15,8,1,0.12014394815469302,1.0979060184299318e-09,https://openalex.org/W2917462181
1420,0,15,8,1,0.12014394815469302,1.0979060184299318e-09,https://openalex.org/W3023363600
1421,0,15,8,1,0.12014394815469302,1.0979060184299318e-09,https://openalex.org/W4210442703
1422,0,15,8,1,0.12014394815469302,1.0979060184299318e-09,https://openalex.org/W87906273
1617,0,15,0,3,0.15184667871375349,2.0145981576312443e-07,https://openalex.org/W1485861288
1651,0,15,8,2,0.1355822729829374,2.4970000911390227e-08,https://openalex.org/W2143417015
1776,0,15,0,3,0.14419135796175186,2.8087471629786184e-07,https://openalex.org/W1965598713
2917,0,11,8,2,0.14712199483581753,1.0315667145045478e-06,https://openalex.org/W2127429714
3190,0,15,0,3,0.15184667871375349,2.0145981576312443e-07,https://openalex.org/W1485861288
3196,0,15,0,3,0.14419135796175186,2.8087471629786184e-07,https://openalex.org/W1965598713
49,3,7,19,23,0.006304824561403508,5.701307006633568e-23,https://openalex.org/W2755779874
1423,3,7,19,1,0.0032224658869395707,1.1895701324561209e-23,https://openalex.org/W1502898407
1424,3,7,19,1,0.0032224658869395707,1.1895701324561209e-23,https://openalex.org/W1510859926
1425,3,7,19,1,0.0032224658869395707,1.1895701324561209e-23,https://openalex.org/W1543891416
1426,3,7,19,1,0.0032224658869395707,1.1895701324561209e-23,https://openalex.org/W1579760457
1427,3,7,19,1,0.0032224658869395707,1.1895701324561209e-23,https://openalex.org/W1585227915
1428,3,7,19,1,0.0032224658869395707,1.1895701324561209e-23,https://openalex.org/W1591347182
1429,3,7,19,1,0.0032224658869395707,1.1895701324561209e-23,https://openalex.org/W1958266390
1430,3,7,19,1,0.0032224658869395707,1.1895701324561209e-23,https://openalex.org/W1969026100
1431,3,7,19,1,0.0032224658869395707,1.1895701324561209e-23,https://openalex.org/W2041233617
1432,3,7,19,1,0.0032224658869395707,1.1895701324561209e-23,https://openalex.org/W2067043787
1433,3,7,19,1,0.0032224658869395707,1.1895701324561209e-23,https://openalex.org/W2121052759
1434,3,7,19,1,0.0032224658869395707,1.1895701324561209e-23,https://openalex.org/W2125451304
1435,3,7,19,1,0.0032224658869395707,1.1895701324561209e-23,https://openalex.org/W2128381827
1436,3,7,19,1,0.0032224658869395707,1.1895701324561209e-23,https://openalex.org/W2156955930
1437,3,7,19,1,0.0032224658869395707,1.1895701324561209e-23,https://openalex.org/W2165779685
1438,3,7,19,1,0.0032224658869395707,1.1895701324561209e-23,https://openalex.org/W2171466718
1439,3,7,19,1,0.0032224658869395707,1.1895701324561209e-23,https://openalex.org/W2193491087
1440,3,7,19,1,0.0032224658869395707,1.1895701324561209e-23,https://openalex.org/W2371591896
1441,3,7,19,1,0.0032224658869395707,1.1895701324561209e-23,https://openalex.org/W2461549113
1442,3,7,19,1,0.0032224658869395707,1.1895701324561209e-23,https://openalex.org/W2584113258
1443,3,7,19,1,0.0032224658869395707,1.1895701324561209e-23,https://openalex.org/W3091671267
1444,3,7,19,1,0.0032224658869395707,1.1895701324561209e-23,https://openalex.org/W48509223
1445,3,7,19,1,0.0032224658869395707,1.1895701324561209e-23,https://openalex.org/W78927731
50,0,8,1,58,0.15993882146652405,0.02372406459602054,https://openalex.org/W2801027355
1449,0,8,1,1,0.13650082035750896,0.0002636334581588524,https://openalex.org/W2014826037
1450,0,8,1,1,0.13650082035750896,0.0002636334581588524,https://openalex.org/W2059225186
1451,0,8,1,1,0.13650082035750896,0.0002636334581588524,https://openalex.org/W2063085086
1452,0,8,1,1,0.13650082035750896,0.0002636334581588524,https://openalex.org/W2094436282
1453,0,8,1,1,0.13650082035750896,0.0002636334581588524,https://openalex.org/W2097613086
1454,0,8,1,1,0.13650082035750896,0.0002636334581588524,https://openalex.org/W2099984802
1455,0,8,1,1,0.13650082035750896,0.0002636334581588524,https://openalex.org/W2117253984
1456,0,8,1,1,0.13650082035750896,0.0002636334581588524,https://openalex.org/W2122405077
1457,0,8,1,1,0.13650082035750896,0.0002636334581588524,https://openalex.org/W2141125801
1458,0,8,1,1,0.13650082035750896,0.0002636334581588524,https://openalex.org/W2162098119
1459,0,8,1,1,0.13650082035750896,0.0002636334581588524,https://openalex.org/W2419228228
1461,0,8,1,1,0.13650082035750896,0.0002636334581588524,https://openalex.org/W2474552435
1463,0,8,1,1,0.13650082035750896,0.0002636334581588524,https://openalex.org/W2774486220
1464,0,8,1,1,0.13650082035750896,0.0002636334581588524,https://openalex.org/W2803521814
1466,0,8,1,1,0.13650082035750896,0.0002636334581588524,https://openalex.org/W4231733018
51,0,8,1,83,0.16284530300977668,0.027412908713736306,https://openalex.org/W2768220913
52,0,3,1,125,0.1614572279994341,0.09365529543755982,https://openalex.org/W2894925006
58,0,3,1,158,0.16684793559601838,0.09265441710698329,https://openalex.org/W2894753606
71,0,3,1,198,0.1792627230513948,0.11896063709210686,https://openalex.org/W2894683557
1488,0,3,1,7,0.14231014985445892,0.007253430569162494,https://openalex.org/W1857170875
1491,0,3,1,14,0.14769212862848596,0.01799829723837076,https://openalex.org/W2074938072
1494,0,3,1,4,0.13764119793598958,0.004163749703241086,https://openalex.org/W2142813322
1500,0,3,1,198,0.1792627230513948,0.11896063709210686,https://openalex.org/W2894683557
1501,0,3,1,158,0.16684793559601838,0.09265441710698329,https://openalex.org/W2894753606
1502,0,3,1,32,0.1540428541984374,0.038470609551751245,https://openalex.org/W2895302723
1504,0,3,1,14,0.14769212862848596,0.01799829723837076,https://openalex.org/W2973281857
1505,0,3,1,7,0.14231014985445892,0.007253430569162494,https://openalex.org/W3131215869
1527,0,3,1,32,0.1540428541984374,0.038470609551751245,https://openalex.org/W2895302723
1546,0,3,1,14,0.14769212862848596,0.01799829723837076,https://openalex.org/W2074938072
1572,0,3,1,198,0.1792627230513948,0.11896063709210686,https://openalex.org/W2894683557
1577,0,3,1,32,0.1540428541984374,0.038470609551751245,https://openalex.org/W2895302723
1582,0,3,1,14,0.14769212862848596,0.01799829723837076,https://openalex.org/W2973281857
1696,0,3,1,7,0.14231014985445892,0.007253430569162494,https://openalex.org/W1857170875
1721,0,3,1,198,0.1792627230513948,0.11896063709210686,https://openalex.org/W2894683557
1723,0,3,1,32,0.1540428541984374,0.038470609551751245,https://openalex.org/W2895302723
1725,0,3,1,7,0.14231014985445892,0.007253430569162494,https://openalex.org/W3131215869
1821,0,3,1,198,0.1792627230513948,0.11896063709210686,https://openalex.org/W2894683557
1822,0,3,1,32,0.1540428541984374,0.038470609551751245,https://openalex.org/W2895302723
1895,0,3,1,198,0.1792627230513948,0.11896063709210686,https://openalex.org/W2894683557
2198,0,3,1,32,0.1540428541984374,0.038470609551751245,https://openalex.org/W2895302723
2283,0,3,1,32,0.1540428541984374,0.038470609551751245,https://openalex.org/W2895302723
2666,0,3,1,198,0.1792627230513948,0.11896063709210686,https://openalex.org/W2894683557
2667,0,3,1,158,0.16684793559601838,0.09265441710698329,https://openalex.org/W2894753606
2668,0,3,1,32,0.1540428541984374,0.038470609551751245,https://openalex.org/W2895302723
53,0,3,1,143,0.16182064717438677,0.0869774765764796,https://openalex.org/W2894914095
1507,0,3,1,2,0.13788117910229766,0.0019335438431767043,https://openalex.org/W1267149598
1508,0,3,1,5,0.1399057943814645,0.005004465693490368,https://openalex.org/W1877512765
1510,0,3,1,2,0.13788117910229766,0.0019335438431767043,https://openalex.org/W2012226695
1512,0,3,1,12,0.14760253889062164,0.01576809137830638,https://openalex.org/W2031279303
1513,0,3,1,14,0.14768523324921387,0.01781608659756233,https://openalex.org/W2051928215
1514,0,3,1,2,0.13788117910229766,0.0019335438431767043,https://openalex.org/W2075436403
1515,0,3,1,2,0.13788117910229766,0.0019335438431767043,https://openalex.org/W2106023093
1516,0,3,1,2,0.13788117910229766,0.0019335438431767043,https://openalex.org/W2131975068
1519,0,8,1,3,0.13994912228310014,0.002163976486768915,https://openalex.org/W2283157884
1522,0,3,1,12,0.14760253889062164,0.01576809137830638,https://openalex.org/W2556440744
1523,0,8,1,4,0.14092172722256482,0.002051171624441839,https://openalex.org/W2611260254
1524,0,3,1,2,0.13788117910229766,0.0019335438431767043,https://openalex.org/W2612500370
1525,0,3,1,12,0.14760253889062164,0.01576809137830638,https://openalex.org/W2624723617
1526,0,3,1,2,0.13788117910229766,0.0019335438431767043,https://openalex.org/W2891545820
1530,0,3,1,12,0.14760253889062164,0.01576809137830638,https://openalex.org/W2916481247
1531,0,3,1,12,0.14760253889062164,0.01576809137830638,https://openalex.org/W2916822073
1540,0,3,1,12,0.14760253889062164,0.01576809137830638,https://openalex.org/W2031279303
1544,0,3,1,14,0.14768523324921387,0.01781608659756233,https://openalex.org/W2051928215
1563,0,3,1,12,0.14760253889062164,0.01576809137830638,https://openalex.org/W2556440744
1567,0,3,1,12,0.14760253889062164,0.01576809137830638,https://openalex.org/W2624723617
1580,0,3,1,12,0.14760253889062164,0.01576809137830638,https://openalex.org/W2916481247
1581,0,3,1,12,0.14760253889062164,0.01576809137830638,https://openalex.org/W2916822073
1813,0,3,1,14,0.14768523324921387,0.01781608659756233,https://openalex.org/W2051928215
2257,0,3,1,5,0.1399057943814645,0.005004465693490368,https://openalex.org/W1877512765
2489,0,8,1,4,0.14092172722256482,0.002051171624441839,https://openalex.org/W2611260254
3269,0,8,1,3,0.13994912228310014,0.002163976486768915,https://openalex.org/W2283157884
61,0,3,1,131,0.1636033106265794,0.09212934659194343,https://openalex.org/W2895198122
68,0,3,1,146,0.1618372051041089,0.08348565756927535,https://openalex.org/W2895270365
73,0,3,1,151,0.16295435869384464,0.09209291509631085,https://openalex.org/W2895497822
1535,0,3,1,15,0.14789237509770967,0.018761377160545198,https://openalex.org/W1600079813
1537,0,3,1,10,0.14743742768421872,0.013834547535129676,https://openalex.org/W1995264826
1541,0,3,1,13,0.1476645509739946,0.016905469385443336,https://openalex.org/W2035387102
1545,0,3,1,12,0.14769212862848596,0.015690455310231537,https://openalex.org/W2070030549
1548,0,3,1,18,0.17078447311116038,0.023141857524519156,https://openalex.org/W2136933546
1550,0,3,1,10,0.14743742768421872,0.013834547535129676,https://openalex.org/W2143696727
1551,0,3,1,10,0.14743742768421872,0.013834547535129676,https://openalex.org/W2154065358
1556,0,3,1,10,0.14743742768421872,0.013834547535129676,https://openalex.org/W2243918190
1557,0,3,1,13,0.1476645509739946,0.016905469385443336,https://openalex.org/W2269093455
1559,0,3,1,13,0.15199990442385816,0.016764609996671113,https://openalex.org/W2397899567
1562,0,3,1,10,0.14743742768421872,0.013834547535129676,https://openalex.org/W2492849656
1564,0,3,1,17,0.15322951031606824,0.023090563383402853,https://openalex.org/W2582127214
1565,0,3,1,10,0.14743742768421872,0.013834547535129676,https://openalex.org/W2586871559
1566,0,3,1,10,0.14743742768421872,0.013834547535129676,https://openalex.org/W2588363293
1568,0,3,1,10,0.14743742768421872,0.013834547535129676,https://openalex.org/W2756397072
1570,0,3,1,10,0.14743742768421872,0.013834547535129676,https://openalex.org/W278247335
1573,0,3,1,143,0.16182064717438677,0.0869774765764796,https://openalex.org/W2894914095
1575,0,3,1,131,0.1636033106265794,0.09212934659194343,https://openalex.org/W2895198122
1576,0,3,1,146,0.1618372051041089,0.08348565756927535,https://openalex.org/W2895270365
1579,0,3,1,151,0.16295435869384464,0.09209291509631085,https://openalex.org/W2895497822
1583,0,3,1,10,0.14743742768421872,0.013834547535129676,https://openalex.org/W2986403368
2065,0,3,1,15,0.14789237509770967,0.018761377160545198,https://openalex.org/W1600079813
2077,0,3,1,12,0.14769212862848596,0.015690455310231537,https://openalex.org/W2070030549
2094,0,3,1,13,0.15199990442385816,0.016764609996671113,https://openalex.org/W2397899567
2178,0,3,1,18,0.17078447311116038,0.023141857524519156,https://openalex.org/W2136933546
2193,0,3,1,17,0.15322951031606824,0.023090563383402853,https://openalex.org/W2582127214
2255,0,3,1,15,0.14789237509770967,0.018761377160545198,https://openalex.org/W1600079813
2263,0,3,1,13,0.1476645509739946,0.016905469385443336,https://openalex.org/W2035387102
2277,0,3,1,13,0.1476645509739946,0.016905469385443336,https://openalex.org/W2269093455
2518,0,3,1,18,0.17078447311116038,0.023141857524519156,https://openalex.org/W2136933546
2661,0,3,1,13,0.15199990442385816,0.016764609996671113,https://openalex.org/W2397899567
2787,0,3,1,151,0.16295435869384464,0.09209291509631085,https://openalex.org/W2895497822
55,0,9,11,34,0.1206940368180744,1.7866745319947017e-06,https://openalex.org/W2966612541
1585,0,9,11,1,0.1068491812519815,1.9872365515563638e-08,https://openalex.org/W1596061696
1586,0,9,11,1,0.1068491812519815,1.9872365515563638e-08,https://openalex.org/W1704432049
1587,0,9,11,1,0.1068491812519815,1.9872365515563638e-08,https://openalex.org/W1922215271
1588,0,9,11,1,0.1068491812519815,1.9872365515563638e-08,https://openalex.org/W1930837752
1589,0,9,11,1,0.1068491812519815,1.9872365515563638e-08,https://openalex.org/W1967909970
1590,0,9,11,1,0.1068491812519815,1.9872365515563638e-08,https://openalex.org/W1974287545
1591,0,9,11,1,0.1068491812519815,1.9872365515563638e-08,https://openalex.org/W1982245190
1592,0,9,11,1,0.1068491812519815,1.9872365515563638e-08,https://openalex.org/W1993161724
1593,0,9,11,1,0.1068491812519815,1.9872365515563638e-08,https://openalex.org/W1993531522
1594,0,9,11,1,0.1068491812519815,1.9872365515563638e-08,https://openalex.org/W1997418591
1595,0,9,11,1,0.1068491812519815,1.9872365515563638e-08,https://openalex.org/W2046745069
1596,0,9,11,1,0.1068491812519815,1.9872365515563638e-08,https://openalex.org/W2052848339
1597,0,9,11,1,0.1068491812519815,1.9872365515563638e-08,https://openalex.org/W2068131535
1598,0,9,11,1,0.1068491812519815,1.9872365515563638e-08,https://openalex.org/W2087484885
1599,0,9,11,1,0.1068491812519815,1.9872365515563638e-08,https://openalex.org/W2109384363
1600,0,9,11,1,0.1068491812519815,1.9872365515563638e-08,https://openalex.org/W2114244145
1601,0,9,11,1,0.1068491812519815,1.9872365515563638e-08,https://openalex.org/W2132344999
1602,0,9,11,2,0.13798342468767338,8.009954616676425e-05,https://openalex.org/W2136608905
1603,0,9,11,1,0.1068491812519815,1.9872365515563638e-08,https://openalex.org/W2143652571
1604,0,9,11,1,0.1068491812519815,1.9872365515563638e-08,https://openalex.org/W2158274239
1605,0,9,11,1,0.1068491812519815,1.9872365515563638e-08,https://openalex.org/W2162908942
1606,0,9,11,1,0.1068491812519815,1.9872365515563638e-08,https://openalex.org/W2167210310
1607,0,9,11,1,0.1068491812519815,1.9872365515563638e-08,https://openalex.org/W2335525951
1608,0,9,11,1,0.1068491812519815,1.9872365515563638e-08,https://openalex.org/W2417283954
1609,0,9,11,1,0.1068491812519815,1.9872365515563638e-08,https://openalex.org/W2547931126
1610,0,9,11,1,0.1068491812519815,1.9872365515563638e-08,https://openalex.org/W2736187401
1611,0,9,11,2,0.10701546097516534,1.9877293123574633e-08,https://openalex.org/W2738743251
1612,0,9,11,1,0.1068491812519815,1.9872365515563638e-08,https://openalex.org/W2741250308
1613,0,9,11,1,0.1068491812519815,1.9872365515563638e-08,https://openalex.org/W2760647500
1614,0,9,11,1,0.1068491812519815,1.9872365515563638e-08,https://openalex.org/W2883207737
1615,0,9,11,1,0.1068491812519815,1.9872365515563638e-08,https://openalex.org/W2923686499
1616,0,9,11,1,0.1068491812519815,1.9872365515563638e-08,https://openalex.org/W4248492965
2692,0,9,11,2,0.10701546097516534,1.9877293123574633e-08,https://openalex.org/W2738743251
3330,0,9,11,2,0.13798342468767338,8.009954616676425e-05,https://openalex.org/W2136608905
56,0,15,0,73,0.15658977332631616,2.14599847919708e-06,https://openalex.org/W2474144775
1619,0,15,0,1,0.13405390562210928,2.3872094892960295e-08,https://openalex.org/W1943745580
1620,0,15,0,3,0.15838523988408335,6.198834315738375e-07,https://openalex.org/W1965315711
1621,0,15,0,1,0.13405390562210928,2.3872094892960295e-08,https://openalex.org/W1984460816
1622,0,15,0,1,0.13405390562210928,2.3872094892960295e-08,https://openalex.org/W1985012197
1623,0,15,0,1,0.13405390562210928,2.3872094892960295e-08,https://openalex.org/W1999767733
1624,0,15,0,1,0.13405390562210928,2.3872094892960295e-08,https://openalex.org/W2002077960
1625,0,15,0,1,0.13405390562210928,2.3872094892960295e-08,https://openalex.org/W2006479550
1626,0,15,0,1,0.13405390562210928,2.3872094892960295e-08,https://openalex.org/W2019680541
1627,0,15,0,1,0.13405390562210928,2.3872094892960295e-08,https://openalex.org/W2019977955
1628,0,15,0,1,0.13405390562210928,2.3872094892960295e-08,https://openalex.org/W2022193896
1629,0,15,0,1,0.13405390562210928,2.3872094892960295e-08,https://openalex.org/W2041927436
1630,0,15,0,1,0.13405390562210928,2.3872094892960295e-08,https://openalex.org/W2048342163
1631,0,15,0,1,0.13405390562210928,2.3872094892960295e-08,https://openalex.org/W2062732607
1632,0,15,5,2,0.1366836629203177,3.570455330129347e-08,https://openalex.org/W2064920814
1633,0,15,0,1,0.13405390562210928,2.3872094892960295e-08,https://openalex.org/W2074914263
1634,0,15,0,1,0.13405390562210928,2.3872094892960295e-08,https://openalex.org/W2076935871
1635,0,15,0,1,0.13405390562210928,2.3872094892960295e-08,https://openalex.org/W2076950612
1636,0,15,0,1,0.13405390562210928,2.3872094892960295e-08,https://openalex.org/W2081034705
1637,0,15,0,1,0.13405390562210928,2.3872094892960295e-08,https://openalex.org/W2084779920
1638,0,15,0,1,0.13405390562210928,2.3872094892960295e-08,https://openalex.org/W2097624604
1639,0,15,0,6,0.16484809062300862,1.748371919277185e-05,https://openalex.org/W2099246599
1640,0,15,7,2,0.13935724089012347,2.3878064848391923e-08,https://openalex.org/W2099697766
1642,0,15,0,1,0.13405390562210928,2.3872094892960295e-08,https://openalex.org/W2102883492
1643,0,15,0,4,0.1537957025945601,2.503114695195941e-07,https://openalex.org/W2105099865
1644,0,15,0,1,0.13405390562210928,2.3872094892960295e-08,https://openalex.org/W2119613677
1645,0,15,0,1,0.13405390562210928,2.3872094892960295e-08,https://openalex.org/W2122774972
1647,0,15,0,1,0.13405390562210928,2.3872094892960295e-08,https://openalex.org/W2127753873
1648,0,15,0,4,0.16505452705269566,1.7548433632309482e-05,https://openalex.org/W2129716887
1649,0,15,0,1,0.13405390562210928,2.3872094892960295e-08,https://openalex.org/W2136255495
1650,0,15,0,1,0.13405390562210928,2.3872094892960295e-08,https://openalex.org/W2140568160
1652,0,15,0,1,0.13405390562210928,2.3872094892960295e-08,https://openalex.org/W2143535194
1653,0,15,0,1,0.13405390562210928,2.3872094892960295e-08,https://openalex.org/W2148474051
1654,0,15,0,1,0.13405390562210928,2.3872094892960295e-08,https://openalex.org/W2165844264
1655,0,15,0,4,0.16035230957392976,4.426262933355277e-06,https://openalex.org/W2169106516
1656,0,15,0,1,0.13405390562210928,2.3872094892960295e-08,https://openalex.org/W2170858220
1657,0,15,0,1,0.13405390562210928,2.3872094892960295e-08,https://openalex.org/W2252891115
1658,0,15,0,1,0.13405390562210928,2.3872094892960295e-08,https://openalex.org/W2513665405
1659,0,15,0,1,0.13405390562210928,2.3872094892960295e-08,https://openalex.org/W2601489336
1660,0,15,0,1,0.13405390562210928,2.3872094892960295e-08,https://openalex.org/W4233293307
1661,0,15,0,1,0.13405390562210928,2.3872094892960295e-08,https://openalex.org/W4240937236
1662,0,15,0,1,0.13405390562210928,2.3872094892960295e-08,https://openalex.org/W4241284477
1663,0,1,5,2,0.1366836629203177,3.570455330129347e-08,https://openalex.org/W4254865137
2156,0,15,0,6,0.16484809062300862,1.748371919277185e-05,https://openalex.org/W2099246599
2157,0,15,0,4,0.1537957025945601,2.503114695195941e-07,https://openalex.org/W2105099865
2230,0,15,0,6,0.16484809062300862,1.748371919277185e-05,https://openalex.org/W2099246599
2234,0,15,0,4,0.16505452705269566,1.7548433632309482e-05,https://openalex.org/W2129716887
2415,0,15,0,4,0.16035230957392976,4.426262933355277e-06,https://openalex.org/W2169106516
2840,0,15,5,2,0.1366836629203177,3.570455330129347e-08,https://openalex.org/W2064920814
2847,0,15,0,4,0.1537957025945601,2.503114695195941e-07,https://openalex.org/W2105099865
2880,0,1,5,2,0.1366836629203177,3.570455330129347e-08,https://openalex.org/W4254865137
2891,0,15,0,6,0.16484809062300862,1.748371919277185e-05,https://openalex.org/W2099246599
3107,0,15,7,2,0.13935724089012347,2.3878064848391923e-08,https://openalex.org/W2099697766
3195,0,15,0,3,0.15838523988408335,6.198834315738375e-07,https://openalex.org/W1965315711
3201,0,15,0,6,0.16484809062300862,1.748371919277185e-05,https://openalex.org/W2099246599
3409,0,15,0,4,0.1537957025945601,2.503114695195941e-07,https://openalex.org/W2105099865
3603,0,15,0,3,0.15838523988408335,6.198834315738375e-07,https://openalex.org/W1965315711
3622,0,15,0,4,0.16505452705269566,1.7548433632309482e-05,https://openalex.org/W2129716887
57,0,11,2,47,0.1785745744024451,0.0002113427337682871,https://openalex.org/W2794438485
1664,0,11,2,1,0.14984699246636252,2.349487904781389e-06,https://openalex.org/W124394790
1665,0,11,2,1,0.14984699246636252,2.349487904781389e-06,https://openalex.org/W1425736203
1666,0,11,2,1,0.14984699246636252,2.349487904781389e-06,https://openalex.org/W1446504491
1667,0,11,2,1,0.14984699246636252,2.349487904781389e-06,https://openalex.org/W1588681995
1668,0,11,2,1,0.14984699246636252,2.349487904781389e-06,https://openalex.org/W1929782295
1669,0,11,2,1,0.14984699246636252,2.349487904781389e-06,https://openalex.org/W1975391969
1670,0,11,2,1,0.14984699246636252,2.349487904781389e-06,https://openalex.org/W1983882636
1671,0,11,2,1,0.14984699246636252,2.349487904781389e-06,https://openalex.org/W2024957938
1672,0,11,2,1,0.14984699246636252,2.349487904781389e-06,https://openalex.org/W2090509539
1673,0,11,2,1,0.14984699246636252,2.349487904781389e-06,https://openalex.org/W2092505975
1674,0,11,2,1,0.14984699246636252,2.349487904781389e-06,https://openalex.org/W2096644291
1675,0,11,2,1,0.14984699246636252,2.349487904781389e-06,https://openalex.org/W2098660853
1676,0,11,2,1,0.14984699246636252,2.349487904781389e-06,https://openalex.org/W2104719820
1677,0,11,2,1,0.14984699246636252,2.349487904781389e-06,https://openalex.org/W2109549141
1678,0,11,2,1,0.14984699246636252,2.349487904781389e-06,https://openalex.org/W2110000531
1679,0,11,2,1,0.14984699246636252,2.349487904781389e-06,https://openalex.org/W2122429912
1680,0,11,2,1,0.14984699246636252,2.349487904781389e-06,https://openalex.org/W2133707754
1681,0,11,2,1,0.14984699246636252,2.349487904781389e-06,https://openalex.org/W2157759970
1682,0,11,2,1,0.14984699246636252,2.349487904781389e-06,https://openalex.org/W2168367179
1683,0,11,2,1,0.14984699246636252,2.349487904781389e-06,https://openalex.org/W2247997571
1684,0,11,2,1,0.14984699246636252,2.349487904781389e-06,https://openalex.org/W2408784058
1685,0,11,2,1,0.14984699246636252,2.349487904781389e-06,https://openalex.org/W2410712129
1686,0,11,2,1,0.14984699246636252,2.349487904781389e-06,https://openalex.org/W2411322515
1687,0,11,2,1,0.14984699246636252,2.349487904781389e-06,https://openalex.org/W2463010065
1688,0,11,2,1,0.14984699246636252,2.349487904781389e-06,https://openalex.org/W2503715547
1689,0,11,2,1,0.14984699246636252,2.349487904781389e-06,https://openalex.org/W2916927902
1690,0,11,2,1,0.14984699246636252,2.349487904781389e-06,https://openalex.org/W3128912306
1691,0,11,2,1,0.14984699246636252,2.349487904781389e-06,https://openalex.org/W4254865371
1698,0,3,1,3,0.1415270015196149,0.0030896808659214097,https://openalex.org/W1928015332
1699,0,3,1,3,0.1415270015196149,0.0030896808659214097,https://openalex.org/W1976757785
1700,0,3,1,3,0.1415270015196149,0.0030896808659214097,https://openalex.org/W1998815908
1701,0,3,1,3,0.1415270015196149,0.0030896808659214097,https://openalex.org/W2016234800
1703,0,3,1,5,0.14245755509862248,0.0051376760851773624,https://openalex.org/W2020540054
1705,0,3,1,3,0.1415270015196149,0.0030896808659214097,https://openalex.org/W2067201767
1707,0,3,1,3,0.1415270015196149,0.0030896808659214097,https://openalex.org/W2109224543
1708,0,3,1,3,0.1415270015196149,0.0030896808659214097,https://openalex.org/W2118399667
1709,0,3,1,3,0.1415270015196149,0.0030896808659214097,https://openalex.org/W2153853097
1710,0,3,1,3,0.1415270015196149,0.0030896808659214097,https://openalex.org/W2164448990
1712,0,3,1,3,0.1415270015196149,0.0030896808659214097,https://openalex.org/W2170756663
1716,0,3,1,3,0.1415270015196149,0.0030896808659214097,https://openalex.org/W2582743722
1717,0,3,1,3,0.1415270015196149,0.0030896808659214097,https://openalex.org/W2617619553
1718,0,3,1,3,0.1415270015196149,0.0030896808659214097,https://openalex.org/W2620297369
1722,0,3,1,125,0.1614572279994341,0.09365529543755982,https://openalex.org/W2894925006
1726,0,3,1,3,0.1415270015196149,0.0030896808659214097,https://openalex.org/W4298212750
1811,0,3,1,5,0.14245755509862248,0.0051376760851773624,https://openalex.org/W2020540054
2197,0,3,1,125,0.1614572279994341,0.09365529543755982,https://openalex.org/W2894925006
2785,0,3,1,125,0.1614572279994341,0.09365529543755982,https://openalex.org/W2894925006
1728,0,10,3,2,0.08489037412352501,4.492155435157824e-17,https://openalex.org/W11089123
1729,0,10,3,2,0.08489037412352501,4.492155435157824e-17,https://openalex.org/W115394847
1730,0,10,3,2,0.08489037412352501,4.492155435157824e-17,https://openalex.org/W141677129
1731,0,10,3,2,0.08489037412352501,4.492155435157824e-17,https://openalex.org/W1483523349
1733,0,10,3,2,0.08489037412352501,4.492155435157824e-17,https://openalex.org/W1551512768
1736,0,10,3,2,0.08489037412352501,4.492155435157824e-17,https://openalex.org/W1893952289
1737,0,10,3,2,0.08489037412352501,4.492155435157824e-17,https://openalex.org/W1983981789
1738,0,10,3,2,0.08489037412352501,4.492155435157824e-17,https://openalex.org/W1987461870
1740,0,10,3,2,0.08489037412352501,4.492155435157824e-17,https://openalex.org/W1994128420
1742,0,10,3,2,0.08489037412352501,4.492155435157824e-17,https://openalex.org/W2027583338
1743,0,10,3,2,0.08489037412352501,4.492155435157824e-17,https://openalex.org/W2030441548
1745,0,10,3,2,0.08489037412352501,4.492155435157824e-17,https://openalex.org/W2060058757
1746,0,10,3,2,0.08489037412352501,4.492155435157824e-17,https://openalex.org/W2076232892
1748,0,10,3,2,0.08489037412352501,4.492155435157824e-17,https://openalex.org/W2082679122
1749,0,10,3,2,0.08489037412352501,4.492155435157824e-17,https://openalex.org/W2093521622
1750,0,10,3,2,0.08489037412352501,4.492155435157824e-17,https://openalex.org/W2096962201
1751,0,10,3,2,0.08489037412352501,4.492155435157824e-17,https://openalex.org/W2108604890
1752,0,10,3,2,0.08489037412352501,4.492155435157824e-17,https://openalex.org/W2124074613
1753,0,10,3,2,0.08489037412352501,4.492155435157824e-17,https://openalex.org/W2131442425
1755,0,10,3,2,0.08489037412352501,4.492155435157824e-17,https://openalex.org/W2141964226
1756,0,10,3,2,0.08489037412352501,4.492155435157824e-17,https://openalex.org/W2144924867
1757,0,10,3,2,0.08489037412352501,4.492155435157824e-17,https://openalex.org/W2491390765
1758,0,10,3,2,0.08489037412352501,4.492155435157824e-17,https://openalex.org/W2498526015
1760,0,10,3,2,0.08489037412352501,4.492155435157824e-17,https://openalex.org/W2602066178
1761,0,10,3,2,0.08489037412352501,4.492155435157824e-17,https://openalex.org/W2621206683
1762,0,10,3,2,0.08489037412352501,4.492155435157824e-17,https://openalex.org/W2790841064
1763,0,10,3,2,0.08489037412352501,4.492155435157824e-17,https://openalex.org/W4230437022
1764,0,10,3,2,0.08489037412352501,4.492155435157824e-17,https://openalex.org/W4240310297
1765,0,10,3,2,0.08489037412352501,4.492155435157824e-17,https://openalex.org/W4254451909
1766,0,10,3,2,0.08489037412352501,4.492155435157824e-17,https://openalex.org/W4288073924
1767,0,10,3,2,0.08489037412352501,4.492155435157824e-17,https://openalex.org/W69544125
60,0,15,0,57,0.15606443391212751,9.285075643749394e-06,https://openalex.org/W2581724875
1768,0,15,0,1,0.1336687095273574,1.032869954276977e-07,https://openalex.org/W1013112569
1769,0,15,0,1,0.1336687095273574,1.032869954276977e-07,https://openalex.org/W111516281
1770,0,15,0,1,0.1336687095273574,1.032869954276977e-07,https://openalex.org/W1485842059
1771,0,15,0,1,0.1336687095273574,1.032869954276977e-07,https://openalex.org/W1564581052
1772,0,15,0,2,0.14310201361524147,2.0556939095744453e-07,https://openalex.org/W1646365943
1773,0,15,0,1,0.1336687095273574,1.032869954276977e-07,https://openalex.org/W187056649
1775,0,15,0,1,0.1336687095273574,1.032869954276977e-07,https://openalex.org/W1964880708
1777,0,15,0,2,0.13786315149117073,1.0897598120522759e-07,https://openalex.org/W1986959305
1778,0,15,0,1,0.1336687095273574,1.032869954276977e-07,https://openalex.org/W1990166011
1779,0,15,0,1,0.1336687095273574,1.032869954276977e-07,https://openalex.org/W2009691381
1780,0,15,0,1,0.1336687095273574,1.032869954276977e-07,https://openalex.org/W2015901745
1781,0,15,0,1,0.1336687095273574,1.032869954276977e-07,https://openalex.org/W2018561502
1782,0,15,0,1,0.1336687095273574,1.032869954276977e-07,https://openalex.org/W2019398887
1783,0,15,0,1,0.1336687095273574,1.032869954276977e-07,https://openalex.org/W2038909771
1785,0,15,0,5,0.1557187166961166,1.8304788566252417e-05,https://openalex.org/W2046866325
1786,0,15,0,1,0.1336687095273574,1.032869954276977e-07,https://openalex.org/W2064712015
1787,0,15,0,1,0.1336687095273574,1.032869954276977e-07,https://openalex.org/W2065580111
1788,0,15,0,1,0.1336687095273574,1.032869954276977e-07,https://openalex.org/W2069357663
1789,0,15,0,1,0.1336687095273574,1.032869954276977e-07,https://openalex.org/W2100333721
1790,0,15,0,1,0.1336687095273574,1.032869954276977e-07,https://openalex.org/W2113237624
1791,0,15,0,1,0.1336687095273574,1.032869954276977e-07,https://openalex.org/W2122141875
1792,0,15,0,1,0.1336687095273574,1.032869954276977e-07,https://openalex.org/W2123969858
1793,0,15,0,1,0.1336687095273574,1.032869954276977e-07,https://openalex.org/W2127000934
1794,0,15,0,1,0.1336687095273574,1.032869954276977e-07,https://openalex.org/W2133526648
1795,0,15,0,1,0.1336687095273574,1.032869954276977e-07,https://openalex.org/W2143804633
1796,0,15,0,1,0.1336687095273574,1.032869954276977e-07,https://openalex.org/W2145323122
1797,0,15,0,1,0.1336687095273574,1.032869954276977e-07,https://openalex.org/W2146048262
1798,0,15,0,1,0.1336687095273574,1.032869954276977e-07,https://openalex.org/W2148370712
1799,0,15,0,1,0.1336687095273574,1.032869954276977e-07,https://openalex.org/W2257756882
1800,0,15,0,1,0.1336687095273574,1.032869954276977e-07,https://openalex.org/W2279704636
1801,0,15,0,1,0.1336687095273574,1.032869954276977e-07,https://openalex.org/W2342090359
1802,0,15,0,1,0.1336687095273574,1.032869954276977e-07,https://openalex.org/W2405193268
1803,0,15,0,1,0.1336687095273574,1.032869954276977e-07,https://openalex.org/W4388365222
1804,0,15,0,1,0.1336687095273574,1.032869954276977e-07,https://openalex.org/W61276154
2224,0,15,0,5,0.1557187166961166,1.8304788566252417e-05,https://openalex.org/W2046866325
2349,0,15,0,2,0.13786315149117073,1.0897598120522759e-07,https://openalex.org/W1986959305
2888,0,15,0,5,0.1557187166961166,1.8304788566252417e-05,https://openalex.org/W2046866325
2914,0,15,0,5,0.1557187166961166,1.8304788566252417e-05,https://openalex.org/W2046866325
3378,0,15,0,2,0.14310201361524147,2.0556939095744453e-07,https://openalex.org/W1646365943
1806,0,3,1,2,0.13917330331140448,0.0020479952192559523,https://openalex.org/W1524924475
1807,0,3,1,2,0.13917330331140448,0.0020479952192559523,https://openalex.org/W1854329019
1809,0,3,1,2,0.13917330331140448,0.0020479952192559523,https://openalex.org/W1929317958
1815,0,3,1,2,0.13917330331140448,0.0020479952192559523,https://openalex.org/W2115098571
1816,0,3,1,2,0.13917330331140448,0.0020479952192559523,https://openalex.org/W2146030787
1820,0,3,1,2,0.13917330331140448,0.0020479952192559523,https://openalex.org/W2534722177
1825,0,3,1,2,0.13917330331140448,0.0020479952192559523,https://openalex.org/W2991243600
1827,0,3,1,2,0.13917330331140448,0.0020479952192559523,https://openalex.org/W612972800
1828,0,8,1,2,0.13376480086962586,0.00010596687185912627,https://openalex.org/W1521061950
1830,0,8,1,2,0.13376480086962586,0.00010596687185912627,https://openalex.org/W2003313129
1833,0,8,1,2,0.13376480086962586,0.00010596687185912627,https://openalex.org/W2054882319
1834,0,8,1,2,0.13376480086962586,0.00010596687185912627,https://openalex.org/W2076646346
1837,0,8,1,2,0.13376480086962586,0.00010596687185912627,https://openalex.org/W2096764881
1838,0,8,1,2,0.13376480086962586,0.00010596687185912627,https://openalex.org/W2098758387
1840,0,8,1,3,0.1444877363068064,0.00018604654566037494,https://openalex.org/W2162561274
1841,0,8,1,2,0.13376480086962586,0.00010596687185912627,https://openalex.org/W2163714049
1842,0,8,1,2,0.13376480086962586,0.00010596687185912627,https://openalex.org/W2168638648
1843,0,8,1,2,0.13376480086962586,0.00010596687185912627,https://openalex.org/W2489611042
1844,0,8,1,2,0.13376480086962586,0.00010596687185912627,https://openalex.org/W2514447125
1845,0,8,1,2,0.13376480086962586,0.00010596687185912627,https://openalex.org/W2534486386
1846,0,8,1,2,0.13376480086962586,0.00010596687185912627,https://openalex.org/W2586757216
1847,0,8,1,2,0.13376480086962586,0.00010596687185912627,https://openalex.org/W2730718946
1849,0,8,1,2,0.13376480086962586,0.00010596687185912627,https://openalex.org/W2792865352
1851,0,8,1,2,0.13376480086962586,0.00010596687185912627,https://openalex.org/W3151980590
1852,0,8,1,2,0.13376480086962586,0.00010596687185912627,https://openalex.org/W565231934
3332,0,8,1,3,0.1444877363068064,0.00018604654566037494,https://openalex.org/W2162561274
63,0,14,14,123,0.16349338489585033,0.07451091833340294,https://openalex.org/W2793868721
1855,0,14,14,1,0.13908151648632222,0.000828123765140791,https://openalex.org/W1517154901
1856,0,14,14,1,0.13908151648632222,0.000828123765140791,https://openalex.org/W1574166664
1859,0,14,14,1,0.13908151648632222,0.000828123765140791,https://openalex.org/W1964151488
1860,0,14,14,1,0.13908151648632222,0.000828123765140791,https://openalex.org/W1965118268
1861,0,3,14,4,0.14999620707311453,0.0037581862266822287,https://openalex.org/W1975611478
1862,0,14,14,1,0.13908151648632222,0.000828123765140791,https://openalex.org/W1990572330
1863,0,14,14,1,0.13908151648632222,0.000828123765140791,https://openalex.org/W1991390577
1864,0,14,14,1,0.13908151648632222,0.000828123765140791,https://openalex.org/W2009430924
1866,0,14,14,1,0.13908151648632222,0.000828123765140791,https://openalex.org/W2020961339
1867,0,14,14,3,0.14095940514972205,0.0026840315402426513,https://openalex.org/W2035360716
1869,0,14,14,1,0.13908151648632222,0.000828123765140791,https://openalex.org/W2045576870
1870,0,14,14,1,0.13908151648632222,0.000828123765140791,https://openalex.org/W2047582079
1871,0,14,14,1,0.13908151648632222,0.000828123765140791,https://openalex.org/W2061903813
1872,0,14,14,1,0.13908151648632222,0.000828123765140791,https://openalex.org/W2068368131
1873,0,14,14,1,0.13908151648632222,0.000828123765140791,https://openalex.org/W2073873126
1874,0,14,14,1,0.13908151648632222,0.000828123765140791,https://openalex.org/W2074040514
1875,0,14,14,1,0.13908151648632222,0.000828123765140791,https://openalex.org/W2106217555
1876,0,14,14,1,0.13908151648632222,0.000828123765140791,https://openalex.org/W2120765246
1877,0,14,14,1,0.13908151648632222,0.000828123765140791,https://openalex.org/W2126422123
1878,0,14,14,1,0.13908151648632222,0.000828123765140791,https://openalex.org/W2129439742
1879,0,15,14,2,0.1622605801982515,0.0008794179062570927,https://openalex.org/W2136823874
1880,0,14,14,1,0.13908151648632222,0.000828123765140791,https://openalex.org/W2137725544
1882,0,14,14,1,0.13908151648632222,0.000828123765140791,https://openalex.org/W2141789817
1883,0,14,14,1,0.13908151648632222,0.000828123765140791,https://openalex.org/W2144568428
1886,0,14,14,1,0.13908151648632222,0.000828123765140791,https://openalex.org/W2182977133
1887,0,14,14,1,0.13908151648632222,0.000828123765140791,https://openalex.org/W2270819606
1888,0,15,14,2,0.1622605801982515,0.0008794179062570927,https://openalex.org/W2425091006
1889,0,14,14,1,0.13908151648632222,0.000828123765140791,https://openalex.org/W2513715513
1890,0,14,14,1,0.13908151648632222,0.000828123765140791,https://openalex.org/W2537147608
1891,0,14,14,1,0.13908151648632222,0.000828123765140791,https://openalex.org/W2543739454
1892,0,14,14,1,0.13908151648632222,0.000828123765140791,https://openalex.org/W2616452585
1893,0,14,14,1,0.13908151648632222,0.000828123765140791,https://openalex.org/W2618096841
1894,0,14,14,1,0.13908151648632222,0.000828123765140791,https://openalex.org/W2792467716
2072,0,3,14,4,0.14999620707311453,0.0037581862266822287,https://openalex.org/W1975611478
2076,0,14,14,3,0.14095940514972205,0.0026840315402426513,https://openalex.org/W2035360716
2517,0,15,14,2,0.1622605801982515,0.0008794179062570927,https://openalex.org/W2136823874
2527,0,15,14,2,0.1622605801982515,0.0008794179062570927,https://openalex.org/W2425091006
2646,0,3,14,4,0.14999620707311453,0.0037581862266822287,https://openalex.org/W1975611478
64,0,12,3,61,0.08000177063644189,2.491790367408493e-17,https://openalex.org/W2012525493
1897,0,12,3,1,0.07367407329431974,2.1914523065835202e-18,https://openalex.org/W1240377842
1898,0,12,3,1,0.07367407329431974,2.1914523065835202e-18,https://openalex.org/W138413052
1899,0,12,3,1,0.07367407329431974,2.1914523065835202e-18,https://openalex.org/W1496880959
1900,0,12,3,1,0.07367407329431974,2.1914523065835202e-18,https://openalex.org/W1519445462
1901,0,12,3,1,0.07367407329431974,2.1914523065835202e-18,https://openalex.org/W1564914554
1902,0,12,3,1,0.07367407329431974,2.1914523065835202e-18,https://openalex.org/W167564625
1903,0,12,3,1,0.07367407329431974,2.1914523065835202e-18,https://openalex.org/W1880528877
1904,0,12,3,1,0.07367407329431974,2.1914523065835202e-18,https://openalex.org/W1968032784
1905,0,12,3,1,0.07367407329431974,2.1914523065835202e-18,https://openalex.org/W1971202550
1906,0,12,3,1,0.07367407329431974,2.1914523065835202e-18,https://openalex.org/W1980050159
1907,0,12,3,1,0.07367407329431974,2.1914523065835202e-18,https://openalex.org/W1992243818
1908,0,12,3,1,0.07367407329431974,2.1914523065835202e-18,https://openalex.org/W2013083420
1909,0,12,3,2,0.07407085681086763,5.122957071538708e-18,https://openalex.org/W2018691396
1910,0,12,3,1,0.07367407329431974,2.1914523065835202e-18,https://openalex.org/W2040058174
1911,0,12,3,1,0.07367407329431974,2.1914523065835202e-18,https://openalex.org/W2040648645
1912,0,12,3,1,0.07367407329431974,2.1914523065835202e-18,https://openalex.org/W2041285360
1914,0,12,3,1,0.07367407329431974,2.1914523065835202e-18,https://openalex.org/W2043882280
1915,0,12,3,1,0.07367407329431974,2.1914523065835202e-18,https://openalex.org/W2051773947
1916,0,12,3,1,0.07367407329431974,2.1914523065835202e-18,https://openalex.org/W2056880888
1917,0,12,3,1,0.07367407329431974,2.1914523065835202e-18,https://openalex.org/W2066797450
1918,0,12,3,1,0.07367407329431974,2.1914523065835202e-18,https://openalex.org/W2072813517
1919,0,12,3,1,0.07367407329431974,2.1914523065835202e-18,https://openalex.org/W2084207006
1920,0,12,3,1,0.07367407329431974,2.1914523065835202e-18,https://openalex.org/W2095337600
1921,0,12,3,2,0.07407085681086763,5.122957071538708e-18,https://openalex.org/W2103129510
1922,0,12,3,2,0.07407085681086763,5.122957071538708e-18,https://openalex.org/W2106976007
1923,0,12,3,1,0.07367407329431974,2.1914523065835202e-18,https://openalex.org/W2115736634
1925,0,12,3,1,0.07367407329431974,2.1914523065835202e-18,https://openalex.org/W2122621931
1926,0,12,3,1,0.07367407329431974,2.1914523065835202e-18,https://openalex.org/W2141858806
1927,0,12,3,1,0.07367407329431974,2.1914523065835202e-18,https://openalex.org/W2145359668
1928,0,12,3,2,0.07407085681086763,5.122957071538708e-18,https://openalex.org/W2147740030
1929,0,12,3,1,0.07367407329431974,2.1914523065835202e-18,https://openalex.org/W2149617571
1930,0,12,3,1,0.07367407329431974,2.1914523065835202e-18,https://openalex.org/W2151566277
1933,0,12,3,1,0.07367407329431974,2.1914523065835202e-18,https://openalex.org/W2169244873
1934,0,12,3,1,0.07367407329431974,2.1914523065835202e-18,https://openalex.org/W2170280233
1935,0,12,3,1,0.07367407329431974,2.1914523065835202e-18,https://openalex.org/W2170660620
1936,0,12,3,1,0.07367407329431974,2.1914523065835202e-18,https://openalex.org/W2212977723
1937,0,12,3,1,0.07367407329431974,2.1914523065835202e-18,https://openalex.org/W2241267575
1938,0,12,3,44,0.08677191087546049,7.914195624839675e-17,https://openalex.org/W2271312795
1939,0,12,3,1,0.07367407329431974,2.1914523065835202e-18,https://openalex.org/W2297601929
1940,0,12,3,1,0.07367407329431974,2.1914523065835202e-18,https://openalex.org/W2320856784
1941,0,12,3,1,0.07367407329431974,2.1914523065835202e-18,https://openalex.org/W2333057202
1942,0,12,3,1,0.07367407329431974,2.1914523065835202e-18,https://openalex.org/W2795598039
1943,0,12,3,1,0.07367407329431974,2.1914523065835202e-18,https://openalex.org/W316013760
1944,0,12,3,1,0.07367407329431974,2.1914523065835202e-18,https://openalex.org/W3205683051
1945,0,12,3,1,0.07367407329431974,2.1914523065835202e-18,https://openalex.org/W4210642391
1946,0,12,3,1,0.07367407329431974,2.1914523065835202e-18,https://openalex.org/W4361835045
1947,0,12,3,1,0.07367407329431974,2.1914523065835202e-18,https://openalex.org/W625407654
2554,0,12,3,2,0.07407085681086763,5.122957071538708e-18,https://openalex.org/W2018691396
2573,0,12,3,2,0.07407085681086763,5.122957071538708e-18,https://openalex.org/W2103129510
2574,0,12,3,2,0.07407085681086763,5.122957071538708e-18,https://openalex.org/W2106976007
2578,0,12,3,2,0.07407085681086763,5.122957071538708e-18,https://openalex.org/W2147740030
65,0,15,0,45,0.16282853816672221,9.38148682823044e-05,https://openalex.org/W2588450759
1948,0,15,0,1,0.13860009687442107,1.0429592751653603e-06,https://openalex.org/W107036022
1949,0,15,0,1,0.13860009687442107,1.0429592751653603e-06,https://openalex.org/W1487332245
1950,0,15,0,1,0.13860009687442107,1.0429592751653603e-06,https://openalex.org/W1544438452
1952,0,15,0,1,0.13860009687442107,1.0429592751653603e-06,https://openalex.org/W1964396530
1953,0,15,0,1,0.13860009687442107,1.0429592751653603e-06,https://openalex.org/W2014859708
1954,0,15,0,2,0.15122962236290638,1.462480796994503e-06,https://openalex.org/W2024579578
1955,0,15,0,1,0.13860009687442107,1.0429592751653603e-06,https://openalex.org/W2030937763
1956,0,15,0,1,0.13860009687442107,1.0429592751653603e-06,https://openalex.org/W2063932013
1957,0,15,0,1,0.13860009687442107,1.0429592751653603e-06,https://openalex.org/W2078341192
1958,0,15,0,1,0.13860009687442107,1.0429592751653603e-06,https://openalex.org/W2086479089
1959,0,15,0,1,0.13860009687442107,1.0429592751653603e-06,https://openalex.org/W2095796416
1960,0,15,0,1,0.13860009687442107,1.0429592751653603e-06,https://openalex.org/W2102102566
1961,0,15,0,1,0.13860009687442107,1.0429592751653603e-06,https://openalex.org/W2106147306
1962,0,15,0,1,0.13860009687442107,1.0429592751653603e-06,https://openalex.org/W2141145096
1964,0,15,0,4,0.17176748539123113,6.944214040705448e-05,https://openalex.org/W2141918103
1965,0,15,0,1,0.13860009687442107,1.0429592751653603e-06,https://openalex.org/W2156905108
1966,0,15,0,1,0.13860009687442107,1.0429592751653603e-06,https://openalex.org/W2159950823
1967,0,15,0,1,0.13860009687442107,1.0429592751653603e-06,https://openalex.org/W2160461585
1968,0,15,0,1,0.13860009687442107,1.0429592751653603e-06,https://openalex.org/W2165531576
1969,0,15,0,1,0.13860009687442107,1.0429592751653603e-06,https://openalex.org/W2183630261
1970,0,15,0,1,0.13860009687442107,1.0429592751653603e-06,https://openalex.org/W2296469970
1971,0,15,0,1,0.13860009687442107,1.0429592751653603e-06,https://openalex.org/W2409062777
1972,0,15,0,1,0.13860009687442107,1.0429592751653603e-06,https://openalex.org/W2410351929
2238,0,15,0,4,0.17176748539123113,6.944214040705448e-05,https://openalex.org/W2141918103
2520,0,15,0,4,0.17176748539123113,6.944214040705448e-05,https://openalex.org/W2141918103
3608,0,15,0,2,0.15122962236290638,1.462480796994503e-06,https://openalex.org/W2024579578
1977,0,1,5,2,0.11627959163964535,2.211502458808831e-08,https://openalex.org/W1968184192
1979,0,1,5,2,0.11627959163964535,2.211502458808831e-08,https://openalex.org/W1982331055
1981,0,1,5,2,0.11627959163964535,2.211502458808831e-08,https://openalex.org/W1999378012
1982,0,1,5,2,0.11627959163964535,2.211502458808831e-08,https://openalex.org/W2007909468
1984,0,1,5,2,0.11627959163964535,2.211502458808831e-08,https://openalex.org/W2026889509
1988,0,1,5,2,0.11627959163964535,2.211502458808831e-08,https://openalex.org/W2054942922
1992,0,1,5,2,0.11627959163964535,2.211502458808831e-08,https://openalex.org/W2099358297
1995,0,1,5,2,0.11627959163964535,2.211502458808831e-08,https://openalex.org/W2109437022
1998,0,1,5,2,0.11627959163964535,2.211502458808831e-08,https://openalex.org/W2137189412
2000,0,1,5,2,0.11627959163964535,2.211502458808831e-08,https://openalex.org/W2143299550
2001,0,1,5,2,0.11627959163964535,2.211502458808831e-08,https://openalex.org/W2148398261
2003,0,1,5,2,0.11627959163964535,2.211502458808831e-08,https://openalex.org/W2167642276
2004,0,1,5,2,0.11627959163964535,2.211502458808831e-08,https://openalex.org/W2258892815
2009,0,1,5,2,0.11627959163964535,2.211502458808831e-08,https://openalex.org/W4229662400
2010,0,1,5,2,0.11627959163964535,2.211502458808831e-08,https://openalex.org/W4230604384
67,0,11,2,64,0.16023047365843948,0.00012115774620701715,https://openalex.org/W2737442553
2012,0,11,2,1,0.1367131995403627,1.3469068952482108e-06,https://openalex.org/W100508310
2013,0,11,2,1,0.1367131995403627,1.3469068952482108e-06,https://openalex.org/W109564690
2014,0,11,2,1,0.1367131995403627,1.3469068952482108e-06,https://openalex.org/W1509816124
2015,0,11,2,1,0.1367131995403627,1.3469068952482108e-06,https://openalex.org/W1557942461
2016,0,11,2,1,0.1367131995403627,1.3469068952482108e-06,https://openalex.org/W1578519321
2017,0,11,2,1,0.1367131995403627,1.3469068952482108e-06,https://openalex.org/W1606510071
2018,0,11,2,1,0.1367131995403627,1.3469068952482108e-06,https://openalex.org/W1924072852
2019,0,11,2,1,0.1367131995403627,1.3469068952482108e-06,https://openalex.org/W1958019198
2020,0,11,2,1,0.1367131995403627,1.3469068952482108e-06,https://openalex.org/W1966078077
2021,0,11,2,1,0.1367131995403627,1.3469068952482108e-06,https://openalex.org/W1967316218
2022,0,11,2,1,0.1367131995403627,1.3469068952482108e-06,https://openalex.org/W1975974781
2023,0,11,2,1,0.1367131995403627,1.3469068952482108e-06,https://openalex.org/W1977137264
2024,0,11,2,1,0.1367131995403627,1.3469068952482108e-06,https://openalex.org/W1978145641
2025,0,11,2,1,0.1367131995403627,1.3469068952482108e-06,https://openalex.org/W1988575091
2026,0,11,2,1,0.1367131995403627,1.3469068952482108e-06,https://openalex.org/W1996642497
2027,0,11,2,1,0.1367131995403627,1.3469068952482108e-06,https://openalex.org/W1999426151
2028,0,11,2,1,0.1367131995403627,1.3469068952482108e-06,https://openalex.org/W2010833699
2029,0,11,2,1,0.1367131995403627,1.3469068952482108e-06,https://openalex.org/W2016301684
2031,0,11,2,1,0.1367131995403627,1.3469068952482108e-06,https://openalex.org/W2044630570
2032,0,0,2,2,0.14015374439366027,1.3485903174752687e-06,https://openalex.org/W2044783854
2033,0,11,2,1,0.1367131995403627,1.3469068952482108e-06,https://openalex.org/W2054444148
2034,0,11,2,1,0.1367131995403627,1.3469068952482108e-06,https://openalex.org/W2063654475
2035,0,11,2,1,0.1367131995403627,1.3469068952482108e-06,https://openalex.org/W2064486164
2036,0,11,2,1,0.1367131995403627,1.3469068952482108e-06,https://openalex.org/W2068674304
2037,0,11,2,1,0.1367131995403627,1.3469068952482108e-06,https://openalex.org/W2069907705
2038,0,11,2,1,0.1367131995403627,1.3469068952482108e-06,https://openalex.org/W2090880637
2039,0,11,2,1,0.1367131995403627,1.3469068952482108e-06,https://openalex.org/W2108836181
2040,0,11,2,1,0.1367131995403627,1.3469068952482108e-06,https://openalex.org/W2113045821
2041,0,11,2,1,0.1367131995403627,1.3469068952482108e-06,https://openalex.org/W2117751082
2042,0,11,2,1,0.1367131995403627,1.3469068952482108e-06,https://openalex.org/W2153017968
2043,0,11,2,1,0.1367131995403627,1.3469068952482108e-06,https://openalex.org/W2160946296
2044,0,11,2,1,0.1367131995403627,1.3469068952482108e-06,https://openalex.org/W2163433165
2045,0,11,2,1,0.1367131995403627,1.3469068952482108e-06,https://openalex.org/W2168139411
2046,0,11,2,1,0.1367131995403627,1.3469068952482108e-06,https://openalex.org/W2174926588
2047,0,11,2,1,0.1367131995403627,1.3469068952482108e-06,https://openalex.org/W2201800076
2048,0,11,2,1,0.1367131995403627,1.3469068952482108e-06,https://openalex.org/W2409068341
2049,0,11,2,1,0.1367131995403627,1.3469068952482108e-06,https://openalex.org/W2724552429
2050,0,11,2,1,0.1367131995403627,1.3469068952482108e-06,https://openalex.org/W2798131886
2051,0,11,2,1,0.1367131995403627,1.3469068952482108e-06,https://openalex.org/W2798578048
2052,0,11,2,1,0.1367131995403627,1.3469068952482108e-06,https://openalex.org/W286222163
2053,0,11,2,1,0.1367131995403627,1.3469068952482108e-06,https://openalex.org/W2904876939
2054,0,11,2,1,0.1367131995403627,1.3469068952482108e-06,https://openalex.org/W2978805936
2055,0,11,2,1,0.1367131995403627,1.3469068952482108e-06,https://openalex.org/W3021738595
2056,0,11,2,1,0.1367131995403627,1.3469068952482108e-06,https://openalex.org/W411150162
2057,0,11,2,1,0.1367131995403627,1.3469068952482108e-06,https://openalex.org/W4242514780
2058,0,11,2,1,0.1367131995403627,1.3469068952482108e-06,https://openalex.org/W4249267781
2060,0,11,2,1,0.1367131995403627,1.3469068952482108e-06,https://openalex.org/W4297403259
2061,0,11,2,1,0.1367131995403627,1.3469068952482108e-06,https://openalex.org/W4299602173
3471,0,0,2,2,0.14015374439366027,1.3485903174752687e-06,https://openalex.org/W2044783854
2066,0,3,1,2,0.13789320012924638,0.001855907775101861,https://openalex.org/W163198594
2067,0,3,1,2,0.13789320012924638,0.001855907775101861,https://openalex.org/W1814705806
2068,0,3,1,2,0.13789320012924638,0.001855907775101861,https://openalex.org/W185922769
2070,0,3,1,2,0.13789320012924638,0.001855907775101861,https://openalex.org/W1968150760
2071,0,3,1,2,0.13789320012924638,0.001855907775101861,https://openalex.org/W1975013230
2073,0,3,1,2,0.13789320012924638,0.001855907775101861,https://openalex.org/W1977900726
2074,0,3,1,2,0.13789320012924638,0.001855907775101861,https://openalex.org/W2002120939
2078,0,3,1,2,0.13789320012924638,0.001855907775101861,https://openalex.org/W2077730026
2079,0,3,1,2,0.13789320012924638,0.001855907775101861,https://openalex.org/W2081280762
2080,0,3,1,2,0.13789320012924638,0.001855907775101861,https://openalex.org/W2101758572
2082,0,3,1,2,0.13789320012924638,0.001855907775101861,https://openalex.org/W2110689096
2083,0,3,1,2,0.13789320012924638,0.001855907775101861,https://openalex.org/W2130703736
2085,0,3,1,3,0.14800308852126107,0.002930062461541438,https://openalex.org/W2149145410
2086,0,3,1,2,0.13789320012924638,0.001855907775101861,https://openalex.org/W2155883884
2087,0,3,1,2,0.13789320012924638,0.001855907775101861,https://openalex.org/W2160817100
2090,0,3,1,2,0.13789320012924638,0.001855907775101861,https://openalex.org/W2177208509
2092,0,3,1,2,0.13789320012924638,0.001855907775101861,https://openalex.org/W2280631126
2095,0,3,1,2,0.13789320012924638,0.001855907775101861,https://openalex.org/W2412287301
2097,0,3,1,2,0.13789320012924638,0.001855907775101861,https://openalex.org/W2521245317
2098,0,3,1,2,0.13789320012924638,0.001855907775101861,https://openalex.org/W2526123561
2099,0,3,1,2,0.13789320012924638,0.001855907775101861,https://openalex.org/W2592846604
2100,0,3,1,2,0.13789320012924638,0.001855907775101861,https://openalex.org/W2790581896
2101,0,3,1,2,0.13789320012924638,0.001855907775101861,https://openalex.org/W3023215924
2102,0,3,1,2,0.13789320012924638,0.001855907775101861,https://openalex.org/W4252701706
2103,0,3,1,2,0.13789320012924638,0.001855907775101861,https://openalex.org/W4300256699
2657,0,3,1,3,0.14800308852126107,0.002930062461541438,https://openalex.org/W2149145410
69,4,13,15,39,0.01069078947368421,3.9509633333016396e-21,https://openalex.org/W2462681362
2105,4,13,15,1,0.005414815447710184,6.3539934946710475e-22,https://openalex.org/W1496889640
2106,4,13,15,1,0.005414815447710184,6.3539934946710475e-22,https://openalex.org/W1542246834
2107,4,13,15,1,0.005414815447710184,6.3539934946710475e-22,https://openalex.org/W1553328975
2108,4,13,15,1,0.005414815447710184,6.3539934946710475e-22,https://openalex.org/W1576459562
2109,4,13,15,1,0.005414815447710184,6.3539934946710475e-22,https://openalex.org/W1583823774
2110,4,13,15,1,0.005414815447710184,6.3539934946710475e-22,https://openalex.org/W1773070889
2111,4,13,15,1,0.005414815447710184,6.3539934946710475e-22,https://openalex.org/W1806338468
2112,4,13,15,1,0.005414815447710184,6.3539934946710475e-22,https://openalex.org/W1823592146
2113,4,13,15,1,0.005414815447710184,6.3539934946710475e-22,https://openalex.org/W1939982711
2114,4,13,15,1,0.005414815447710184,6.3539934946710475e-22,https://openalex.org/W1977937149
2115,4,13,15,1,0.005414815447710184,6.3539934946710475e-22,https://openalex.org/W1989803082
2116,4,13,15,1,0.005414815447710184,6.3539934946710475e-22,https://openalex.org/W1991768983
2117,4,13,15,1,0.005414815447710184,6.3539934946710475e-22,https://openalex.org/W2000085637
2118,4,13,15,1,0.005414815447710184,6.3539934946710475e-22,https://openalex.org/W2003534587
2119,4,13,15,1,0.005414815447710184,6.3539934946710475e-22,https://openalex.org/W2008677738
2120,4,13,15,1,0.005414815447710184,6.3539934946710475e-22,https://openalex.org/W2014909647
2121,4,13,15,1,0.005414815447710184,6.3539934946710475e-22,https://openalex.org/W2015903043
2122,4,13,15,1,0.005414815447710184,6.3539934946710475e-22,https://openalex.org/W2017058447
2123,4,13,15,1,0.005414815447710184,6.3539934946710475e-22,https://openalex.org/W2036199413
2124,4,13,15,1,0.005414815447710184,6.3539934946710475e-22,https://openalex.org/W2046251419
2125,4,13,15,1,0.005414815447710184,6.3539934946710475e-22,https://openalex.org/W2056641889
2126,4,13,15,1,0.005414815447710184,6.3539934946710475e-22,https://openalex.org/W2057378184
2127,4,13,15,1,0.005414815447710184,6.3539934946710475e-22,https://openalex.org/W2059882882
2128,4,13,15,1,0.005414815447710184,6.3539934946710475e-22,https://openalex.org/W2064184828
2129,4,13,15,1,0.005414815447710184,6.3539934946710475e-22,https://openalex.org/W2075106921
2130,4,13,15,1,0.005414815447710184,6.3539934946710475e-22,https://openalex.org/W2084060229
2131,4,13,15,1,0.005414815447710184,6.3539934946710475e-22,https://openalex.org/W2091524645
2132,4,13,15,1,0.005414815447710184,6.3539934946710475e-22,https://openalex.org/W2094976358
2133,4,13,15,1,0.005414815447710184,6.3539934946710475e-22,https://openalex.org/W2096406558
2134,4,13,15,1,0.005414815447710184,6.3539934946710475e-22,https://openalex.org/W2103575833
2135,4,13,15,1,0.005414815447710184,6.3539934946710475e-22,https://openalex.org/W2107527727
2136,4,13,15,1,0.005414815447710184,6.3539934946710475e-22,https://openalex.org/W2111990326
2137,4,13,15,1,0.005414815447710184,6.3539934946710475e-22,https://openalex.org/W2136494473
2138,4,13,15,1,0.005414815447710184,6.3539934946710475e-22,https://openalex.org/W2149161094
2139,4,13,15,1,0.005414815447710184,6.3539934946710475e-22,https://openalex.org/W2165540832
2140,4,13,15,1,0.005414815447710184,6.3539934946710475e-22,https://openalex.org/W2168689543
2141,4,13,15,1,0.005414815447710184,6.3539934946710475e-22,https://openalex.org/W2943871611
2142,4,13,15,1,0.005414815447710184,6.3539934946710475e-22,https://openalex.org/W4246775275
2143,4,13,15,1,0.005414815447710184,6.3539934946710475e-22,https://openalex.org/W602886267
70,0,15,0,50,0.1669624200868211,1.0097443102767716e-05,https://openalex.org/W2800995841
2144,0,15,0,1,0.14158401266515588,1.1232452068855377e-07,https://openalex.org/W1420517538
2145,0,15,0,1,0.14158401266515588,1.1232452068855377e-07,https://openalex.org/W1966907333
2146,0,15,0,1,0.14158401266515588,1.1232452068855377e-07,https://openalex.org/W1971585854
2147,0,15,0,1,0.14158401266515588,1.1232452068855377e-07,https://openalex.org/W1989001315
2148,0,15,0,1,0.14158401266515588,1.1232452068855377e-07,https://openalex.org/W2011761219
2152,0,15,0,1,0.14158401266515588,1.1232452068855377e-07,https://openalex.org/W2067758597
2154,0,15,0,1,0.14158401266515588,1.1232452068855377e-07,https://openalex.org/W2078123421
2155,0,15,0,4,0.15569572333341106,1.7351636283048145e-05,https://openalex.org/W2094954772
2158,0,15,0,1,0.14158401266515588,1.1232452068855377e-07,https://openalex.org/W2144497181
2160,0,15,0,1,0.14158401266515588,1.1232452068855377e-07,https://openalex.org/W2154628602
2161,0,15,0,1,0.14158401266515588,1.1232452068855377e-07,https://openalex.org/W2408922978
2162,0,15,0,1,0.14158401266515588,1.1232452068855377e-07,https://openalex.org/W2462737623
2163,0,15,0,1,0.14158401266515588,1.1232452068855377e-07,https://openalex.org/W2498119267
2164,0,15,0,1,0.14158401266515588,1.1232452068855377e-07,https://openalex.org/W250794236
2165,0,15,0,1,0.14158401266515588,1.1232452068855377e-07,https://openalex.org/W2521288430
2166,0,15,0,2,0.1434329378328155,1.1801350646608367e-07,https://openalex.org/W2641112480
2167,0,15,0,1,0.14158401266515588,1.1232452068855377e-07,https://openalex.org/W3022391957
2229,0,15,0,4,0.15569572333341106,1.7351636283048145e-05,https://openalex.org/W2094954772
2372,0,15,0,2,0.1434329378328155,1.1801350646608367e-07,https://openalex.org/W2641112480
3047,0,15,0,4,0.15569572333341106,1.7351636283048145e-05,https://openalex.org/W2094954772
2172,0,3,1,7,0.1504170238214414,0.009256015848273177,https://openalex.org/W2030868199
2173,0,3,1,7,0.1504170238214414,0.009256015848273177,https://openalex.org/W2037605913
2177,0,3,1,7,0.1504170238214414,0.009256015848273177,https://openalex.org/W2106924065
2180,0,3,1,7,0.1504170238214414,0.009256015848273177,https://openalex.org/W2144891055
2185,0,3,1,7,0.1504170238214414,0.009256015848273177,https://openalex.org/W2187956400
2186,0,11,2,110,0.1931178272872352,0.02342517365303673,https://openalex.org/W2291543154
2188,0,3,1,7,0.1504170238214414,0.009256015848273177,https://openalex.org/W2428704150
2190,0,3,1,7,0.1504170238214414,0.009256015848273177,https://openalex.org/W2490857485
2192,0,3,1,7,0.1504170238214414,0.009256015848273177,https://openalex.org/W2581049223
2195,0,3,1,7,0.1504170238214414,0.009256015848273177,https://openalex.org/W2622140847
2202,0,3,1,7,0.1504170238214414,0.009256015848273177,https://openalex.org/W89821017
2660,0,11,2,110,0.1931178272872352,0.02342517365303673,https://openalex.org/W2291543154
72,0,15,0,105,0.183367341659319,0.0007692402949683225,https://openalex.org/W2725011375
2205,0,15,0,2,0.15322208820367705,1.7105040015587377e-05,https://openalex.org/W1493773294
2206,0,15,0,2,0.15322208820367705,1.7105040015587377e-05,https://openalex.org/W1506694424
2207,0,15,0,3,0.1538330988165595,1.7110729001364907e-05,https://openalex.org/W1577682341
2208,0,15,0,2,0.15322208820367705,1.7105040015587377e-05,https://openalex.org/W1657562951
2209,0,15,0,2,0.15322208820367705,1.7105040015587377e-05,https://openalex.org/W1977000593
2211,0,15,0,2,0.15322208820367705,1.7105040015587377e-05,https://openalex.org/W1986092457
2212,0,15,0,2,0.15322208820367705,1.7105040015587377e-05,https://openalex.org/W1987445308
2214,0,15,0,2,0.15322208820367705,1.7105040015587377e-05,https://openalex.org/W2007402616
2215,0,15,0,2,0.15322208820367705,1.7105040015587377e-05,https://openalex.org/W2012161785
2216,0,15,0,2,0.15322208820367705,1.7105040015587377e-05,https://openalex.org/W2022346271
2217,0,15,0,2,0.15322208820367705,1.7105040015587377e-05,https://openalex.org/W2025474519
2218,0,15,0,2,0.15322208820367705,1.7105040015587377e-05,https://openalex.org/W2035151633
2219,0,15,0,2,0.15322208820367705,1.7105040015587377e-05,https://openalex.org/W2037639363
2220,0,15,0,2,0.15322208820367705,1.7105040015587377e-05,https://openalex.org/W2040020326
2222,0,15,0,2,0.15322208820367705,1.7105040015587377e-05,https://openalex.org/W2043391154
2225,0,15,0,3,0.1549179690956909,1.7207322411117125e-05,https://openalex.org/W2063307665
2226,0,15,0,2,0.15322208820367705,1.7105040015587377e-05,https://openalex.org/W2073794479
2227,0,15,0,2,0.15322208820367705,1.7105040015587377e-05,https://openalex.org/W2074339253
2228,0,15,0,2,0.15322208820367705,1.7105040015587377e-05,https://openalex.org/W2089466082
2231,0,15,0,2,0.15322208820367705,1.7105040015587377e-05,https://openalex.org/W2102989444
2233,0,15,0,3,0.15507745911191845,1.7281529830439114e-05,https://openalex.org/W2122488227
2235,0,15,0,2,0.15322208820367705,1.7105040015587377e-05,https://openalex.org/W2132542075
2236,0,15,0,2,0.15322208820367705,1.7105040015587377e-05,https://openalex.org/W2139839572
2239,0,15,0,2,0.15322208820367705,1.7105040015587377e-05,https://openalex.org/W2143628862
2240,0,15,0,2,0.15322208820367705,1.7105040015587377e-05,https://openalex.org/W2144562055
2241,0,15,0,2,0.15322208820367705,1.7105040015587377e-05,https://openalex.org/W2155547356
2242,0,15,0,2,0.15322208820367705,1.7105040015587377e-05,https://openalex.org/W2163318033
2243,0,15,0,3,0.15507745911191845,1.7281529830439114e-05,https://openalex.org/W2165140579
2244,0,15,0,2,0.15322208820367705,1.7105040015587377e-05,https://openalex.org/W2171443751
2246,0,15,0,2,0.15322208820367705,1.7105040015587377e-05,https://openalex.org/W2260141890
2247,0,15,0,2,0.15322208820367705,1.7105040015587377e-05,https://openalex.org/W2281004844
2248,0,15,0,2,0.15322208820367705,1.7105040015587377e-05,https://openalex.org/W2605010358
2250,0,15,0,2,0.15322208820367705,1.7105040015587377e-05,https://openalex.org/W4249818656
2251,0,15,0,2,0.15322208820367705,1.7105040015587377e-05,https://openalex.org/W46967766
2344,0,15,0,3,0.1538330988165595,1.7110729001364907e-05,https://openalex.org/W1577682341
3205,0,15,0,3,0.15507745911191845,1.7281529830439114e-05,https://openalex.org/W2122488227
3213,0,15,0,3,0.15507745911191845,1.7281529830439114e-05,https://openalex.org/W2165140579
3400,0,15,0,3,0.1549179690956909,1.7207322411117125e-05,https://openalex.org/W2063307665
2259,0,3,1,3,0.13871557669553203,0.0030709218503136636,https://openalex.org/W1972588404
2260,0,3,1,3,0.13871557669553203,0.0030709218503136636,https://openalex.org/W1987386508
2261,0,3,1,3,0.13871557669553203,0.0030709218503136636,https://openalex.org/W2012552029
2266,0,3,1,3,0.13871557669553203,0.0030709218503136636,https://openalex.org/W2062121040
2267,0,3,1,3,0.13871557669553203,0.0030709218503136636,https://openalex.org/W2078876512
2268,0,3,1,3,0.13871557669553203,0.0030709218503136636,https://openalex.org/W2084804673
2269,0,3,1,3,0.13871557669553203,0.0030709218503136636,https://openalex.org/W2123993803
2271,0,3,1,3,0.13871557669553203,0.0030709218503136636,https://openalex.org/W2143426475
2272,0,3,1,6,0.15419303002509932,0.005160708783523602,https://openalex.org/W2145702257
2273,0,3,1,3,0.13871557669553203,0.0030709218503136636,https://openalex.org/W2150555728
2276,0,3,1,3,0.13871557669553203,0.0030709218503136636,https://openalex.org/W2224527430
2280,0,3,1,3,0.13871557669553203,0.0030709218503136636,https://openalex.org/W2510817846
2656,0,3,1,6,0.15419303002509932,0.005160708783523602,https://openalex.org/W2145702257
2763,0,3,1,6,0.15419303002509932,0.005160708783523602,https://openalex.org/W2145702257
3436,0,3,1,6,0.15419303002509932,0.005160708783523602,https://openalex.org/W2145702257
74,0,2,4,65,0.10539315022872367,8.113436671221915e-10,https://openalex.org/W3110689777
2284,0,2,4,1,0.09468033555716589,9.037427888138578e-12,https://openalex.org/W131489487
2285,0,2,4,1,0.09468033555716589,9.037427888138578e-12,https://openalex.org/W1601994579
2286,0,2,4,1,0.09468033555716589,9.037427888138578e-12,https://openalex.org/W1723718611
2287,0,2,4,1,0.09468033555716589,9.037427888138578e-12,https://openalex.org/W1858292025
2288,0,0,4,2,0.11292956377726295,1.6924596549457766e-09,https://openalex.org/W1966718713
2289,0,2,4,1,0.09468033555716589,9.037427888138578e-12,https://openalex.org/W1971224299
2290,0,2,4,1,0.09468033555716589,9.037427888138578e-12,https://openalex.org/W1990782909
2291,0,2,4,1,0.09468033555716589,9.037427888138578e-12,https://openalex.org/W1992046934
2292,0,2,4,1,0.09468033555716589,9.037427888138578e-12,https://openalex.org/W2044100052
2293,0,2,4,1,0.09468033555716589,9.037427888138578e-12,https://openalex.org/W2052618085
2294,0,2,4,1,0.09468033555716589,9.037427888138578e-12,https://openalex.org/W2082124763
2295,0,2,4,1,0.09468033555716589,9.037427888138578e-12,https://openalex.org/W2111764383
2296,0,2,4,1,0.09468033555716589,9.037427888138578e-12,https://openalex.org/W2138353682
2297,0,2,4,1,0.09468033555716589,9.037427888138578e-12,https://openalex.org/W2167631493
2298,0,2,4,1,0.09468033555716589,9.037427888138578e-12,https://openalex.org/W2212039962
2299,0,2,4,1,0.09468033555716589,9.037427888138578e-12,https://openalex.org/W2270573739
2300,0,2,4,1,0.09468033555716589,9.037427888138578e-12,https://openalex.org/W2287000815
2301,0,2,4,1,0.09468033555716589,9.037427888138578e-12,https://openalex.org/W2291822534
2302,0,2,4,1,0.09468033555716589,9.037427888138578e-12,https://openalex.org/W2521969216
2303,0,2,4,1,0.09468033555716589,9.037427888138578e-12,https://openalex.org/W2600607963
2304,0,2,4,1,0.09468033555716589,9.037427888138578e-12,https://openalex.org/W2616846565
2305,0,2,4,1,0.09468033555716589,9.037427888138578e-12,https://openalex.org/W2760062370
2306,0,2,4,1,0.09468033555716589,9.037427888138578e-12,https://openalex.org/W2761597723
2307,0,2,4,1,0.09468033555716589,9.037427888138578e-12,https://openalex.org/W2764072425
2308,0,2,4,1,0.09468033555716589,9.037427888138578e-12,https://openalex.org/W2766791475
2309,0,2,4,1,0.09468033555716589,9.037427888138578e-12,https://openalex.org/W2792183666
2310,0,2,4,1,0.09468033555716589,9.037427888138578e-12,https://openalex.org/W2795852989
2311,0,2,4,1,0.09468033555716589,9.037427888138578e-12,https://openalex.org/W2809428257
2312,0,2,4,1,0.09468033555716589,9.037427888138578e-12,https://openalex.org/W2889618019
2313,0,2,4,1,0.09468033555716589,9.037427888138578e-12,https://openalex.org/W2889660953
2314,0,2,4,1,0.09468033555716589,9.037427888138578e-12,https://openalex.org/W2897702578
2315,0,2,4,1,0.09468033555716589,9.037427888138578e-12,https://openalex.org/W2898970033
2316,0,2,4,1,0.09468033555716589,9.037427888138578e-12,https://openalex.org/W2915693981
2317,0,2,4,1,0.09468033555716589,9.037427888138578e-12,https://openalex.org/W2936429810
2318,0,2,4,1,0.09468033555716589,9.037427888138578e-12,https://openalex.org/W2944318114
2319,0,2,4,1,0.09468033555716589,9.037427888138578e-12,https://openalex.org/W2946970484
2320,0,2,4,1,0.09468033555716589,9.037427888138578e-12,https://openalex.org/W2947921523
2322,0,2,4,1,0.09468033555716589,9.037427888138578e-12,https://openalex.org/W2954902623
2323,0,2,4,1,0.09468033555716589,9.037427888138578e-12,https://openalex.org/W2963286498
2324,0,2,4,1,0.09468033555716589,9.037427888138578e-12,https://openalex.org/W2982359627
2325,0,2,4,1,0.09468033555716589,9.037427888138578e-12,https://openalex.org/W2997732765
2326,0,2,4,1,0.09468033555716589,9.037427888138578e-12,https://openalex.org/W2999199799
2327,0,2,4,1,0.09468033555716589,9.037427888138578e-12,https://openalex.org/W3011386933
2328,0,2,4,1,0.09468033555716589,9.037427888138578e-12,https://openalex.org/W3022607203
2329,0,2,4,1,0.09468033555716589,9.037427888138578e-12,https://openalex.org/W3042555416
2330,0,2,4,1,0.09468033555716589,9.037427888138578e-12,https://openalex.org/W3125366325
2331,0,2,4,1,0.09468033555716589,9.037427888138578e-12,https://openalex.org/W3166528191
2332,0,2,4,1,0.09468033555716589,9.037427888138578e-12,https://openalex.org/W338282105
2333,0,2,4,1,0.09468033555716589,9.037427888138578e-12,https://openalex.org/W4205928120
2336,0,2,4,1,0.09468033555716589,9.037427888138578e-12,https://openalex.org/W4247537578
2337,0,2,4,1,0.09468033555716589,9.037427888138578e-12,https://openalex.org/W4248887627
2338,0,2,4,1,0.09468033555716589,9.037427888138578e-12,https://openalex.org/W4249749119
2339,0,2,4,1,0.09468033555716589,9.037427888138578e-12,https://openalex.org/W4250558624
2340,0,2,4,1,0.09468033555716589,9.037427888138578e-12,https://openalex.org/W4255626097
2341,0,2,4,1,0.09468033555716589,9.037427888138578e-12,https://openalex.org/W43059464
2342,0,2,4,1,0.09468033555716589,9.037427888138578e-12,https://openalex.org/W4380321043
3459,0,0,4,2,0.11292956377726295,1.6924596549457766e-09,https://openalex.org/W1966718713
75,0,15,0,43,0.1409908188164072,5.113981919329032e-07,https://openalex.org/W2916608537
2343,0,15,0,1,0.12245548199771263,5.688985777529907e-09,https://openalex.org/W1537335868
2345,0,15,0,1,0.12245548199771263,5.688985777529907e-09,https://openalex.org/W1915195141
2346,0,15,0,1,0.12245548199771263,5.688985777529907e-09,https://openalex.org/W1963995935
2347,0,15,0,1,0.12245548199771263,5.688985777529907e-09,https://openalex.org/W1966038045
2348,0,15,0,1,0.12245548199771263,5.688985777529907e-09,https://openalex.org/W1982268246
2350,0,15,0,1,0.12245548199771263,5.688985777529907e-09,https://openalex.org/W2004721174
2351,0,15,0,1,0.12245548199771263,5.688985777529907e-09,https://openalex.org/W2005862637
2352,0,15,0,1,0.12245548199771263,5.688985777529907e-09,https://openalex.org/W2008125245
2353,0,15,0,1,0.12245548199771263,5.688985777529907e-09,https://openalex.org/W2018522328
2354,0,15,0,1,0.12245548199771263,5.688985777529907e-09,https://openalex.org/W2026193172
2355,0,15,0,1,0.12245548199771263,5.688985777529907e-09,https://openalex.org/W2030812241
2356,0,15,0,1,0.12245548199771263,5.688985777529907e-09,https://openalex.org/W2043969823
2357,0,15,0,1,0.12245548199771263,5.688985777529907e-09,https://openalex.org/W2051295329
2358,0,15,0,1,0.12245548199771263,5.688985777529907e-09,https://openalex.org/W2064982810
2359,0,15,0,1,0.12245548199771263,5.688985777529907e-09,https://openalex.org/W2072585783
2360,0,15,0,1,0.12245548199771263,5.688985777529907e-09,https://openalex.org/W2100689838
2361,0,15,0,1,0.12245548199771263,5.688985777529907e-09,https://openalex.org/W2106107478
2362,0,15,0,1,0.12245548199771263,5.688985777529907e-09,https://openalex.org/W2108075771
2363,0,15,0,1,0.12245548199771263,5.688985777529907e-09,https://openalex.org/W2120194660
2364,0,15,0,1,0.12245548199771263,5.688985777529907e-09,https://openalex.org/W2121502773
2365,0,15,0,1,0.12245548199771263,5.688985777529907e-09,https://openalex.org/W2123512552
2366,0,15,0,1,0.12245548199771263,5.688985777529907e-09,https://openalex.org/W2128963424
2368,0,15,0,1,0.12245548199771263,5.688985777529907e-09,https://openalex.org/W2148868091
2369,0,15,0,2,0.14869183091872298,4.252105076066729e-07,https://openalex.org/W2168881144
2370,0,15,0,1,0.12245548199771263,5.688985777529907e-09,https://openalex.org/W2254913968
2371,0,15,0,1,0.12245548199771263,5.688985777529907e-09,https://openalex.org/W2521314010
2373,0,15,0,1,0.12245548199771263,5.688985777529907e-09,https://openalex.org/W2811269522
2374,0,15,0,1,0.12245548199771263,5.688985777529907e-09,https://openalex.org/W2970609571
2375,0,15,0,1,0.12245548199771263,5.688985777529907e-09,https://openalex.org/W3012294145
2377,0,15,0,1,0.12245548199771263,5.688985777529907e-09,https://openalex.org/W4301020783
3629,0,15,0,2,0.14869183091872298,4.252105076066729e-07,https://openalex.org/W2168881144
76,0,15,0,127,0.17922209693852195,0.000132013845500241,https://openalex.org/W3193745980
2378,0,15,0,3,0.15033124279844656,4.402390838462317e-06,https://openalex.org/W134179536
2379,0,15,0,3,0.15033124279844656,4.402390838462317e-06,https://openalex.org/W1593329604
2380,0,15,0,3,0.15033124279844656,4.402390838462317e-06,https://openalex.org/W1976605571
2381,0,15,0,4,0.15084740157200344,4.403483605461133e-06,https://openalex.org/W1979290264
2382,0,15,0,3,0.15033124279844656,4.402390838462317e-06,https://openalex.org/W1981620905
2383,0,15,0,3,0.15033124279844656,4.402390838462317e-06,https://openalex.org/W1996409699
2384,0,15,0,3,0.15033124279844656,4.402390838462317e-06,https://openalex.org/W2004588465
2386,0,15,0,3,0.15033124279844656,4.402390838462317e-06,https://openalex.org/W2025827184
2387,0,15,0,4,0.15235129851008583,4.82191236029146e-06,https://openalex.org/W2030105099
2389,0,15,0,3,0.15033124279844656,4.402390838462317e-06,https://openalex.org/W2048935034
2390,0,15,0,3,0.15033124279844656,4.402390838462317e-06,https://openalex.org/W2057714145
2391,0,15,0,3,0.15033124279844656,4.402390838462317e-06,https://openalex.org/W2058397757
2392,0,15,0,3,0.15033124279844656,4.402390838462317e-06,https://openalex.org/W2060334426
2393,0,15,0,3,0.15033124279844656,4.402390838462317e-06,https://openalex.org/W2060420112
2394,0,15,0,3,0.15033124279844656,4.402390838462317e-06,https://openalex.org/W2071169991
2395,0,15,0,3,0.15033124279844656,4.402390838462317e-06,https://openalex.org/W2081052781
2396,0,15,0,3,0.15033124279844656,4.402390838462317e-06,https://openalex.org/W2084275069
2397,0,15,0,3,0.15033124279844656,4.402390838462317e-06,https://openalex.org/W2090337505
2398,0,15,0,3,0.15033124279844656,4.402390838462317e-06,https://openalex.org/W2093958885
2400,0,15,0,4,0.15235129851008583,4.82191236029146e-06,https://openalex.org/W2101761001
2401,0,15,0,3,0.15033124279844656,4.402390838462317e-06,https://openalex.org/W2101960310
2402,0,15,0,4,0.15235129851008583,4.82191236029146e-06,https://openalex.org/W2113471284
2403,0,15,0,3,0.15033124279844656,4.402390838462317e-06,https://openalex.org/W2118009198
2404,0,15,0,3,0.15033124279844656,4.402390838462317e-06,https://openalex.org/W2125128154
2405,0,15,0,3,0.15033124279844656,4.402390838462317e-06,https://openalex.org/W2128816921
2406,0,15,0,3,0.15033124279844656,4.402390838462317e-06,https://openalex.org/W2130775869
2407,0,15,0,3,0.15033124279844656,4.402390838462317e-06,https://openalex.org/W2130944789
2408,0,15,0,4,0.1523806547022936,4.504673233992064e-06,https://openalex.org/W2132183026
2409,0,15,0,3,0.15033124279844656,4.402390838462317e-06,https://openalex.org/W2133776815
2410,0,15,0,3,0.15033124279844656,4.402390838462317e-06,https://openalex.org/W2135165791
2411,0,15,0,3,0.15033124279844656,4.402390838462317e-06,https://openalex.org/W2143280167
2412,0,15,0,3,0.15033124279844656,4.402390838462317e-06,https://openalex.org/W2147554606
2413,0,15,0,3,0.15033124279844656,4.402390838462317e-06,https://openalex.org/W2150565608
2414,0,15,0,3,0.15033124279844656,4.402390838462317e-06,https://openalex.org/W2155060527
2416,0,15,0,3,0.15033124279844656,4.402390838462317e-06,https://openalex.org/W2169362019
2417,0,15,0,3,0.15033124279844656,4.402390838462317e-06,https://openalex.org/W2173035098
2418,0,15,0,3,0.15033124279844656,4.402390838462317e-06,https://openalex.org/W2215762190
2419,0,15,0,3,0.15033124279844656,4.402390838462317e-06,https://openalex.org/W2276627270
2420,0,15,0,5,0.15353443726471447,4.9561841070636724e-06,https://openalex.org/W2314277051
2421,0,15,0,3,0.15033124279844656,4.402390838462317e-06,https://openalex.org/W2319257943
2422,0,15,0,4,0.15235129851008583,4.82191236029146e-06,https://openalex.org/W2332078948
2423,0,15,0,4,0.1519414962757535,5.432859646948435e-06,https://openalex.org/W2337007737
2424,0,15,0,3,0.15033124279844656,4.402390838462317e-06,https://openalex.org/W2342146675
2425,0,15,0,3,0.15033124279844656,4.402390838462317e-06,https://openalex.org/W2342834200
2426,0,15,0,4,0.15280021306950597,4.578880653314051e-06,https://openalex.org/W2399147426
2427,0,15,0,3,0.15033124279844656,4.402390838462317e-06,https://openalex.org/W2499527931
2428,0,15,0,4,0.15631893709057681,2.9129149849068377e-05,https://openalex.org/W2532214162
2429,0,15,0,4,0.15235129851008583,4.82191236029146e-06,https://openalex.org/W2555503952
2430,0,15,0,3,0.15033124279844656,4.402390838462317e-06,https://openalex.org/W2562274742
2431,0,15,0,3,0.15033124279844656,4.402390838462317e-06,https://openalex.org/W2735521482
2432,0,15,0,5,0.15816350054824563,2.9548671370897524e-05,https://openalex.org/W2766110043
2433,0,15,0,3,0.15033124279844656,4.402390838462317e-06,https://openalex.org/W2790939257
2434,0,15,0,4,0.15235129851008583,4.82191236029146e-06,https://openalex.org/W2804547333
2435,0,15,0,4,0.15235129851008583,4.82191236029146e-06,https://openalex.org/W2891056634
2436,0,15,0,3,0.15033124279844656,4.402390838462317e-06,https://openalex.org/W2895396712
2437,0,15,0,4,0.15631893709057681,2.9129149849068377e-05,https://openalex.org/W2906077577
2438,0,15,0,3,0.15033124279844656,4.402390838462317e-06,https://openalex.org/W2907099374
2439,0,15,0,3,0.15033124279844656,4.402390838462317e-06,https://openalex.org/W2913004093
2440,0,15,0,3,0.15033124279844656,4.402390838462317e-06,https://openalex.org/W2926842771
2441,0,15,0,3,0.15033124279844656,4.402390838462317e-06,https://openalex.org/W2970111620
2442,0,15,0,3,0.15033124279844656,4.402390838462317e-06,https://openalex.org/W2985414201
2443,0,15,0,4,0.15235129851008583,4.82191236029146e-06,https://openalex.org/W3004543239
2444,0,15,0,4,0.1516283199580535,4.536662585234531e-06,https://openalex.org/W3008408813
2445,0,15,0,5,0.15816350054824563,2.9548671370897524e-05,https://openalex.org/W3011671762
2446,0,15,0,4,0.15235129851008583,4.82191236029146e-06,https://openalex.org/W3027205685
2447,0,15,0,4,0.15235129851008583,4.82191236029146e-06,https://openalex.org/W3097466170
2448,0,15,0,4,0.15235129851008583,4.82191236029146e-06,https://openalex.org/W3112802670
2449,0,15,0,4,0.15235129851008583,4.82191236029146e-06,https://openalex.org/W3179400444
2450,0,15,0,3,0.15033124279844656,4.402390838462317e-06,https://openalex.org/W4213182825
2451,0,15,0,3,0.15033124279844656,4.402390838462317e-06,https://openalex.org/W4230245087
2614,0,15,0,4,0.15084740157200344,4.403483605461133e-06,https://openalex.org/W1979290264
2925,0,15,0,4,0.1519414962757535,5.432859646948435e-06,https://openalex.org/W2337007737
3051,0,15,0,5,0.15353443726471447,4.9561841070636724e-06,https://openalex.org/W2314277051
3062,0,15,0,4,0.1516283199580535,4.536662585234531e-06,https://openalex.org/W3008408813
3215,0,15,0,4,0.15280021306950597,4.578880653314051e-06,https://openalex.org/W2399147426
3413,0,15,0,4,0.1523806547022936,4.504673233992064e-06,https://openalex.org/W2132183026
3587,0,15,0,4,0.15631893709057681,2.9129149849068377e-05,https://openalex.org/W2532214162
3589,0,15,0,5,0.15816350054824563,2.9548671370897524e-05,https://openalex.org/W2766110043
3590,0,15,0,4,0.15631893709057681,2.9129149849068377e-05,https://openalex.org/W2906077577
3592,0,15,0,5,0.15816350054824563,2.9548671370897524e-05,https://openalex.org/W3011671762
3610,0,15,0,4,0.15235129851008583,4.82191236029146e-06,https://openalex.org/W2030105099
3617,0,15,0,4,0.15235129851008583,4.82191236029146e-06,https://openalex.org/W2101761001
3618,0,15,0,4,0.15235129851008583,4.82191236029146e-06,https://openalex.org/W2113471284
3631,0,15,0,5,0.15353443726471447,4.9561841070636724e-06,https://openalex.org/W2314277051
3632,0,15,0,4,0.15235129851008583,4.82191236029146e-06,https://openalex.org/W2332078948
3635,0,15,0,4,0.15235129851008583,4.82191236029146e-06,https://openalex.org/W2555503952
3639,0,15,0,5,0.15816350054824563,2.9548671370897524e-05,https://openalex.org/W2766110043
3641,0,15,0,4,0.15235129851008583,4.82191236029146e-06,https://openalex.org/W2804547333
3643,0,15,0,4,0.15235129851008583,4.82191236029146e-06,https://openalex.org/W2891056634
3649,0,15,0,4,0.15235129851008583,4.82191236029146e-06,https://openalex.org/W3004543239
3651,0,15,0,5,0.15816350054824563,2.9548671370897524e-05,https://openalex.org/W3011671762
3653,0,15,0,4,0.15235129851008583,4.82191236029146e-06,https://openalex.org/W3027205685
3656,0,15,0,4,0.15235129851008583,4.82191236029146e-06,https://openalex.org/W3097466170
3657,0,15,0,4,0.15235129851008583,4.82191236029146e-06,https://openalex.org/W3112802670
3659,0,15,0,4,0.15235129851008583,4.82191236029146e-06,https://openalex.org/W3179400444
77,0,8,1,80,0.154842136715694,0.0052904733515208606,https://openalex.org/W2991461979
2453,0,8,1,2,0.13278218574339556,0.00011762778126513476,https://openalex.org/W136427863
2454,0,8,1,2,0.13278218574339556,0.00011762778126513476,https://openalex.org/W1597255911
2456,0,8,1,2,0.13278218574339556,0.00011762778126513476,https://openalex.org/W1612018705
2457,0,8,1,2,0.13278218574339556,0.00011762778126513476,https://openalex.org/W166739243
2458,0,8,1,2,0.13278218574339556,0.00011762778126513476,https://openalex.org/W1974361061
2459,0,8,1,2,0.13278218574339556,0.00011762778126513476,https://openalex.org/W2009253377
2460,0,8,1,2,0.13278218574339556,0.00011762778126513476,https://openalex.org/W2010163891
2461,0,8,1,2,0.13278218574339556,0.00011762778126513476,https://openalex.org/W2016118277
2462,0,8,1,2,0.13278218574339556,0.00011762778126513476,https://openalex.org/W2020137493
2463,0,8,1,2,0.13278218574339556,0.00011762778126513476,https://openalex.org/W2025802167
2466,0,8,1,2,0.13278218574339556,0.00011762778126513476,https://openalex.org/W2054335145
2467,0,8,1,2,0.13278218574339556,0.00011762778126513476,https://openalex.org/W2058085582
2468,0,8,1,2,0.13278218574339556,0.00011762778126513476,https://openalex.org/W2070042123
2469,0,8,1,2,0.13278218574339556,0.00011762778126513476,https://openalex.org/W2083887734
2470,0,8,1,2,0.13278218574339556,0.00011762778126513476,https://openalex.org/W2112289462
2471,0,8,1,3,0.13617762327112282,0.0003480604248573456,https://openalex.org/W2117560801
2473,0,8,1,2,0.13278218574339556,0.00011762778126513476,https://openalex.org/W2122062477
2474,0,8,1,2,0.13278218574339556,0.00011762778126513476,https://openalex.org/W2125644205
2475,0,8,1,2,0.13278218574339556,0.00011762778126513476,https://openalex.org/W2128689084
2476,0,8,1,2,0.13278218574339556,0.00011762778126513476,https://openalex.org/W2138319807
2477,0,8,1,2,0.13278218574339556,0.00011762778126513476,https://openalex.org/W2141209791
2478,0,8,1,2,0.13278218574339556,0.00011762778126513476,https://openalex.org/W2149863573
2479,0,8,1,2,0.13278218574339556,0.00011762778126513476,https://openalex.org/W2150058950
2480,0,8,1,2,0.13278218574339556,0.00011762778126513476,https://openalex.org/W2150645335
2481,0,8,1,2,0.13278218574339556,0.00011762778126513476,https://openalex.org/W2158544761
2482,0,8,1,2,0.13278218574339556,0.00011762778126513476,https://openalex.org/W2168496940
2483,0,8,1,2,0.13278218574339556,0.00011762778126513476,https://openalex.org/W2200642569
2485,0,8,1,2,0.13278218574339556,0.00011762778126513476,https://openalex.org/W2569169597
2486,0,8,1,2,0.13278218574339556,0.00011762778126513476,https://openalex.org/W2584689206
2488,0,8,1,2,0.13278218574339556,0.00011762778126513476,https://openalex.org/W2605494996
2490,0,8,1,2,0.13278218574339556,0.00011762778126513476,https://openalex.org/W2735682340
2491,0,8,1,2,0.13278218574339556,0.00011762778126513476,https://openalex.org/W2766173179
2492,0,8,1,83,0.16284530300977668,0.027412908713736306,https://openalex.org/W2768220913
2493,0,8,1,3,0.1491967744064198,0.0011917824677047117,https://openalex.org/W2791662370
2494,0,8,1,2,0.13278218574339556,0.00011762778126513476,https://openalex.org/W2883088368
2496,0,8,1,3,0.13617762327112282,0.0003480604248573456,https://openalex.org/W2922334049
2497,0,8,1,2,0.13278218574339556,0.00011762778126513476,https://openalex.org/W4234413915
2499,0,8,1,2,0.13278218574339556,0.00011762778126513476,https://openalex.org/W4297888485
2665,0,8,1,3,0.1491967744064198,0.0011917824677047117,https://openalex.org/W2791662370
3265,0,8,1,3,0.13617762327112282,0.0003480604248573456,https://openalex.org/W2117560801
3274,0,8,1,83,0.16284530300977668,0.027412908713736306,https://openalex.org/W2768220913
3285,0,8,1,3,0.13617762327112282,0.0003480604248573456,https://openalex.org/W2922334049
78,0,15,0,72,0.18595438310298704,0.004613656439251812,https://openalex.org/W3035800846
2500,0,15,0,1,0.1550090660540458,5.129414111630173e-05,https://openalex.org/W1227492430
2502,0,15,0,1,0.1550090660540458,5.129414111630173e-05,https://openalex.org/W1581671376
2503,0,15,0,1,0.1550090660540458,5.129414111630173e-05,https://openalex.org/W1603242685
2504,0,15,0,1,0.1550090660540458,5.129414111630173e-05,https://openalex.org/W1907488138
2506,0,15,0,1,0.1550090660540458,5.129414111630173e-05,https://openalex.org/W1985108728
2507,0,15,0,1,0.1550090660540458,5.129414111630173e-05,https://openalex.org/W1986576484
2508,0,15,0,1,0.1550090660540458,5.129414111630173e-05,https://openalex.org/W1995105693
2509,0,15,0,1,0.1550090660540458,5.129414111630173e-05,https://openalex.org/W2008933922
2510,0,15,0,1,0.1550090660540458,5.129414111630173e-05,https://openalex.org/W2031942492
2511,0,11,0,2,0.16044177373528667,5.232460992478785e-05,https://openalex.org/W2039757335
2513,0,15,0,1,0.1550090660540458,5.129414111630173e-05,https://openalex.org/W2044784934
2515,0,15,0,1,0.1550090660540458,5.129414111630173e-05,https://openalex.org/W2105263266
2516,0,15,0,1,0.1550090660540458,5.129414111630173e-05,https://openalex.org/W2120712763
2519,0,15,0,1,0.1550090660540458,5.129414111630173e-05,https://openalex.org/W2137540532
2521,0,15,0,1,0.1550090660540458,5.129414111630173e-05,https://openalex.org/W2143130238
2523,0,15,0,1,0.1550090660540458,5.129414111630173e-05,https://openalex.org/W2163075259
2524,0,15,0,1,0.1550090660540458,5.129414111630173e-05,https://openalex.org/W2194583865
2525,0,15,0,1,0.1550090660540458,5.129414111630173e-05,https://openalex.org/W2306291294
2526,0,15,0,1,0.1550090660540458,5.129414111630173e-05,https://openalex.org/W2322271163
2528,0,15,0,1,0.1550090660540458,5.129414111630173e-05,https://openalex.org/W2479840514
2529,0,15,0,1,0.1550090660540458,5.129414111630173e-05,https://openalex.org/W2550379908
2530,0,15,0,1,0.1550090660540458,5.129414111630173e-05,https://openalex.org/W2594686157
2531,0,15,0,1,0.1550090660540458,5.129414111630173e-05,https://openalex.org/W2599228176
2532,0,15,0,1,0.1550090660540458,5.129414111630173e-05,https://openalex.org/W2768903746
2533,0,15,0,1,0.1550090660540458,5.129414111630173e-05,https://openalex.org/W2772749861
2534,0,15,0,1,0.1550090660540458,5.129414111630173e-05,https://openalex.org/W2888687641
2535,0,15,0,1,0.1550090660540458,5.129414111630173e-05,https://openalex.org/W2991356575
2536,0,15,0,1,0.1550090660540458,5.129414111630173e-05,https://openalex.org/W4230804826
2912,0,11,0,2,0.16044177373528667,5.232460992478785e-05,https://openalex.org/W2039757335
79,0,12,3,82,0.07436688948102578,3.148565179192881e-17,https://openalex.org/W2994090949
2538,0,12,3,1,0.068868545044085,2.9315047649551874e-18,https://openalex.org/W1499259498
2539,0,12,3,1,0.068868545044085,2.9315047649551874e-18,https://openalex.org/W1532669942
2541,0,12,3,1,0.068868545044085,2.9315047649551874e-18,https://openalex.org/W1821066201
2542,0,12,3,1,0.068868545044085,2.9315047649551874e-18,https://openalex.org/W196469326
2543,0,12,3,1,0.068868545044085,2.9315047649551874e-18,https://openalex.org/W1965086125
2544,0,12,3,1,0.068868545044085,2.9315047649551874e-18,https://openalex.org/W1969608664
2545,0,12,3,1,0.068868545044085,2.9315047649551874e-18,https://openalex.org/W1974454624
2546,0,12,3,1,0.068868545044085,2.9315047649551874e-18,https://openalex.org/W1982192452
2547,0,12,3,1,0.068868545044085,2.9315047649551874e-18,https://openalex.org/W1989019977
2548,0,12,3,1,0.068868545044085,2.9315047649551874e-18,https://openalex.org/W1995597615
2549,0,12,3,1,0.068868545044085,2.9315047649551874e-18,https://openalex.org/W1998528427
2550,0,12,3,1,0.068868545044085,2.9315047649551874e-18,https://openalex.org/W2001177581
2551,0,12,3,1,0.068868545044085,2.9315047649551874e-18,https://openalex.org/W2001180667
2553,0,12,3,1,0.068868545044085,2.9315047649551874e-18,https://openalex.org/W2015366485
2555,0,12,3,1,0.068868545044085,2.9315047649551874e-18,https://openalex.org/W2022093467
2556,0,12,3,1,0.068868545044085,2.9315047649551874e-18,https://openalex.org/W2024475444
2558,0,12,3,1,0.068868545044085,2.9315047649551874e-18,https://openalex.org/W2026041656
2559,0,12,3,1,0.068868545044085,2.9315047649551874e-18,https://openalex.org/W2026449767
2560,0,12,3,1,0.068868545044085,2.9315047649551874e-18,https://openalex.org/W2043128308
2561,0,12,3,1,0.068868545044085,2.9315047649551874e-18,https://openalex.org/W2049082677
2562,0,12,3,1,0.068868545044085,2.9315047649551874e-18,https://openalex.org/W2049795368
2563,0,12,3,1,0.068868545044085,2.9315047649551874e-18,https://openalex.org/W2050676017
2565,0,12,3,1,0.068868545044085,2.9315047649551874e-18,https://openalex.org/W2057958242
2566,0,12,3,1,0.068868545044085,2.9315047649551874e-18,https://openalex.org/W2058040293
2568,0,12,3,1,0.068868545044085,2.9315047649551874e-18,https://openalex.org/W2063611796
2569,0,12,3,1,0.068868545044085,2.9315047649551874e-18,https://openalex.org/W2074757189
2570,0,12,3,1,0.068868545044085,2.9315047649551874e-18,https://openalex.org/W2085525720
2571,0,12,3,1,0.068868545044085,2.9315047649551874e-18,https://openalex.org/W2099019452
2572,0,12,3,1,0.068868545044085,2.9315047649551874e-18,https://openalex.org/W2100487390
2575,0,12,3,1,0.068868545044085,2.9315047649551874e-18,https://openalex.org/W2123371944
2579,0,12,3,1,0.068868545044085,2.9315047649551874e-18,https://openalex.org/W2149520595
2581,0,12,3,1,0.068868545044085,2.9315047649551874e-18,https://openalex.org/W2160900637
2583,0,12,3,1,0.068868545044085,2.9315047649551874e-18,https://openalex.org/W2166284420
2584,0,12,3,1,0.068868545044085,2.9315047649551874e-18,https://openalex.org/W2184407280
2585,0,12,3,1,0.068868545044085,2.9315047649551874e-18,https://openalex.org/W2186575396
2586,0,12,3,1,0.068868545044085,2.9315047649551874e-18,https://openalex.org/W2291250721
2587,0,12,3,1,0.068868545044085,2.9315047649551874e-18,https://openalex.org/W2320361824
2588,0,12,3,1,0.068868545044085,2.9315047649551874e-18,https://openalex.org/W2331021632
2589,0,12,3,1,0.068868545044085,2.9315047649551874e-18,https://openalex.org/W2484962552
2590,0,12,3,1,0.068868545044085,2.9315047649551874e-18,https://openalex.org/W2523352121
2591,0,12,3,1,0.068868545044085,2.9315047649551874e-18,https://openalex.org/W2556300262
2592,0,12,3,1,0.068868545044085,2.9315047649551874e-18,https://openalex.org/W2591903145
2593,0,12,3,1,0.068868545044085,2.9315047649551874e-18,https://openalex.org/W260495154
2594,0,12,3,1,0.068868545044085,2.9315047649551874e-18,https://openalex.org/W2613591421
2595,0,12,3,1,0.068868545044085,2.9315047649551874e-18,https://openalex.org/W2745206256
2596,0,12,3,1,0.068868545044085,2.9315047649551874e-18,https://openalex.org/W2750164938
2597,0,12,3,1,0.068868545044085,2.9315047649551874e-18,https://openalex.org/W2912777353
2598,0,12,3,1,0.068868545044085,2.9315047649551874e-18,https://openalex.org/W309965191
2599,0,12,3,1,0.068868545044085,2.9315047649551874e-18,https://openalex.org/W3158860828
2600,0,12,3,1,0.068868545044085,2.9315047649551874e-18,https://openalex.org/W35848862
2601,0,12,3,1,0.068868545044085,2.9315047649551874e-18,https://openalex.org/W4234424125
2602,0,12,3,1,0.068868545044085,2.9315047649551874e-18,https://openalex.org/W4236609053
2603,0,12,3,1,0.068868545044085,2.9315047649551874e-18,https://openalex.org/W4238112919
2604,0,12,3,1,0.068868545044085,2.9315047649551874e-18,https://openalex.org/W4250462574
2605,0,12,3,1,0.068868545044085,2.9315047649551874e-18,https://openalex.org/W4390479642
80,0,16,16,37,0.13020787070737272,9.827856402274945e-08,https://openalex.org/W3035439260
2606,0,16,16,1,0.11423871473329406,1.0927669988165515e-09,https://openalex.org/W1481613157
2607,0,16,16,1,0.11423871473329406,1.0927669988165515e-09,https://openalex.org/W1482461688
2608,0,16,16,1,0.11423871473329406,1.0927669988165515e-09,https://openalex.org/W1545131993
2609,0,16,16,1,0.11423871473329406,1.0927669988165515e-09,https://openalex.org/W1570056301
2610,0,16,16,1,0.11423871473329406,1.0927669988165515e-09,https://openalex.org/W1588516166
2611,0,16,16,1,0.11423871473329406,1.0927669988165515e-09,https://openalex.org/W1772121948
2612,0,16,16,1,0.11423871473329406,1.0927669988165515e-09,https://openalex.org/W1978643436
2613,0,16,16,1,0.11423871473329406,1.0927669988165515e-09,https://openalex.org/W1979128870
2615,0,16,16,1,0.11423871473329406,1.0927669988165515e-09,https://openalex.org/W2006479099
2616,0,16,16,1,0.11423871473329406,1.0927669988165515e-09,https://openalex.org/W2012447057
2617,0,16,16,1,0.11423871473329406,1.0927669988165515e-09,https://openalex.org/W20319142
2618,0,16,16,1,0.11423871473329406,1.0927669988165515e-09,https://openalex.org/W2043384360
2619,0,16,16,1,0.11423871473329406,1.0927669988165515e-09,https://openalex.org/W2058809656
2620,0,16,16,1,0.11423871473329406,1.0927669988165515e-09,https://openalex.org/W2061220710
2621,0,16,16,1,0.11423871473329406,1.0927669988165515e-09,https://openalex.org/W2082475990
2622,0,16,16,1,0.11423871473329406,1.0927669988165515e-09,https://openalex.org/W2101957299
2623,0,16,16,1,0.11423871473329406,1.0927669988165515e-09,https://openalex.org/W2106868160
2624,0,16,16,1,0.11423871473329406,1.0927669988165515e-09,https://openalex.org/W2107067966
2625,0,16,16,1,0.11423871473329406,1.0927669988165515e-09,https://openalex.org/W2138966740
2626,0,16,16,1,0.11423871473329406,1.0927669988165515e-09,https://openalex.org/W2153646932
2627,0,16,16,1,0.11423871473329406,1.0927669988165515e-09,https://openalex.org/W2320649214
2628,0,16,16,1,0.11423871473329406,1.0927669988165515e-09,https://openalex.org/W2326915217
2629,0,16,16,1,0.11423871473329406,1.0927669988165515e-09,https://openalex.org/W2340181789
2630,0,16,16,1,0.11423871473329406,1.0927669988165515e-09,https://openalex.org/W2390008750
2631,0,16,16,1,0.11423871473329406,1.0927669988165515e-09,https://openalex.org/W2515244500
2632,0,16,16,1,0.11423871473329406,1.0927669988165515e-09,https://openalex.org/W2548315234
2633,0,16,16,1,0.11423871473329406,1.0927669988165515e-09,https://openalex.org/W2577761430
2634,0,16,16,1,0.11423871473329406,1.0927669988165515e-09,https://openalex.org/W2609259052
2635,0,16,16,1,0.11423871473329406,1.0927669988165515e-09,https://openalex.org/W2770884220
2636,0,16,16,1,0.11423871473329406,1.0927669988165515e-09,https://openalex.org/W2907000155
2637,0,16,16,1,0.11423871473329406,1.0927669988165515e-09,https://openalex.org/W3093851237
2638,0,16,16,1,0.11423871473329406,1.0927669988165515e-09,https://openalex.org/W4233651611
2639,0,16,16,1,0.11423871473329406,1.0927669988165515e-09,https://openalex.org/W4234392185
2640,0,16,16,1,0.11423871473329406,1.0927669988165515e-09,https://openalex.org/W4248161839
2641,0,16,16,1,0.11423871473329406,1.0927669988165515e-09,https://openalex.org/W6589524
81,0,3,1,156,0.17308327921672753,0.09664265424706198,https://openalex.org/W2983457005
2645,0,3,1,1,0.14596114853104986,0.0010741546864395767,https://openalex.org/W1974966205
2647,0,3,1,1,0.14596114853104986,0.0010741546864395767,https://openalex.org/W1993319978
2649,0,3,1,1,0.14596114853104986,0.0010741546864395767,https://openalex.org/W2021215921
2652,0,3,1,1,0.14596114853104986,0.0010741546864395767,https://openalex.org/W2083985411
2654,0,3,1,1,0.14596114853104986,0.0010741546864395767,https://openalex.org/W2106326623
2662,0,3,1,1,0.14596114853104986,0.0010741546864395767,https://openalex.org/W2562711163
2663,0,3,1,1,0.14596114853104986,0.0010741546864395767,https://openalex.org/W2597360030
2671,0,3,1,1,0.14596114853104986,0.0010741546864395767,https://openalex.org/W4234567833
2672,0,3,1,1,0.14596114853104986,0.0010741546864395767,https://openalex.org/W573789808
82,0,9,11,24,0.09612172995122649,4.424940346478457e-10,https://openalex.org/W2990953305
2675,0,9,11,1,0.08713042310879802,4.9276080109924475e-12,https://openalex.org/W1580465880
2676,0,9,11,1,0.08713042310879802,4.9276080109924475e-12,https://openalex.org/W1979311893
2677,0,9,11,1,0.08713042310879802,4.9276080109924475e-12,https://openalex.org/W2012778613
2678,0,9,11,1,0.08713042310879802,4.9276080109924475e-12,https://openalex.org/W2042318824
2679,0,9,11,1,0.08713042310879802,4.9276080109924475e-12,https://openalex.org/W2065445772
2680,0,9,11,1,0.08713042310879802,4.9276080109924475e-12,https://openalex.org/W2066985241
2681,0,9,11,1,0.08713042310879802,4.9276080109924475e-12,https://openalex.org/W2067404301
2682,0,9,11,1,0.08713042310879802,4.9276080109924475e-12,https://openalex.org/W2069019430
2683,0,9,11,1,0.08713042310879802,4.9276080109924475e-12,https://openalex.org/W2098137983
2684,0,9,11,1,0.08713042310879802,4.9276080109924475e-12,https://openalex.org/W2142225512
2685,0,9,11,1,0.08713042310879802,4.9276080109924475e-12,https://openalex.org/W2155997158
2686,0,9,11,1,0.08713042310879802,4.9276080109924475e-12,https://openalex.org/W2162798768
2687,0,9,11,1,0.08713042310879802,4.9276080109924475e-12,https://openalex.org/W2172100128
2688,0,9,11,1,0.08713042310879802,4.9276080109924475e-12,https://openalex.org/W2176769782
2689,0,9,11,1,0.08713042310879802,4.9276080109924475e-12,https://openalex.org/W2341034602
2690,0,9,11,1,0.08713042310879802,4.9276080109924475e-12,https://openalex.org/W2378919046
2691,0,9,11,1,0.08713042310879802,4.9276080109924475e-12,https://openalex.org/W2611325060
2693,0,9,11,1,0.08713042310879802,4.9276080109924475e-12,https://openalex.org/W2883469480
2694,0,9,11,1,0.08713042310879802,4.9276080109924475e-12,https://openalex.org/W2915686885
2695,0,9,11,1,0.08713042310879802,4.9276080109924475e-12,https://openalex.org/W41042948
2696,0,9,11,1,0.08713042310879802,4.9276080109924475e-12,https://openalex.org/W42929308
2697,0,9,11,1,0.08713042310879802,4.9276080109924475e-12,https://openalex.org/W98434002
83,0,17,6,50,0.1084351436639556,6.802254629561591e-10,https://openalex.org/W3039959558
2698,0,17,6,1,0.09712816295028594,7.55162194349375e-12,https://openalex.org/W1505129894
2699,0,17,6,1,0.09712816295028594,7.55162194349375e-12,https://openalex.org/W1587682423
2700,0,17,6,1,0.09712816295028594,7.55162194349375e-12,https://openalex.org/W1598774187
2701,0,17,6,1,0.09712816295028594,7.55162194349375e-12,https://openalex.org/W1608760034
2702,0,17,6,60,0.12225670599694337,3.0399473641723214e-08,https://openalex.org/W1728407011
2703,0,17,6,1,0.09712816295028594,7.55162194349375e-12,https://openalex.org/W1969150202
2704,0,17,6,1,0.09712816295028594,7.55162194349375e-12,https://openalex.org/W1993951689
2705,0,17,6,1,0.09712816295028594,7.55162194349375e-12,https://openalex.org/W1996325890
2706,0,17,6,1,0.09712816295028594,7.55162194349375e-12,https://openalex.org/W2032962639
2707,0,17,6,1,0.09712816295028594,7.55162194349375e-12,https://openalex.org/W2036188247
2708,0,17,6,1,0.09712816295028594,7.55162194349375e-12,https://openalex.org/W2047490287
2709,0,17,6,1,0.09712816295028594,7.55162194349375e-12,https://openalex.org/W2052786148
2710,0,17,6,1,0.09712816295028594,7.55162194349375e-12,https://openalex.org/W2056799610
2711,0,17,6,1,0.09712816295028594,7.55162194349375e-12,https://openalex.org/W2061610289
2712,0,17,6,1,0.09712816295028594,7.55162194349375e-12,https://openalex.org/W2064513208
2713,0,17,6,1,0.09712816295028594,7.55162194349375e-12,https://openalex.org/W2069201391
2714,0,17,6,1,0.09712816295028594,7.55162194349375e-12,https://openalex.org/W2071654117
2715,0,17,6,1,0.09712816295028594,7.55162194349375e-12,https://openalex.org/W2079875205
2716,0,17,6,1,0.09712816295028594,7.55162194349375e-12,https://openalex.org/W2085906159
2717,0,17,6,1,0.09712816295028594,7.55162194349375e-12,https://openalex.org/W2090548399
2718,0,17,6,1,0.09712816295028594,7.55162194349375e-12,https://openalex.org/W2096868453
2719,0,17,6,1,0.09712816295028594,7.55162194349375e-12,https://openalex.org/W2100380498
2720,0,17,6,1,0.09712816295028594,7.55162194349375e-12,https://openalex.org/W2116978432
2721,0,17,6,1,0.09712816295028594,7.55162194349375e-12,https://openalex.org/W2120917629
2722,0,17,6,1,0.09712816295028594,7.55162194349375e-12,https://openalex.org/W2128372969
2723,0,17,6,1,0.09712816295028594,7.55162194349375e-12,https://openalex.org/W2135969267
2724,0,17,6,1,0.09712816295028594,7.55162194349375e-12,https://openalex.org/W2139783553
2725,0,17,6,1,0.09712816295028594,7.55162194349375e-12,https://openalex.org/W2142485549
2726,0,17,6,1,0.09712816295028594,7.55162194349375e-12,https://openalex.org/W2147148364
2727,0,17,6,1,0.09712816295028594,7.55162194349375e-12,https://openalex.org/W2148120729
2728,0,17,6,1,0.09712816295028594,7.55162194349375e-12,https://openalex.org/W2150141667
2729,0,17,6,1,0.09712816295028594,7.55162194349375e-12,https://openalex.org/W2155499456
2730,0,17,6,1,0.09712816295028594,7.55162194349375e-12,https://openalex.org/W2159252474
2731,0,17,6,1,0.09712816295028594,7.55162194349375e-12,https://openalex.org/W2163684370
2732,0,17,6,1,0.09712816295028594,7.55162194349375e-12,https://openalex.org/W2166673651
2733,0,17,6,1,0.09712816295028594,7.55162194349375e-12,https://openalex.org/W2170838887
2734,0,17,6,1,0.09712816295028594,7.55162194349375e-12,https://openalex.org/W2286490553
2735,0,17,6,1,0.09712816295028594,7.55162194349375e-12,https://openalex.org/W2482834658
2736,0,17,6,1,0.09712816295028594,7.55162194349375e-12,https://openalex.org/W2739069361
2737,0,17,6,1,0.09712816295028594,7.55162194349375e-12,https://openalex.org/W2792424146
2738,0,17,6,1,0.09712816295028594,7.55162194349375e-12,https://openalex.org/W2852458049
2739,0,17,6,1,0.09712816295028594,7.55162194349375e-12,https://openalex.org/W2889750549
2740,0,17,6,1,0.09712816295028594,7.55162194349375e-12,https://openalex.org/W2890373521
2741,0,17,6,1,0.09712816295028594,7.55162194349375e-12,https://openalex.org/W3021353408
2742,0,17,6,1,0.09712816295028594,7.55162194349375e-12,https://openalex.org/W4214816511
2743,0,17,6,1,0.09712816295028594,7.55162194349375e-12,https://openalex.org/W4230915430
2744,0,17,6,1,0.09712816295028594,7.55162194349375e-12,https://openalex.org/W4232985782
2745,0,17,6,1,0.09712816295028594,7.55162194349375e-12,https://openalex.org/W4243073173
2746,0,17,6,1,0.09712816295028594,7.55162194349375e-12,https://openalex.org/W4249831151
84,0,3,1,156,0.16211090098728603,0.08710353911160715,https://openalex.org/W3133989721
2748,0,3,1,1,0.1380797944460654,0.0009681381678271581,https://openalex.org/W138713707
2749,0,3,1,1,0.1380797944460654,0.0009681381678271581,https://openalex.org/W1600133009
2750,0,3,1,1,0.1380797944460654,0.0009681381678271581,https://openalex.org/W1790386484
2752,0,3,1,1,0.1380797944460654,0.0009681381678271581,https://openalex.org/W1999091656
2753,0,3,1,1,0.1380797944460654,0.0009681381678271581,https://openalex.org/W2002693231
2756,0,3,1,1,0.1380797944460654,0.0009681381678271581,https://openalex.org/W2041357893
2757,0,3,1,1,0.1380797944460654,0.0009681381678271581,https://openalex.org/W2058138514
2758,0,3,1,1,0.1380797944460654,0.0009681381678271581,https://openalex.org/W2066988869
2759,0,3,1,1,0.1380797944460654,0.0009681381678271581,https://openalex.org/W2073194656
2760,0,3,1,1,0.1380797944460654,0.0009681381678271581,https://openalex.org/W2081243546
2761,0,3,1,1,0.1380797944460654,0.0009681381678271581,https://openalex.org/W2092808253
2762,0,3,1,1,0.1380797944460654,0.0009681381678271581,https://openalex.org/W2099448376
2764,0,3,1,1,0.1380797944460654,0.0009681381678271581,https://openalex.org/W2150292700
2765,0,3,1,1,0.1380797944460654,0.0009681381678271581,https://openalex.org/W2152462308
2766,0,3,1,1,0.1380797944460654,0.0009681381678271581,https://openalex.org/W2155444383
2768,0,3,1,1,0.1380797944460654,0.0009681381678271581,https://openalex.org/W2174994900
2770,0,3,1,1,0.1380797944460654,0.0009681381678271581,https://openalex.org/W2192746706
2771,0,3,1,1,0.1380797944460654,0.0009681381678271581,https://openalex.org/W2277614801
2772,0,3,1,1,0.1380797944460654,0.0009681381678271581,https://openalex.org/W2308907647
2774,0,3,1,1,0.1380797944460654,0.0009681381678271581,https://openalex.org/W2408308441
2775,0,3,1,1,0.1380797944460654,0.0009681381678271581,https://openalex.org/W2415424991
2778,0,3,1,1,0.1380797944460654,0.0009681381678271581,https://openalex.org/W2618384399
2779,0,3,1,1,0.1380797944460654,0.0009681381678271581,https://openalex.org/W2687752893
2780,0,3,1,1,0.1380797944460654,0.0009681381678271581,https://openalex.org/W2708480879
2781,0,3,1,1,0.1380797944460654,0.0009681381678271581,https://openalex.org/W2743078733
2782,0,3,1,1,0.1380797944460654,0.0009681381678271581,https://openalex.org/W2747492750
2784,0,3,1,1,0.1380797944460654,0.0009681381678271581,https://openalex.org/W2885560305
2789,0,3,1,1,0.1380797944460654,0.0009681381678271581,https://openalex.org/W2896398092
2790,0,3,1,1,0.1380797944460654,0.0009681381678271581,https://openalex.org/W2897988035
2791,0,3,1,1,0.1380797944460654,0.0009681381678271581,https://openalex.org/W2898254100
2792,0,3,1,1,0.1380797944460654,0.0009681381678271581,https://openalex.org/W2914490564
2793,0,3,1,1,0.1380797944460654,0.0009681381678271581,https://openalex.org/W2923784457
2794,0,3,1,1,0.1380797944460654,0.0009681381678271581,https://openalex.org/W3015955772
85,0,2,4,36,0.12761295832519415,1.965773440181998e-06,https://openalex.org/W3011227050
2795,0,2,4,1,0.11223637563741529,2.1866660423233847e-08,https://openalex.org/W104144613
2796,0,2,4,1,0.11223637563741529,2.1866660423233847e-08,https://openalex.org/W1599891097
2797,0,2,4,1,0.11223637563741529,2.1866660423233847e-08,https://openalex.org/W1975617374
2798,0,2,4,1,0.11223637563741529,2.1866660423233847e-08,https://openalex.org/W2010816392
2800,0,2,4,1,0.11223637563741529,2.1866660423233847e-08,https://openalex.org/W2115123524
2801,0,2,4,1,0.11223637563741529,2.1866660423233847e-08,https://openalex.org/W2120340286
2803,0,2,4,1,0.11223637563741529,2.1866660423233847e-08,https://openalex.org/W2142269397
2804,0,2,4,1,0.11223637563741529,2.1866660423233847e-08,https://openalex.org/W217774197
2805,0,2,4,1,0.11223637563741529,2.1866660423233847e-08,https://openalex.org/W2212034912
2806,0,2,4,1,0.11223637563741529,2.1866660423233847e-08,https://openalex.org/W2252351721
2808,0,2,4,1,0.11223637563741529,2.1866660423233847e-08,https://openalex.org/W2344580340
2809,0,2,4,1,0.11223637563741529,2.1866660423233847e-08,https://openalex.org/W2461553096
2811,0,2,4,1,0.11223637563741529,2.1866660423233847e-08,https://openalex.org/W2531444790
2812,0,2,4,1,0.11223637563741529,2.1866660423233847e-08,https://openalex.org/W2582307273
2813,0,2,4,1,0.11223637563741529,2.1866660423233847e-08,https://openalex.org/W2890591950
2814,0,2,4,1,0.11223637563741529,2.1866660423233847e-08,https://openalex.org/W2899388179
2815,0,2,4,1,0.11223637563741529,2.1866660423233847e-08,https://openalex.org/W2936728258
2816,0,2,4,1,0.11223637563741529,2.1866660423233847e-08,https://openalex.org/W3122069398
2817,0,2,4,1,0.11223637563741529,2.1866660423233847e-08,https://openalex.org/W3122659730
2819,0,2,4,1,0.11223637563741529,2.1866660423233847e-08,https://openalex.org/W4229833068
2820,0,2,4,1,0.11223637563741529,2.1866660423233847e-08,https://openalex.org/W4232268312
2822,0,2,4,1,0.11223637563741529,2.1866660423233847e-08,https://openalex.org/W97875496
86,0,1,5,71,0.14257312890273188,1.0636360102691007e-06,https://openalex.org/W3035683435
2824,0,1,5,1,0.12364734436793623,1.183245840833318e-08,https://openalex.org/W1507482897
2825,0,1,5,1,0.12364734436793623,1.183245840833318e-08,https://openalex.org/W152461920
2826,0,1,5,1,0.12364734436793623,1.183245840833318e-08,https://openalex.org/W1540050425
2827,0,1,5,1,0.12364734436793623,1.183245840833318e-08,https://openalex.org/W1799097789
2828,0,1,5,1,0.12364734436793623,1.183245840833318e-08,https://openalex.org/W1838363598
2829,0,1,5,1,0.12364734436793623,1.183245840833318e-08,https://openalex.org/W1881762375
2830,0,1,5,1,0.12364734436793623,1.183245840833318e-08,https://openalex.org/W1975831560
2831,0,1,5,1,0.12364734436793623,1.183245840833318e-08,https://openalex.org/W1983994076
2832,0,1,5,1,0.12364734436793623,1.183245840833318e-08,https://openalex.org/W1992513089
2833,0,1,5,1,0.12364734436793623,1.183245840833318e-08,https://openalex.org/W2002751278
2834,0,1,5,1,0.12364734436793623,1.183245840833318e-08,https://openalex.org/W2005593502
2835,0,1,5,1,0.12364734436793623,1.183245840833318e-08,https://openalex.org/W2010632490
2836,0,1,5,1,0.12364734436793623,1.183245840833318e-08,https://openalex.org/W2035342780
2837,0,1,5,1,0.12364734436793623,1.183245840833318e-08,https://openalex.org/W2041037522
2838,0,1,5,1,0.12364734436793623,1.183245840833318e-08,https://openalex.org/W2057166657
2839,0,1,5,1,0.12364734436793623,1.183245840833318e-08,https://openalex.org/W2057902960
2841,0,1,5,1,0.12364734436793623,1.183245840833318e-08,https://openalex.org/W2065511922
2842,0,1,5,1,0.12364734436793623,1.183245840833318e-08,https://openalex.org/W2066843032
2843,0,1,5,1,0.12364734436793623,1.183245840833318e-08,https://openalex.org/W2067652354
2844,0,1,5,1,0.12364734436793623,1.183245840833318e-08,https://openalex.org/W2068014865
2845,0,1,5,1,0.12364734436793623,1.183245840833318e-08,https://openalex.org/W2068918102
2846,0,1,5,1,0.12364734436793623,1.183245840833318e-08,https://openalex.org/W2074730690
2848,0,1,5,1,0.12364734436793623,1.183245840833318e-08,https://openalex.org/W2108594494
2849,0,1,5,1,0.12364734436793623,1.183245840833318e-08,https://openalex.org/W2118135510
2850,0,1,5,1,0.12364734436793623,1.183245840833318e-08,https://openalex.org/W2128569464
2851,0,1,5,1,0.12364734436793623,1.183245840833318e-08,https://openalex.org/W2129058274
2853,0,1,5,1,0.12364734436793623,1.183245840833318e-08,https://openalex.org/W2199670351
2854,0,1,5,1,0.12364734436793623,1.183245840833318e-08,https://openalex.org/W2298504533
2855,0,1,5,1,0.12364734436793623,1.183245840833318e-08,https://openalex.org/W2313408612
2857,0,1,5,1,0.12364734436793623,1.183245840833318e-08,https://openalex.org/W2335074027
2858,0,1,5,1,0.12364734436793623,1.183245840833318e-08,https://openalex.org/W2343245455
2859,0,1,5,1,0.12364734436793623,1.183245840833318e-08,https://openalex.org/W2409330545
2861,0,1,5,1,0.12364734436793623,1.183245840833318e-08,https://openalex.org/W2418583469
2862,0,1,5,1,0.12364734436793623,1.183245840833318e-08,https://openalex.org/W2426354393
2863,0,1,5,1,0.12364734436793623,1.183245840833318e-08,https://openalex.org/W2558404025
2864,0,1,5,1,0.12364734436793623,1.183245840833318e-08,https://openalex.org/W2575872108
2865,0,1,5,1,0.12364734436793623,1.183245840833318e-08,https://openalex.org/W2604108882
2866,0,1,5,1,0.12364734436793623,1.183245840833318e-08,https://openalex.org/W2617133394
2867,0,1,5,1,0.12364734436793623,1.183245840833318e-08,https://openalex.org/W2750650824
2868,0,1,5,1,0.12364734436793623,1.183245840833318e-08,https://openalex.org/W2765731874
2869,0,1,5,1,0.12364734436793623,1.183245840833318e-08,https://openalex.org/W2773847129
2870,0,1,5,1,0.12364734436793623,1.183245840833318e-08,https://openalex.org/W2783614816
2871,0,1,5,1,0.12364734436793623,1.183245840833318e-08,https://openalex.org/W2788236387
2872,0,1,5,1,0.12364734436793623,1.183245840833318e-08,https://openalex.org/W2801022021
2873,0,1,5,1,0.12364734436793623,1.183245840833318e-08,https://openalex.org/W2806331545
2874,0,1,5,1,0.12364734436793623,1.183245840833318e-08,https://openalex.org/W2807640090
2875,0,1,5,1,0.12364734436793623,1.183245840833318e-08,https://openalex.org/W2901150668
2876,0,1,5,1,0.12364734436793623,1.183245840833318e-08,https://openalex.org/W2911174794
2877,0,1,5,1,0.12364734436793623,1.183245840833318e-08,https://openalex.org/W2922407379
2878,0,1,5,1,0.12364734436793623,1.183245840833318e-08,https://openalex.org/W2948003103
2879,0,1,5,1,0.12364734436793623,1.183245840833318e-08,https://openalex.org/W2982449524
87,0,15,0,44,0.1488457562095291,5.932468919006203e-06,https://openalex.org/W3134845393
2882,0,15,0,1,0.1283377966149348,6.599274675122328e-08,https://openalex.org/W1659952696
2884,0,15,0,1,0.1283377966149348,6.599274675122328e-08,https://openalex.org/W1965733490
2885,0,15,0,1,0.1283377966149348,6.599274675122328e-08,https://openalex.org/W1996548435
2887,0,15,0,1,0.1283377966149348,6.599274675122328e-08,https://openalex.org/W2008573987
2889,0,15,0,1,0.1283377966149348,6.599274675122328e-08,https://openalex.org/W2055493458
2890,0,15,0,1,0.1283377966149348,6.599274675122328e-08,https://openalex.org/W2056989464
2892,0,15,0,1,0.1283377966149348,6.599274675122328e-08,https://openalex.org/W2111708398
2893,0,15,0,1,0.1283377966149348,6.599274675122328e-08,https://openalex.org/W2118197434
2894,0,15,0,1,0.1283377966149348,6.599274675122328e-08,https://openalex.org/W2140762161
2895,0,15,0,1,0.1283377966149348,6.599274675122328e-08,https://openalex.org/W2151534933
2896,0,15,0,1,0.1283377966149348,6.599274675122328e-08,https://openalex.org/W2318247584
2897,0,15,0,1,0.1283377966149348,6.599274675122328e-08,https://openalex.org/W2347022106
2898,0,15,0,1,0.1283377966149348,6.599274675122328e-08,https://openalex.org/W2400837116
2899,0,15,0,1,0.1283377966149348,6.599274675122328e-08,https://openalex.org/W2529268806
2900,0,15,0,1,0.1283377966149348,6.599274675122328e-08,https://openalex.org/W2792057175
2901,0,15,0,1,0.1283377966149348,6.599274675122328e-08,https://openalex.org/W2805253242
2902,0,15,0,1,0.1283377966149348,6.599274675122328e-08,https://openalex.org/W3004846313
2903,0,15,0,1,0.1283377966149348,6.599274675122328e-08,https://openalex.org/W3035976364
2904,0,15,0,1,0.1283377966149348,6.599274675122328e-08,https://openalex.org/W3040968806
2905,0,15,0,1,0.1283377966149348,6.599274675122328e-08,https://openalex.org/W3045133335
88,0,11,0,45,0.1637896759159588,9.269208629291403e-05,https://openalex.org/W4360620777
2906,0,11,0,1,0.13929587436544597,1.0304688084861178e-06,https://openalex.org/W1533887339
2907,0,11,0,1,0.13929587436544597,1.0304688084861178e-06,https://openalex.org/W1873063852
2908,0,11,0,1,0.13929587436544597,1.0304688084861178e-06,https://openalex.org/W1967649176
2909,0,11,0,1,0.13929587436544597,1.0304688084861178e-06,https://openalex.org/W1979305378
2910,0,11,0,1,0.13929587436544597,1.0304688084861178e-06,https://openalex.org/W2009503341
2911,0,11,0,1,0.13929587436544597,1.0304688084861178e-06,https://openalex.org/W2038327547
2913,0,11,0,1,0.13929587436544597,1.0304688084861178e-06,https://openalex.org/W2045180938
2915,0,11,0,1,0.13929587436544597,1.0304688084861178e-06,https://openalex.org/W2066475428
2916,0,11,0,1,0.13929587436544597,1.0304688084861178e-06,https://openalex.org/W2104871900
2918,0,11,0,1,0.13929587436544597,1.0304688084861178e-06,https://openalex.org/W2129094238
2919,0,11,0,2,0.15229995238155575,1.449990330315261e-06,https://openalex.org/W2139104627
2920,0,11,0,1,0.13929587436544597,1.0304688084861178e-06,https://openalex.org/W2171421253
2921,0,11,0,1,0.13929587436544597,1.0304688084861178e-06,https://openalex.org/W2216079545
2922,0,11,0,1,0.13929587436544597,1.0304688084861178e-06,https://openalex.org/W2268258742
2923,0,11,0,1,0.13929587436544597,1.0304688084861178e-06,https://openalex.org/W2318202834
2924,0,11,0,1,0.13929587436544597,1.0304688084861178e-06,https://openalex.org/W2319383337
2926,0,11,0,1,0.13929587436544597,1.0304688084861178e-06,https://openalex.org/W2521971721
2927,0,11,0,1,0.13929587436544597,1.0304688084861178e-06,https://openalex.org/W2560508358
2928,0,11,0,1,0.13929587436544597,1.0304688084861178e-06,https://openalex.org/W2763766763
2929,0,11,0,1,0.13929587436544597,1.0304688084861178e-06,https://openalex.org/W2887056599
2930,0,11,0,1,0.13929587436544597,1.0304688084861178e-06,https://openalex.org/W2943983291
2931,0,11,0,1,0.13929587436544597,1.0304688084861178e-06,https://openalex.org/W3006549594
2932,0,11,0,1,0.13929587436544597,1.0304688084861178e-06,https://openalex.org/W3078133258
2933,0,11,0,1,0.13929587436544597,1.0304688084861178e-06,https://openalex.org/W4239738488
3624,0,11,0,2,0.15229995238155575,1.449990330315261e-06,https://openalex.org/W2139104627
89,0,18,10,63,0.12872950030378513,6.3056110556846154e-06,https://openalex.org/W4281719045
2935,0,18,10,1,0.11309914587453654,7.008303089126136e-08,https://openalex.org/W1979149406
2936,0,18,10,1,0.11309914587453654,7.008303089126136e-08,https://openalex.org/W2000032138
2937,0,18,10,1,0.11309914587453654,7.008303089126136e-08,https://openalex.org/W2010476788
2938,0,18,10,1,0.11309914587453654,7.008303089126136e-08,https://openalex.org/W2012231914
2939,0,18,10,1,0.11309914587453654,7.008303089126136e-08,https://openalex.org/W2014134756
2940,0,18,10,1,0.11309914587453654,7.008303089126136e-08,https://openalex.org/W2021258309
2941,0,18,10,1,0.11309914587453654,7.008303089126136e-08,https://openalex.org/W2033015685
2942,0,18,10,1,0.11309914587453654,7.008303089126136e-08,https://openalex.org/W2054154729
2943,0,18,10,1,0.11309914587453654,7.008303089126136e-08,https://openalex.org/W2064311067
2944,0,18,10,1,0.11309914587453654,7.008303089126136e-08,https://openalex.org/W2081165730
2945,0,18,10,1,0.11309914587453654,7.008303089126136e-08,https://openalex.org/W2105012241
2946,0,18,10,1,0.11309914587453654,7.008303089126136e-08,https://openalex.org/W2132852717
2947,0,18,10,1,0.11309914587453654,7.008303089126136e-08,https://openalex.org/W2149201528
2948,0,18,10,1,0.11309914587453654,7.008303089126136e-08,https://openalex.org/W2158672897
2949,0,18,10,1,0.11309914587453654,7.008303089126136e-08,https://openalex.org/W2225097792
2950,0,18,10,1,0.11309914587453654,7.008303089126136e-08,https://openalex.org/W2303185728
2951,0,18,10,1,0.11309914587453654,7.008303089126136e-08,https://openalex.org/W2409542037
2952,0,18,10,1,0.11309914587453654,7.008303089126136e-08,https://openalex.org/W2410101759
2953,0,18,10,1,0.11309914587453654,7.008303089126136e-08,https://openalex.org/W2489296223
2954,0,18,10,1,0.11309914587453654,7.008303089126136e-08,https://openalex.org/W2494717155
2955,0,18,10,1,0.11309914587453654,7.008303089126136e-08,https://openalex.org/W2559981520
2956,0,18,10,1,0.11309914587453654,7.008303089126136e-08,https://openalex.org/W2560279132
2957,0,18,10,2,0.13601367377412876,0.00023050272662310215,https://openalex.org/W2567289819
2958,0,18,10,1,0.11309914587453654,7.008303089126136e-08,https://openalex.org/W2605474355
2959,0,18,10,1,0.11309914587453654,7.008303089126136e-08,https://openalex.org/W2605634262
2960,0,18,10,1,0.11309914587453654,7.008303089126136e-08,https://openalex.org/W2779886828
2961,0,18,10,1,0.11309914587453654,7.008303089126136e-08,https://openalex.org/W2795810251
2962,0,18,10,1,0.11309914587453654,7.008303089126136e-08,https://openalex.org/W2804122914
2963,0,18,10,1,0.11309914587453654,7.008303089126136e-08,https://openalex.org/W2805773401
2964,0,18,10,1,0.11309914587453654,7.008303089126136e-08,https://openalex.org/W2805976071
2965,0,18,10,1,0.11309914587453654,7.008303089126136e-08,https://openalex.org/W2891820965
2966,0,18,10,1,0.11309914587453654,7.008303089126136e-08,https://openalex.org/W2893132147
2967,0,18,10,1,0.11309914587453654,7.008303089126136e-08,https://openalex.org/W2902284454
2968,0,18,10,1,0.11309914587453654,7.008303089126136e-08,https://openalex.org/W2907925840
2969,0,18,10,1,0.11309914587453654,7.008303089126136e-08,https://openalex.org/W2913549539
2970,0,18,10,1,0.11309914587453654,7.008303089126136e-08,https://openalex.org/W2925767563
2971,0,18,10,1,0.11309914587453654,7.008303089126136e-08,https://openalex.org/W2935761200
2972,0,18,10,1,0.11309914587453654,7.008303089126136e-08,https://openalex.org/W2944627930
2973,0,18,10,1,0.11309914587453654,7.008303089126136e-08,https://openalex.org/W2947975034
2974,0,18,10,1,0.11309914587453654,7.008303089126136e-08,https://openalex.org/W2952033450
2975,0,18,10,1,0.11309914587453654,7.008303089126136e-08,https://openalex.org/W2963220664
2976,0,18,10,1,0.11309914587453654,7.008303089126136e-08,https://openalex.org/W2985001966
2977,0,18,10,1,0.11309914587453654,7.008303089126136e-08,https://openalex.org/W2996286161
2978,0,18,10,1,0.11309914587453654,7.008303089126136e-08,https://openalex.org/W3005110759
2979,0,18,10,1,0.11309914587453654,7.008303089126136e-08,https://openalex.org/W3006018007
2980,0,18,10,1,0.11309914587453654,7.008303089126136e-08,https://openalex.org/W3044087203
2981,0,18,10,1,0.11309914587453654,7.008303089126136e-08,https://openalex.org/W3083898040
2982,0,18,10,1,0.11309914587453654,7.008303089126136e-08,https://openalex.org/W3084220925
2983,0,18,10,1,0.11309914587453654,7.008303089126136e-08,https://openalex.org/W3085881446
2984,0,18,10,1,0.11309914587453654,7.008303089126136e-08,https://openalex.org/W3093522104
2985,0,18,10,1,0.11309914587453654,7.008303089126136e-08,https://openalex.org/W3094124941
2986,0,18,10,1,0.11309914587453654,7.008303089126136e-08,https://openalex.org/W3111767884
2987,0,18,10,1,0.11309914587453654,7.008303089126136e-08,https://openalex.org/W3112900607
2988,0,18,10,1,0.11309914587453654,7.008303089126136e-08,https://openalex.org/W4206488967
2990,0,18,10,1,0.11309914587453654,7.008303089126136e-08,https://openalex.org/W4247268056
2991,0,18,10,1,0.11309914587453654,7.008303089126136e-08,https://openalex.org/W4250338314
2992,0,18,10,1,0.11309914587453654,7.008303089126136e-08,https://openalex.org/W4288079856
2993,0,18,10,1,0.11309914587453654,7.008303089126136e-08,https://openalex.org/W4297028041
2994,0,18,10,1,0.11309914587453654,7.008303089126136e-08,https://openalex.org/W626695971
2995,0,18,10,1,0.11309914587453654,7.008303089126136e-08,https://openalex.org/W77903994
3272,0,18,10,2,0.13601367377412876,0.00023050272662310215,https://openalex.org/W2567289819
90,5,19,18,33,0.009046052631578948,1.015062790379851e-21,https://openalex.org/W4389109305
2996,5,19,18,1,0.0045926113360323885,1.7714276317499645e-22,https://openalex.org/W1503922730
2997,5,19,18,1,0.0045926113360323885,1.7714276317499645e-22,https://openalex.org/W1553700798
2998,5,19,18,1,0.0045926113360323885,1.7714276317499645e-22,https://openalex.org/W1893371726
2999,5,19,18,1,0.0045926113360323885,1.7714276317499645e-22,https://openalex.org/W1913452143
3000,5,19,18,1,0.0045926113360323885,1.7714276317499645e-22,https://openalex.org/W1965464222
3001,5,19,18,1,0.0045926113360323885,1.7714276317499645e-22,https://openalex.org/W1987140504
3002,5,19,18,1,0.0045926113360323885,1.7714276317499645e-22,https://openalex.org/W2003960890
3003,5,19,18,1,0.0045926113360323885,1.7714276317499645e-22,https://openalex.org/W2007669156
3004,5,19,18,1,0.0045926113360323885,1.7714276317499645e-22,https://openalex.org/W2016593370
3005,5,19,18,1,0.0045926113360323885,1.7714276317499645e-22,https://openalex.org/W2027407045
3006,5,19,18,1,0.0045926113360323885,1.7714276317499645e-22,https://openalex.org/W2036786441
3007,5,19,18,1,0.0045926113360323885,1.7714276317499645e-22,https://openalex.org/W2095253588
3008,5,19,18,1,0.0045926113360323885,1.7714276317499645e-22,https://openalex.org/W2118454401
3009,5,19,18,1,0.0045926113360323885,1.7714276317499645e-22,https://openalex.org/W2128714088
3010,5,19,18,1,0.0045926113360323885,1.7714276317499645e-22,https://openalex.org/W2294531310
3011,5,19,18,1,0.0045926113360323885,1.7714276317499645e-22,https://openalex.org/W2316564403
3012,5,19,18,1,0.0045926113360323885,1.7714276317499645e-22,https://openalex.org/W2358457898
3013,5,19,18,1,0.0045926113360323885,1.7714276317499645e-22,https://openalex.org/W2470063987
3014,5,19,18,1,0.0045926113360323885,1.7714276317499645e-22,https://openalex.org/W2517364396
3015,5,19,18,1,0.0045926113360323885,1.7714276317499645e-22,https://openalex.org/W2533955894
3016,5,19,18,1,0.0045926113360323885,1.7714276317499645e-22,https://openalex.org/W2556910453
3017,5,19,18,1,0.0045926113360323885,1.7714276317499645e-22,https://openalex.org/W2756604504
3018,5,19,18,1,0.0045926113360323885,1.7714276317499645e-22,https://openalex.org/W2762618553
3019,5,19,18,1,0.0045926113360323885,1.7714276317499645e-22,https://openalex.org/W2788196642
3020,5,19,18,1,0.0045926113360323885,1.7714276317499645e-22,https://openalex.org/W2793186845
3021,5,19,18,1,0.0045926113360323885,1.7714276317499645e-22,https://openalex.org/W2894951928
3022,5,19,18,1,0.0045926113360323885,1.7714276317499645e-22,https://openalex.org/W2897421359
3023,5,19,18,1,0.0045926113360323885,1.7714276317499645e-22,https://openalex.org/W2923511331
3024,5,19,18,1,0.0045926113360323885,1.7714276317499645e-22,https://openalex.org/W2924182973
3025,5,19,18,1,0.0045926113360323885,1.7714276317499645e-22,https://openalex.org/W2952337682
3026,5,19,18,1,0.0045926113360323885,1.7714276317499645e-22,https://openalex.org/W3022374788
3027,5,19,18,1,0.0045926113360323885,1.7714276317499645e-22,https://openalex.org/W3095280756
3028,5,19,18,1,0.0045926113360323885,1.7714276317499645e-22,https://openalex.org/W314814923
91,0,15,0,60,0.15796604299450248,1.2070768846256905e-05,https://openalex.org/W4221018637
3029,0,15,0,1,0.13506127026877215,1.342717467722136e-07,https://openalex.org/W1493697127
3031,0,15,0,1,0.13506127026877215,1.342717467722136e-07,https://openalex.org/W1964457637
3034,0,15,0,2,0.14396168074295326,3.1076156162394777e-07,https://openalex.org/W1968318340
3035,0,15,0,1,0.13506127026877215,1.342717467722136e-07,https://openalex.org/W196918020
3036,0,15,0,1,0.13506127026877215,1.342717467722136e-07,https://openalex.org/W2019768290
3037,0,15,0,1,0.13506127026877215,1.342717467722136e-07,https://openalex.org/W2036374152
3038,0,15,0,1,0.13506127026877215,1.342717467722136e-07,https://openalex.org/W2041773052
3041,0,15,0,1,0.13506127026877215,1.342717467722136e-07,https://openalex.org/W2054188415
3042,0,15,0,1,0.13506127026877215,1.342717467722136e-07,https://openalex.org/W2058192450
3044,0,15,0,1,0.13506127026877215,1.342717467722136e-07,https://openalex.org/W2067770983
3045,0,15,0,1,0.13506127026877215,1.342717467722136e-07,https://openalex.org/W2072097891
3046,0,15,0,1,0.13506127026877215,1.342717467722136e-07,https://openalex.org/W2084087864
3048,0,15,0,1,0.13506127026877215,1.342717467722136e-07,https://openalex.org/W2136616869
3049,0,15,0,1,0.13506127026877215,1.342717467722136e-07,https://openalex.org/W2150947082
3050,0,15,0,1,0.13506127026877215,1.342717467722136e-07,https://openalex.org/W2191667220
3052,0,15,0,1,0.13506127026877215,1.342717467722136e-07,https://openalex.org/W2517467528
3053,0,15,0,1,0.13506127026877215,1.342717467722136e-07,https://openalex.org/W2520563541
3054,0,15,0,1,0.13506127026877215,1.342717467722136e-07,https://openalex.org/W2595038737
3055,0,15,0,1,0.13506127026877215,1.342717467722136e-07,https://openalex.org/W2607055259
3056,0,15,0,1,0.13506127026877215,1.342717467722136e-07,https://openalex.org/W2608038063
3057,0,15,0,1,0.13506127026877215,1.342717467722136e-07,https://openalex.org/W2625357912
3058,0,15,0,1,0.13506127026877215,1.342717467722136e-07,https://openalex.org/W2751230173
3059,0,15,0,1,0.13506127026877215,1.342717467722136e-07,https://openalex.org/W2886025008
3060,0,15,0,1,0.13506127026877215,1.342717467722136e-07,https://openalex.org/W2913371361
3061,0,15,0,1,0.13506127026877215,1.342717467722136e-07,https://openalex.org/W3007043333
3063,0,15,0,2,0.14740994505638252,4.7628350689974685e-05,https://openalex.org/W3022423927
3064,0,15,0,1,0.13506127026877215,1.342717467722136e-07,https://openalex.org/W4240686008
3065,0,15,0,1,0.13506127026877215,1.342717467722136e-07,https://openalex.org/W824969609
3197,0,15,0,2,0.14396168074295326,3.1076156162394777e-07,https://openalex.org/W1968318340
3451,0,8,0,2,0.14740994505638252,4.7628350689974685e-05,https://openalex.org/W3022423927
92,0,10,7,91,0.12554153315731684,5.358903924349367e-10,https://openalex.org/W4221050125
3066,0,10,7,1,0.11063092403612466,5.9699554316275576e-12,https://openalex.org/W1057886598
3068,0,10,7,1,0.11063092403612466,5.9699554316275576e-12,https://openalex.org/W1517229207
3069,0,10,7,1,0.11063092403612466,5.9699554316275576e-12,https://openalex.org/W1624568164
3070,0,10,7,1,0.11063092403612466,5.9699554316275576e-12,https://openalex.org/W16309552
3071,0,10,7,1,0.11063092403612466,5.9699554316275576e-12,https://openalex.org/W1788708638
3072,0,10,7,1,0.11063092403612466,5.9699554316275576e-12,https://openalex.org/W1809807064
3073,0,10,7,1,0.11063092403612466,5.9699554316275576e-12,https://openalex.org/W1965296421
3074,0,10,7,1,0.11063092403612466,5.9699554316275576e-12,https://openalex.org/W1969203828
3075,0,10,7,1,0.11063092403612466,5.9699554316275576e-12,https://openalex.org/W1970689833
3076,0,10,7,1,0.11063092403612466,5.9699554316275576e-12,https://openalex.org/W1970843826
3077,0,10,7,1,0.11063092403612466,5.9699554316275576e-12,https://openalex.org/W1973141483
3078,0,10,7,1,0.11063092403612466,5.9699554316275576e-12,https://openalex.org/W1975635725
3079,0,10,7,1,0.11063092403612466,5.9699554316275576e-12,https://openalex.org/W1983150389
3080,0,10,7,1,0.11063092403612466,5.9699554316275576e-12,https://openalex.org/W1991502979
3081,0,10,7,1,0.11063092403612466,5.9699554316275576e-12,https://openalex.org/W1998627566
3082,0,10,7,1,0.11063092403612466,5.9699554316275576e-12,https://openalex.org/W1998778493
3083,0,10,7,1,0.11063092403612466,5.9699554316275576e-12,https://openalex.org/W1999268558
3084,0,10,7,1,0.11063092403612466,5.9699554316275576e-12,https://openalex.org/W2012041761
3085,0,10,7,1,0.11063092403612466,5.9699554316275576e-12,https://openalex.org/W2013623290
3086,0,10,7,1,0.11063092403612466,5.9699554316275576e-12,https://openalex.org/W2015686877
3087,0,10,7,1,0.11063092403612466,5.9699554316275576e-12,https://openalex.org/W2022059719
3088,0,10,7,1,0.11063092403612466,5.9699554316275576e-12,https://openalex.org/W2022299663
3089,0,10,7,1,0.11063092403612466,5.9699554316275576e-12,https://openalex.org/W2022413678
3090,0,10,7,1,0.11063092403612466,5.9699554316275576e-12,https://openalex.org/W2026140573
3091,0,10,7,1,0.11063092403612466,5.9699554316275576e-12,https://openalex.org/W2027225330
3092,0,10,7,1,0.11063092403612466,5.9699554316275576e-12,https://openalex.org/W2038682635
3093,0,10,7,1,0.11063092403612466,5.9699554316275576e-12,https://openalex.org/W2041220996
3094,0,10,7,1,0.11063092403612466,5.9699554316275576e-12,https://openalex.org/W2044405167
3095,0,10,7,1,0.11063092403612466,5.9699554316275576e-12,https://openalex.org/W2046006297
3096,0,10,7,1,0.11063092403612466,5.9699554316275576e-12,https://openalex.org/W2050985325
3097,0,10,7,1,0.11063092403612466,5.9699554316275576e-12,https://openalex.org/W2054431730
3098,0,10,7,1,0.11063092403612466,5.9699554316275576e-12,https://openalex.org/W2055300972
3099,0,10,7,1,0.11063092403612466,5.9699554316275576e-12,https://openalex.org/W2055655470
3100,0,10,7,1,0.11063092403612466,5.9699554316275576e-12,https://openalex.org/W2068603644
3101,0,10,7,1,0.11063092403612466,5.9699554316275576e-12,https://openalex.org/W2069971618
3102,0,10,7,1,0.11063092403612466,5.9699554316275576e-12,https://openalex.org/W2070634900
3103,0,10,7,1,0.11063092403612466,5.9699554316275576e-12,https://openalex.org/W2078370746
3104,0,10,7,1,0.11063092403612466,5.9699554316275576e-12,https://openalex.org/W2080120616
3105,0,10,7,1,0.11063092403612466,5.9699554316275576e-12,https://openalex.org/W2086941332
3106,0,10,7,1,0.11063092403612466,5.9699554316275576e-12,https://openalex.org/W2087785133
3108,0,10,7,1,0.11063092403612466,5.9699554316275576e-12,https://openalex.org/W2101338329
3109,0,10,7,1,0.11063092403612466,5.9699554316275576e-12,https://openalex.org/W2101612816
3110,0,10,7,1,0.11063092403612466,5.9699554316275576e-12,https://openalex.org/W2101985111
3111,0,10,7,1,0.11063092403612466,5.9699554316275576e-12,https://openalex.org/W2103599714
3112,0,10,7,1,0.11063092403612466,5.9699554316275576e-12,https://openalex.org/W2111386624
3113,0,10,7,1,0.11063092403612466,5.9699554316275576e-12,https://openalex.org/W2112336557
3114,0,10,7,1,0.11063092403612466,5.9699554316275576e-12,https://openalex.org/W2117891525
3115,0,10,7,1,0.11063092403612466,5.9699554316275576e-12,https://openalex.org/W2121282904
3116,0,10,7,1,0.11063092403612466,5.9699554316275576e-12,https://openalex.org/W2126789885
3117,0,10,7,1,0.11063092403612466,5.9699554316275576e-12,https://openalex.org/W2127434429
3118,0,10,7,1,0.11063092403612466,5.9699554316275576e-12,https://openalex.org/W2131639346
3119,0,10,7,1,0.11063092403612466,5.9699554316275576e-12,https://openalex.org/W2132216351
3120,0,10,7,1,0.11063092403612466,5.9699554316275576e-12,https://openalex.org/W2143038096
3121,0,10,7,1,0.11063092403612466,5.9699554316275576e-12,https://openalex.org/W2146134048
3122,0,10,7,1,0.11063092403612466,5.9699554316275576e-12,https://openalex.org/W2147745468
3123,0,10,7,1,0.11063092403612466,5.9699554316275576e-12,https://openalex.org/W2157033945
3124,0,10,7,1,0.11063092403612466,5.9699554316275576e-12,https://openalex.org/W2163682975
3125,0,10,7,1,0.11063092403612466,5.9699554316275576e-12,https://openalex.org/W2167339704
3126,0,10,7,1,0.11063092403612466,5.9699554316275576e-12,https://openalex.org/W2170488209
3127,0,10,7,1,0.11063092403612466,5.9699554316275576e-12,https://openalex.org/W2198829320
3128,0,10,7,1,0.11063092403612466,5.9699554316275576e-12,https://openalex.org/W2199629696
3129,0,10,7,1,0.11063092403612466,5.9699554316275576e-12,https://openalex.org/W2259886736
3130,0,10,7,1,0.11063092403612466,5.9699554316275576e-12,https://openalex.org/W2259921148
3131,0,10,7,1,0.11063092403612466,5.9699554316275576e-12,https://openalex.org/W2331403782
3132,0,10,7,1,0.11063092403612466,5.9699554316275576e-12,https://openalex.org/W2412072801
3133,0,10,7,1,0.11063092403612466,5.9699554316275576e-12,https://openalex.org/W2515423874
3134,0,10,7,1,0.11063092403612466,5.9699554316275576e-12,https://openalex.org/W2551047011
3135,0,10,7,1,0.11063092403612466,5.9699554316275576e-12,https://openalex.org/W2563020631
3136,0,10,7,1,0.11063092403612466,5.9699554316275576e-12,https://openalex.org/W2564199120
3137,0,10,7,1,0.11063092403612466,5.9699554316275576e-12,https://openalex.org/W2623703952
3138,0,10,7,1,0.11063092403612466,5.9699554316275576e-12,https://openalex.org/W2692863388
3139,0,10,7,1,0.11063092403612466,5.9699554316275576e-12,https://openalex.org/W2764606914
3140,0,10,7,1,0.11063092403612466,5.9699554316275576e-12,https://openalex.org/W2765951996
3141,0,10,7,1,0.11063092403612466,5.9699554316275576e-12,https://openalex.org/W2768337983
3142,0,10,7,1,0.11063092403612466,5.9699554316275576e-12,https://openalex.org/W2776193527
3143,0,10,7,1,0.11063092403612466,5.9699554316275576e-12,https://openalex.org/W2781022301
3144,0,10,7,1,0.11063092403612466,5.9699554316275576e-12,https://openalex.org/W2898831599
3145,0,10,7,1,0.11063092403612466,5.9699554316275576e-12,https://openalex.org/W2909038262
3146,0,10,7,1,0.11063092403612466,5.9699554316275576e-12,https://openalex.org/W2950415685
3147,0,10,7,1,0.11063092403612466,5.9699554316275576e-12,https://openalex.org/W2951973168
3148,0,10,7,1,0.11063092403612466,5.9699554316275576e-12,https://openalex.org/W2979296636
3149,0,10,7,1,0.11063092403612466,5.9699554316275576e-12,https://openalex.org/W3008786884
3150,0,10,7,1,0.11063092403612466,5.9699554316275576e-12,https://openalex.org/W3047789540
3151,0,10,7,1,0.11063092403612466,5.9699554316275576e-12,https://openalex.org/W4211056260
3152,0,10,7,1,0.11063092403612466,5.9699554316275576e-12,https://openalex.org/W4235235940
3153,0,10,7,1,0.11063092403612466,5.9699554316275576e-12,https://openalex.org/W4240726377
3154,0,10,7,1,0.11063092403612466,5.9699554316275576e-12,https://openalex.org/W4368326944
93,6,20,17,35,0.009594298245614035,1.6352787179223193e-21,https://openalex.org/W4387169428
3155,6,20,17,1,0.0048666730231375546,2.7725719084311895e-22,https://openalex.org/W1986829999
3156,6,20,17,1,0.0048666730231375546,2.7725719084311895e-22,https://openalex.org/W1992848799
3157,6,20,17,1,0.0048666730231375546,2.7725719084311895e-22,https://openalex.org/W2032805593
3158,6,20,17,1,0.0048666730231375546,2.7725719084311895e-22,https://openalex.org/W2047102804
3159,6,20,17,1,0.0048666730231375546,2.7725719084311895e-22,https://openalex.org/W2056775433
3160,6,20,17,1,0.0048666730231375546,2.7725719084311895e-22,https://openalex.org/W2062462937
3161,6,20,17,1,0.0048666730231375546,2.7725719084311895e-22,https://openalex.org/W2093833848
3162,6,20,17,1,0.0048666730231375546,2.7725719084311895e-22,https://openalex.org/W2127575305
3163,6,20,17,1,0.0048666730231375546,2.7725719084311895e-22,https://openalex.org/W2138531478
3164,6,20,17,1,0.0048666730231375546,2.7725719084311895e-22,https://openalex.org/W2156949376
3165,6,20,17,1,0.0048666730231375546,2.7725719084311895e-22,https://openalex.org/W2157346346
3166,6,20,17,1,0.0048666730231375546,2.7725719084311895e-22,https://openalex.org/W2472912389
3167,6,20,17,1,0.0048666730231375546,2.7725719084311895e-22,https://openalex.org/W2479148258
3168,6,20,17,1,0.0048666730231375546,2.7725719084311895e-22,https://openalex.org/W2606394545
3169,6,20,17,1,0.0048666730231375546,2.7725719084311895e-22,https://openalex.org/W2729329806
3170,6,20,17,1,0.0048666730231375546,2.7725719084311895e-22,https://openalex.org/W2750929902
3171,6,20,17,1,0.0048666730231375546,2.7725719084311895e-22,https://openalex.org/W2782338282
3172,6,20,17,1,0.0048666730231375546,2.7725719084311895e-22,https://openalex.org/W2791197325
3173,6,20,17,1,0.0048666730231375546,2.7725719084311895e-22,https://openalex.org/W2804588240
3174,6,20,17,1,0.0048666730231375546,2.7725719084311895e-22,https://openalex.org/W2810245044
3175,6,20,17,1,0.0048666730231375546,2.7725719084311895e-22,https://openalex.org/W2888276673
3176,6,20,17,1,0.0048666730231375546,2.7725719084311895e-22,https://openalex.org/W2909678677
3177,6,20,17,1,0.0048666730231375546,2.7725719084311895e-22,https://openalex.org/W2910399608
3178,6,20,17,1,0.0048666730231375546,2.7725719084311895e-22,https://openalex.org/W2912842935
3179,6,20,17,1,0.0048666730231375546,2.7725719084311895e-22,https://openalex.org/W2927349217
3180,6,20,17,1,0.0048666730231375546,2.7725719084311895e-22,https://openalex.org/W2939256659
3181,6,20,17,1,0.0048666730231375546,2.7725719084311895e-22,https://openalex.org/W2947114009
3182,6,20,17,1,0.0048666730231375546,2.7725719084311895e-22,https://openalex.org/W2962950995
3183,6,20,17,1,0.0048666730231375546,2.7725719084311895e-22,https://openalex.org/W2973166933
3184,6,20,17,1,0.0048666730231375546,2.7725719084311895e-22,https://openalex.org/W2973615165
3185,6,20,17,1,0.0048666730231375546,2.7725719084311895e-22,https://openalex.org/W2995267566
3186,6,20,17,1,0.0048666730231375546,2.7725719084311895e-22,https://openalex.org/W3028662706
3187,6,20,17,1,0.0048666730231375546,2.7725719084311895e-22,https://openalex.org/W3041043908
3188,6,20,17,1,0.0048666730231375546,2.7725719084311895e-22,https://openalex.org/W3046092669
3189,6,20,17,1,0.0048666730231375546,2.7725719084311895e-22,https://openalex.org/W3186935720
94,0,15,0,86,0.1676526399705805,1.586577777312107e-05,https://openalex.org/W4283369041
3191,0,15,0,1,0.14208004001818686,1.764898148517342e-07,https://openalex.org/W1510070068
3193,0,15,0,1,0.14208004001818686,1.764898148517342e-07,https://openalex.org/W1837859574
3194,0,15,0,1,0.14208004001818686,1.764898148517342e-07,https://openalex.org/W1907906534
3203,0,15,0,1,0.14208004001818686,1.764898148517342e-07,https://openalex.org/W2111888990
3208,0,15,0,1,0.14208004001818686,1.764898148517342e-07,https://openalex.org/W2136095668
3209,0,15,0,1,0.14208004001818686,1.764898148517342e-07,https://openalex.org/W2137800079
3210,0,15,0,1,0.14208004001818686,1.764898148517342e-07,https://openalex.org/W2148031294
3211,0,15,0,1,0.14208004001818686,1.764898148517342e-07,https://openalex.org/W2160405983
3212,0,15,0,1,0.14208004001818686,1.764898148517342e-07,https://openalex.org/W2162870386
3216,0,15,0,1,0.14208004001818686,1.764898148517342e-07,https://openalex.org/W2522261157
3217,0,15,0,1,0.14208004001818686,1.764898148517342e-07,https://openalex.org/W2546229696
3218,0,15,0,1,0.14208004001818686,1.764898148517342e-07,https://openalex.org/W2641683363
3219,0,15,0,1,0.14208004001818686,1.764898148517342e-07,https://openalex.org/W2783674029
3220,0,15,0,1,0.14208004001818686,1.764898148517342e-07,https://openalex.org/W2787298218
3221,0,15,0,1,0.14208004001818686,1.764898148517342e-07,https://openalex.org/W2793350103
3222,0,15,0,1,0.14208004001818686,1.764898148517342e-07,https://openalex.org/W3092224433
3223,0,15,0,1,0.14208004001818686,1.764898148517342e-07,https://openalex.org/W3107467664
3224,0,15,0,1,0.14208004001818686,1.764898148517342e-07,https://openalex.org/W3117680158
3225,0,15,0,1,0.14208004001818686,1.764898148517342e-07,https://openalex.org/W3159249937
3226,0,15,0,1,0.14208004001818686,1.764898148517342e-07,https://openalex.org/W3174832828
3227,0,15,0,1,0.14208004001818686,1.764898148517342e-07,https://openalex.org/W3190758029
3228,0,15,0,1,0.14208004001818686,1.764898148517342e-07,https://openalex.org/W4200542154
3229,0,15,0,1,0.14208004001818686,1.764898148517342e-07,https://openalex.org/W4280556765
95,0,2,4,24,0.09065109645980549,2.5958332612521912e-11,https://openalex.org/W4378086619
3230,0,2,4,1,0.08261131887297048,2.891145693756661e-13,https://openalex.org/W1571330597
3231,0,2,4,1,0.08261131887297048,2.891145693756661e-13,https://openalex.org/W1963991285
3232,0,2,4,1,0.08261131887297048,2.891145693756661e-13,https://openalex.org/W2002222473
3233,0,2,4,1,0.08261131887297048,2.891145693756661e-13,https://openalex.org/W2020802078
3234,0,2,4,1,0.08261131887297048,2.891145693756661e-13,https://openalex.org/W2042038097
3235,0,2,4,1,0.08261131887297048,2.891145693756661e-13,https://openalex.org/W2090155050
3236,0,2,4,1,0.08261131887297048,2.891145693756661e-13,https://openalex.org/W2114483739
3237,0,2,4,1,0.08261131887297048,2.891145693756661e-13,https://openalex.org/W2117164351
3238,0,2,4,1,0.08261131887297048,2.891145693756661e-13,https://openalex.org/W2139726373
3239,0,2,4,1,0.08261131887297048,2.891145693756661e-13,https://openalex.org/W2141905255
3240,0,2,4,1,0.08261131887297048,2.891145693756661e-13,https://openalex.org/W2146988510
3241,0,2,4,1,0.08261131887297048,2.891145693756661e-13,https://openalex.org/W2156511788
3242,0,2,4,1,0.08261131887297048,2.891145693756661e-13,https://openalex.org/W2164868138
3243,0,2,4,1,0.08261131887297048,2.891145693756661e-13,https://openalex.org/W2269251623
3244,0,2,4,1,0.08261131887297048,2.891145693756661e-13,https://openalex.org/W2396441515
3245,0,2,4,1,0.08261131887297048,2.891145693756661e-13,https://openalex.org/W2427259568
3246,0,2,4,1,0.08261131887297048,2.891145693756661e-13,https://openalex.org/W263483357
3248,0,2,4,1,0.08261131887297048,2.891145693756661e-13,https://openalex.org/W3031051743
3249,0,2,4,1,0.08261131887297048,2.891145693756661e-13,https://openalex.org/W4223611556
3250,0,2,4,1,0.08261131887297048,2.891145693756661e-13,https://openalex.org/W4236779056
3251,0,2,4,1,0.08261131887297048,2.891145693756661e-13,https://openalex.org/W4247173862
3252,0,2,4,1,0.08261131887297048,2.891145693756661e-13,https://openalex.org/W70336234
96,0,8,1,90,0.1567371921001344,0.020734720356580073,https://openalex.org/W4200243991
3253,0,8,1,1,0.13416193107833202,0.0002304326435922109,https://openalex.org/W1504525694
3254,0,8,1,1,0.13416193107833202,0.0002304326435922109,https://openalex.org/W1872318212
3255,0,8,1,1,0.13416193107833202,0.0002304326435922109,https://openalex.org/W1978228174
3257,0,8,1,1,0.13416193107833202,0.0002304326435922109,https://openalex.org/W2021365718
3258,0,8,1,1,0.13416193107833202,0.0002304326435922109,https://openalex.org/W2035183892
3260,0,8,1,1,0.13416193107833202,0.0002304326435922109,https://openalex.org/W2047329680
3261,0,8,1,1,0.13416193107833202,0.0002304326435922109,https://openalex.org/W2073478432
3262,0,8,1,1,0.13416193107833202,0.0002304326435922109,https://openalex.org/W2077450236
3266,0,8,1,1,0.13416193107833202,0.0002304326435922109,https://openalex.org/W2121393654
3267,0,8,1,1,0.13416193107833202,0.0002304326435922109,https://openalex.org/W2145555293
3268,0,8,1,1,0.13416193107833202,0.0002304326435922109,https://openalex.org/W2155243985
3270,0,8,1,1,0.13416193107833202,0.0002304326435922109,https://openalex.org/W2500888266
3276,0,8,1,1,0.13416193107833202,0.0002304326435922109,https://openalex.org/W2788534938
3277,0,8,1,1,0.13416193107833202,0.0002304326435922109,https://openalex.org/W2799983917
3278,0,8,1,1,0.13416193107833202,0.0002304326435922109,https://openalex.org/W2810722237
3280,0,8,1,1,0.13416193107833202,0.0002304326435922109,https://openalex.org/W2883177787
3281,0,8,1,1,0.13416193107833202,0.0002304326435922109,https://openalex.org/W2884339238
3282,0,8,1,1,0.13416193107833202,0.0002304326435922109,https://openalex.org/W2894826312
3286,0,8,1,1,0.13416193107833202,0.0002304326435922109,https://openalex.org/W2962585031
3287,0,8,1,1,0.13416193107833202,0.0002304326435922109,https://openalex.org/W2989682329
3288,0,8,1,80,0.154842136715694,0.0052904733515208606,https://openalex.org/W2991461979
3289,0,8,1,1,0.13416193107833202,0.0002304326435922109,https://openalex.org/W3080775404
3290,0,8,1,2,0.14406002418093233,0.0002779267225354134,https://openalex.org/W3112455394
3291,0,8,1,1,0.13416193107833202,0.0002304326435922109,https://openalex.org/W3128667113
3292,0,8,1,1,0.13416193107833202,0.0002304326435922109,https://openalex.org/W3138115493
3293,0,8,1,1,0.13416193107833202,0.0002304326435922109,https://openalex.org/W3158758591
3294,0,8,1,1,0.13416193107833202,0.0002304326435922109,https://openalex.org/W574252137
3452,0,8,1,2,0.14406002418093233,0.0002779267225354134,https://openalex.org/W3112455394
97,0,21,0,22,0.1282337445664388,9.349892299986138e-09,https://openalex.org/W4226055404
3296,0,21,0,1,0.11271629172480446,1.039283533995235e-10,https://openalex.org/W2118889204
3297,0,21,0,1,0.11271629172480446,1.039283533995235e-10,https://openalex.org/W2756041290
3298,0,21,0,1,0.11271629172480446,1.039283533995235e-10,https://openalex.org/W2793334788
3299,0,21,0,1,0.11271629172480446,1.039283533995235e-10,https://openalex.org/W2900536590
3300,0,21,0,1,0.11271629172480446,1.039283533995235e-10,https://openalex.org/W2904318984
3301,0,21,0,1,0.11271629172480446,1.039283533995235e-10,https://openalex.org/W3017178742
3302,0,21,0,1,0.11271629172480446,1.039283533995235e-10,https://openalex.org/W3019512118
3303,0,21,0,1,0.11271629172480446,1.039283533995235e-10,https://openalex.org/W3022013351
3304,0,21,0,1,0.11271629172480446,1.039283533995235e-10,https://openalex.org/W3025211948
3305,0,21,0,1,0.11271629172480446,1.039283533995235e-10,https://openalex.org/W3033615231
3306,0,21,0,1,0.11271629172480446,1.039283533995235e-10,https://openalex.org/W3041835298
3307,0,21,0,1,0.11271629172480446,1.039283533995235e-10,https://openalex.org/W3046072662
3308,0,21,0,1,0.11271629172480446,1.039283533995235e-10,https://openalex.org/W3091484888
3309,0,21,0,2,0.14841278084662252,4.1962545018254255e-07,https://openalex.org/W3091929931
3310,0,21,0,1,0.11271629172480446,1.039283533995235e-10,https://openalex.org/W3095532263
3311,0,21,0,1,0.11271629172480446,1.039283533995235e-10,https://openalex.org/W3096272784
3312,0,21,0,1,0.11271629172480446,1.039283533995235e-10,https://openalex.org/W3096386307
3313,0,21,0,1,0.11271629172480446,1.039283533995235e-10,https://openalex.org/W3112045096
3314,0,21,0,1,0.11271629172480446,1.039283533995235e-10,https://openalex.org/W3112046458
3315,0,21,0,1,0.11271629172480446,1.039283533995235e-10,https://openalex.org/W3194066091
3316,0,21,0,1,0.11271629172480446,1.039283533995235e-10,https://openalex.org/W4205668978
3655,0,21,0,2,0.14841278084662252,4.1962545018254255e-07,https://openalex.org/W3091929931
98,0,8,1,96,0.16105442752227037,0.007203136581655072,https://openalex.org/W4365452341
3318,0,8,1,1,0.13731258457980258,8.007967380124867e-05,https://openalex.org/W1976770755
3319,0,8,1,1,0.13731258457980258,8.007967380124867e-05,https://openalex.org/W1980699138
3320,0,8,1,1,0.13731258457980258,8.007967380124867e-05,https://openalex.org/W1985326609
3321,0,8,1,1,0.13731258457980258,8.007967380124867e-05,https://openalex.org/W2033115215
3324,0,8,1,1,0.13731258457980258,8.007967380124867e-05,https://openalex.org/W2068842112
3325,0,8,1,1,0.13731258457980258,8.007967380124867e-05,https://openalex.org/W2072415954
3326,0,8,1,1,0.13731258457980258,8.007967380124867e-05,https://openalex.org/W2078965693
3327,0,8,1,1,0.13731258457980258,8.007967380124867e-05,https://openalex.org/W2093274439
3328,0,8,1,1,0.13731258457980258,8.007967380124867e-05,https://openalex.org/W2110448405
3329,0,8,1,1,0.13731258457980258,8.007967380124867e-05,https://openalex.org/W2112870319
3331,0,8,1,1,0.13731258457980258,8.007967380124867e-05,https://openalex.org/W2148540129
3333,0,8,1,1,0.13731258457980258,8.007967380124867e-05,https://openalex.org/W2169451986
3334,0,8,1,1,0.13731258457980258,8.007967380124867e-05,https://openalex.org/W2205773782
3335,0,8,1,1,0.13731258457980258,8.007967380124867e-05,https://openalex.org/W2233782536
3336,0,8,1,1,0.13731258457980258,8.007967380124867e-05,https://openalex.org/W2276809784
3338,0,8,1,1,0.13731258457980258,8.007967380124867e-05,https://openalex.org/W2321202012
3339,0,8,1,1,0.13731258457980258,8.007967380124867e-05,https://openalex.org/W2339747272
3342,0,8,1,1,0.13731258457980258,8.007967380124867e-05,https://openalex.org/W2534656414
3343,0,8,1,1,0.13731258457980258,8.007967380124867e-05,https://openalex.org/W2573851627
3344,0,8,1,1,0.13731258457980258,8.007967380124867e-05,https://openalex.org/W2606713185
3345,0,8,1,1,0.13731258457980258,8.007967380124867e-05,https://openalex.org/W2626457885
3346,0,8,1,1,0.13731258457980258,8.007967380124867e-05,https://openalex.org/W276182885
3347,0,8,1,1,0.13731258457980258,8.007967380124867e-05,https://openalex.org/W2767764270
3348,0,8,1,1,0.13731258457980258,8.007967380124867e-05,https://openalex.org/W2768157720
3349,0,8,1,1,0.13731258457980258,8.007967380124867e-05,https://openalex.org/W2768589836
3350,0,8,1,1,0.13731258457980258,8.007967380124867e-05,https://openalex.org/W2770838391
3351,0,8,1,1,0.13731258457980258,8.007967380124867e-05,https://openalex.org/W2779713897
3352,0,8,1,1,0.13731258457980258,8.007967380124867e-05,https://openalex.org/W2889390844
3354,0,8,1,1,0.13731258457980258,8.007967380124867e-05,https://openalex.org/W2901838796
3356,0,8,1,1,0.13731258457980258,8.007967380124867e-05,https://openalex.org/W2924983935
3357,0,8,1,1,0.13731258457980258,8.007967380124867e-05,https://openalex.org/W2926479909
3358,0,8,1,1,0.13731258457980258,8.007967380124867e-05,https://openalex.org/W2977269025
3359,0,8,1,1,0.13731258457980258,8.007967380124867e-05,https://openalex.org/W3005987891
3360,0,8,1,1,0.13731258457980258,8.007967380124867e-05,https://openalex.org/W3034773021
3361,0,8,1,1,0.13731258457980258,8.007967380124867e-05,https://openalex.org/W3035440658
3362,0,8,1,1,0.13731258457980258,8.007967380124867e-05,https://openalex.org/W3038513886
3363,0,8,1,1,0.13731258457980258,8.007967380124867e-05,https://openalex.org/W3107962433
3364,0,8,1,1,0.13731258457980258,8.007967380124867e-05,https://openalex.org/W3112458229
3365,0,8,1,1,0.13731258457980258,8.007967380124867e-05,https://openalex.org/W3120952101
3366,0,8,1,1,0.13731258457980258,8.007967380124867e-05,https://openalex.org/W3139397134
3367,0,8,1,1,0.13731258457980258,8.007967380124867e-05,https://openalex.org/W3162993738
3368,0,8,1,1,0.13731258457980258,8.007967380124867e-05,https://openalex.org/W3182744572
3369,0,8,1,1,0.13731258457980258,8.007967380124867e-05,https://openalex.org/W3202384160
3370,0,8,1,1,0.13731258457980258,8.007967380124867e-05,https://openalex.org/W3209913186
3371,0,8,1,1,0.13731258457980258,8.007967380124867e-05,https://openalex.org/W4223582104
3372,0,8,1,1,0.13731258457980258,8.007967380124867e-05,https://openalex.org/W4235600110
3373,0,8,1,1,0.13731258457980258,8.007967380124867e-05,https://openalex.org/W4239194331
3375,0,8,1,1,0.13731258457980258,8.007967380124867e-05,https://openalex.org/W4285259258
99,0,15,0,72,0.16507175342926017,9.194786224950753e-06,https://openalex.org/W4211052767
3376,0,15,0,1,0.14022208479830278,1.0228239552974684e-07,https://openalex.org/W1513053840
3377,0,15,0,1,0.14022208479830278,1.0228239552974684e-07,https://openalex.org/W1548058282
3379,0,15,0,1,0.14022208479830278,1.0228239552974684e-07,https://openalex.org/W1973415313
3380,0,15,0,1,0.14022208479830278,1.0228239552974684e-07,https://openalex.org/W1974304387
3381,0,15,0,1,0.14022208479830278,1.0228239552974684e-07,https://openalex.org/W1976213964
3382,0,15,0,1,0.14022208479830278,1.0228239552974684e-07,https://openalex.org/W1985633821
3383,0,15,0,1,0.14022208479830278,1.0228239552974684e-07,https://openalex.org/W2006569063
3384,0,15,0,1,0.14022208479830278,1.0228239552974684e-07,https://openalex.org/W2020551625
3385,0,15,0,1,0.14022208479830278,1.0228239552974684e-07,https://openalex.org/W2021018230
3386,0,15,0,1,0.14022208479830278,1.0228239552974684e-07,https://openalex.org/W2021530870
3387,0,15,0,1,0.14022208479830278,1.0228239552974684e-07,https://openalex.org/W2029756149
3388,0,15,0,1,0.14022208479830278,1.0228239552974684e-07,https://openalex.org/W2031247145
3389,0,15,0,1,0.14022208479830278,1.0228239552974684e-07,https://openalex.org/W2032593994
3390,0,15,0,1,0.14022208479830278,1.0228239552974684e-07,https://openalex.org/W2033083594
3391,0,15,0,1,0.14022208479830278,1.0228239552974684e-07,https://openalex.org/W2038655904
3392,0,15,0,1,0.14022208479830278,1.0228239552974684e-07,https://openalex.org/W2044594882
3394,0,15,0,1,0.14022208479830278,1.0228239552974684e-07,https://openalex.org/W2045399603
3395,0,15,0,1,0.14022208479830278,1.0228239552974684e-07,https://openalex.org/W2049813862
3396,0,15,0,1,0.14022208479830278,1.0228239552974684e-07,https://openalex.org/W2053425713
3397,0,15,0,1,0.14022208479830278,1.0228239552974684e-07,https://openalex.org/W2054430194
3398,0,15,0,1,0.14022208479830278,1.0228239552974684e-07,https://openalex.org/W2060404644
3399,0,15,0,1,0.14022208479830278,1.0228239552974684e-07,https://openalex.org/W2060467469
3401,0,15,0,1,0.14022208479830278,1.0228239552974684e-07,https://openalex.org/W2065007674
3402,0,15,0,1,0.14022208479830278,1.0228239552974684e-07,https://openalex.org/W2070908688
3403,0,15,0,1,0.14022208479830278,1.0228239552974684e-07,https://openalex.org/W2070964665
3404,0,15,0,1,0.14022208479830278,1.0228239552974684e-07,https://openalex.org/W2076355871
3405,0,15,0,1,0.14022208479830278,1.0228239552974684e-07,https://openalex.org/W2076896921
3406,0,15,0,1,0.14022208479830278,1.0228239552974684e-07,https://openalex.org/W2080301258
3407,0,15,0,1,0.14022208479830278,1.0228239552974684e-07,https://openalex.org/W2095017107
3408,0,15,0,1,0.14022208479830278,1.0228239552974684e-07,https://openalex.org/W2095082311
3410,0,15,0,1,0.14022208479830278,1.0228239552974684e-07,https://openalex.org/W2120161853
3411,0,15,0,1,0.14022208479830278,1.0228239552974684e-07,https://openalex.org/W2130378535
3412,0,15,0,1,0.14022208479830278,1.0228239552974684e-07,https://openalex.org/W2131372615
3414,0,15,0,1,0.14022208479830278,1.0228239552974684e-07,https://openalex.org/W2132539403
3415,0,15,0,1,0.14022208479830278,1.0228239552974684e-07,https://openalex.org/W2136283090
3416,0,15,0,1,0.14022208479830278,1.0228239552974684e-07,https://openalex.org/W2149090449
3417,0,15,0,1,0.14022208479830278,1.0228239552974684e-07,https://openalex.org/W2157815126
3418,0,15,0,1,0.14022208479830278,1.0228239552974684e-07,https://openalex.org/W2161085301
3419,0,15,0,1,0.14022208479830278,1.0228239552974684e-07,https://openalex.org/W2165127714
3420,0,15,0,1,0.14022208479830278,1.0228239552974684e-07,https://openalex.org/W2166777945
3421,0,15,0,1,0.14022208479830278,1.0228239552974684e-07,https://openalex.org/W2468762494
3422,0,15,0,1,0.14022208479830278,1.0228239552974684e-07,https://openalex.org/W2624300317
3423,0,15,0,1,0.14022208479830278,1.0228239552974684e-07,https://openalex.org/W2782672955
3424,0,15,0,1,0.14022208479830278,1.0228239552974684e-07,https://openalex.org/W2884093496
3425,0,15,0,1,0.14022208479830278,1.0228239552974684e-07,https://openalex.org/W3010647430
3426,0,15,0,1,0.14022208479830278,1.0228239552974684e-07,https://openalex.org/W3088637189
3427,0,15,0,1,0.14022208479830278,1.0228239552974684e-07,https://openalex.org/W3124406044
3428,0,15,0,1,0.14022208479830278,1.0228239552974684e-07,https://openalex.org/W4245198606
3430,0,15,0,1,0.14022208479830278,1.0228239552974684e-07,https://openalex.org/W764346744
100,0,8,1,53,0.16140779727344182,0.004272172934853565,https://openalex.org/W4327598178
3431,0,8,1,1,0.13756936639840447,4.749407894320247e-05,https://openalex.org/W1991196338
3432,0,8,1,1,0.13756936639840447,4.749407894320247e-05,https://openalex.org/W2019027659
3434,0,8,1,1,0.13756936639840447,4.749407894320247e-05,https://openalex.org/W2072674802
3435,0,8,1,1,0.13756936639840447,4.749407894320247e-05,https://openalex.org/W2143709617
3437,0,8,1,1,0.13756936639840447,4.749407894320247e-05,https://openalex.org/W2161649330
3438,0,8,1,1,0.13756936639840447,4.749407894320247e-05,https://openalex.org/W2301604999
3440,0,8,1,1,0.13756936639840447,4.749407894320247e-05,https://openalex.org/W2515383246
3441,0,8,1,1,0.13756936639840447,4.749407894320247e-05,https://openalex.org/W2548878303
3443,0,8,1,1,0.13756936639840447,4.749407894320247e-05,https://openalex.org/W2887717200
3444,0,8,1,1,0.13756936639840447,4.749407894320247e-05,https://openalex.org/W2890892407
3445,0,8,1,1,0.13756936639840447,4.749407894320247e-05,https://openalex.org/W2902173239
3446,0,8,1,1,0.13756936639840447,4.749407894320247e-05,https://openalex.org/W2904388137
3447,0,8,1,1,0.13756936639840447,4.749407894320247e-05,https://openalex.org/W2913488604
3449,0,8,1,1,0.13756936639840447,4.749407894320247e-05,https://openalex.org/W2955324337
3450,0,8,1,1,0.13756936639840447,4.749407894320247e-05,https://openalex.org/W2989617484
3453,0,8,1,1,0.13756936639840447,4.749407894320247e-05,https://openalex.org/W4220886784
3455,0,8,1,1,0.13756936639840447,4.749407894320247e-05,https://openalex.org/W4254679495
101,0,0,2,55,0.12589628317141258,1.5136401095354127e-07,https://openalex.org/W4206643945
3456,0,0,2,1,0.11090631831445594,1.683422227057638e-09,https://openalex.org/W1529073897
3457,0,0,2,1,0.11090631831445594,1.683422227057638e-09,https://openalex.org/W1931094051
3458,0,0,2,1,0.11090631831445594,1.683422227057638e-09,https://openalex.org/W1962301850
3460,0,0,2,1,0.11090631831445594,1.683422227057638e-09,https://openalex.org/W1972815642
3461,0,0,2,1,0.11090631831445594,1.683422227057638e-09,https://openalex.org/W1994279947
3462,0,0,2,1,0.11090631831445594,1.683422227057638e-09,https://openalex.org/W1996585067
3463,0,0,2,1,0.11090631831445594,1.683422227057638e-09,https://openalex.org/W2005637604
3464,0,0,2,1,0.11090631831445594,1.683422227057638e-09,https://openalex.org/W2016796239
3465,0,0,2,1,0.11090631831445594,1.683422227057638e-09,https://openalex.org/W2018460800
3466,0,0,2,1,0.11090631831445594,1.683422227057638e-09,https://openalex.org/W2019933476
3467,0,0,2,1,0.11090631831445594,1.683422227057638e-09,https://openalex.org/W2037269084
3468,0,0,2,1,0.11090631831445594,1.683422227057638e-09,https://openalex.org/W2039426677
3469,0,0,2,1,0.11090631831445594,1.683422227057638e-09,https://openalex.org/W2041017216
3470,0,0,2,1,0.11090631831445594,1.683422227057638e-09,https://openalex.org/W2043920660
3472,0,0,2,1,0.11090631831445594,1.683422227057638e-09,https://openalex.org/W2051274386
3473,0,0,2,1,0.11090631831445594,1.683422227057638e-09,https://openalex.org/W2052809072
3474,0,0,2,1,0.11090631831445594,1.683422227057638e-09,https://openalex.org/W2057451933
3475,0,0,2,1,0.11090631831445594,1.683422227057638e-09,https://openalex.org/W2068971408
3476,0,0,2,1,0.11090631831445594,1.683422227057638e-09,https://openalex.org/W2108851244
3477,0,0,2,1,0.11090631831445594,1.683422227057638e-09,https://openalex.org/W2110218280
3478,0,0,2,1,0.11090631831445594,1.683422227057638e-09,https://openalex.org/W2129695575
3479,0,0,2,1,0.11090631831445594,1.683422227057638e-09,https://openalex.org/W2131460081
3480,0,0,2,1,0.11090631831445594,1.683422227057638e-09,https://openalex.org/W2143565172
3481,0,0,2,1,0.11090631831445594,1.683422227057638e-09,https://openalex.org/W2145601941
3482,0,0,2,1,0.11090631831445594,1.683422227057638e-09,https://openalex.org/W2176858626
3483,0,0,2,1,0.11090631831445594,1.683422227057638e-09,https://openalex.org/W2334365377
3484,0,0,2,1,0.11090631831445594,1.683422227057638e-09,https://openalex.org/W2494042831
3485,0,0,2,1,0.11090631831445594,1.683422227057638e-09,https://openalex.org/W2619487249
3486,0,0,2,1,0.11090631831445594,1.683422227057638e-09,https://openalex.org/W2777565875
3487,0,0,2,1,0.11090631831445594,1.683422227057638e-09,https://openalex.org/W2794638558
3488,0,0,2,1,0.11090631831445594,1.683422227057638e-09,https://openalex.org/W2915512655
3489,0,0,2,1,0.11090631831445594,1.683422227057638e-09,https://openalex.org/W2916684541
3490,0,0,2,1,0.11090631831445594,1.683422227057638e-09,https://openalex.org/W2933278625
3491,0,0,2,1,0.11090631831445594,1.683422227057638e-09,https://openalex.org/W2950097271
3492,0,0,2,1,0.11090631831445594,1.683422227057638e-09,https://openalex.org/W2951601789
3493,0,0,2,1,0.11090631831445594,1.683422227057638e-09,https://openalex.org/W2971123505
3494,0,0,2,1,0.11090631831445594,1.683422227057638e-09,https://openalex.org/W3001348963
3495,0,0,2,1,0.11090631831445594,1.683422227057638e-09,https://openalex.org/W3003275820
3496,0,0,2,1,0.11090631831445594,1.683422227057638e-09,https://openalex.org/W3021390040
3497,0,0,2,1,0.11090631831445594,1.683422227057638e-09,https://openalex.org/W3096963725
3498,0,0,2,1,0.11090631831445594,1.683422227057638e-09,https://openalex.org/W3108715068
3499,0,0,2,1,0.11090631831445594,1.683422227057638e-09,https://openalex.org/W3108749782
3500,0,0,2,1,0.11090631831445594,1.683422227057638e-09,https://openalex.org/W4230616807
3501,0,0,2,1,0.11090631831445594,1.683422227057638e-09,https://openalex.org/W4243650441
3502,0,0,2,1,0.11090631831445594,1.683422227057638e-09,https://openalex.org/W4249334270
3504,0,0,2,1,0.11090631831445594,1.683422227057638e-09,https://openalex.org/W4253254106
3505,0,0,2,1,0.11090631831445594,1.683422227057638e-09,https://openalex.org/W632358656
102,7,22,9,68,0.01864035087719298,4.0362145469212666e-19,https://openalex.org/W4391613780
3506,7,22,9,1,0.009389213775178686,4.99096745855817e-20,https://openalex.org/W144336581
3507,7,22,9,1,0.009389213775178686,4.99096745855817e-20,https://openalex.org/W1528251861
3508,7,22,9,1,0.009389213775178686,4.99096745855817e-20,https://openalex.org/W2054926814
3509,7,22,9,1,0.009389213775178686,4.99096745855817e-20,https://openalex.org/W2131977879
3510,7,22,9,1,0.009389213775178686,4.99096745855817e-20,https://openalex.org/W2407976382
3511,7,22,9,1,0.009389213775178686,4.99096745855817e-20,https://openalex.org/W2570812812
3512,7,22,9,1,0.009389213775178686,4.99096745855817e-20,https://openalex.org/W2581723203
3513,7,22,9,1,0.009389213775178686,4.99096745855817e-20,https://openalex.org/W2593915160
3514,7,22,9,1,0.009389213775178686,4.99096745855817e-20,https://openalex.org/W2607155039
3515,7,22,9,1,0.009389213775178686,4.99096745855817e-20,https://openalex.org/W2618569640
3516,7,22,9,1,0.009389213775178686,4.99096745855817e-20,https://openalex.org/W2622037114
3517,7,22,9,1,0.009389213775178686,4.99096745855817e-20,https://openalex.org/W2761032822
3518,7,22,9,1,0.009389213775178686,4.99096745855817e-20,https://openalex.org/W2761193195
3519,7,22,9,1,0.009389213775178686,4.99096745855817e-20,https://openalex.org/W2800822823
3520,7,22,9,1,0.009389213775178686,4.99096745855817e-20,https://openalex.org/W2801680150
3521,7,22,9,1,0.009389213775178686,4.99096745855817e-20,https://openalex.org/W2893105950
3522,7,22,9,1,0.009389213775178686,4.99096745855817e-20,https://openalex.org/W2900939487
3523,7,22,9,1,0.009389213775178686,4.99096745855817e-20,https://openalex.org/W2955273711
3524,7,22,9,1,0.009389213775178686,4.99096745855817e-20,https://openalex.org/W2959327140
3525,7,22,9,1,0.009389213775178686,4.99096745855817e-20,https://openalex.org/W2971729640
3526,7,22,9,1,0.009389213775178686,4.99096745855817e-20,https://openalex.org/W2972056779
3527,7,22,9,1,0.009389213775178686,4.99096745855817e-20,https://openalex.org/W2979906316
3528,7,22,9,1,0.009389213775178686,4.99096745855817e-20,https://openalex.org/W2981287764
3529,7,22,9,1,0.009389213775178686,4.99096745855817e-20,https://openalex.org/W2987399914
3530,7,22,9,1,0.009389213775178686,4.99096745855817e-20,https://openalex.org/W3000603264
3531,7,22,9,1,0.009389213775178686,4.99096745855817e-20,https://openalex.org/W3011268228
3532,7,22,9,1,0.009389213775178686,4.99096745855817e-20,https://openalex.org/W3016058652
3533,7,22,9,1,0.009389213775178686,4.99096745855817e-20,https://openalex.org/W3038004684
3534,7,22,9,1,0.009389213775178686,4.99096745855817e-20,https://openalex.org/W3040322941
3535,7,22,9,1,0.009389213775178686,4.99096745855817e-20,https://openalex.org/W3044724920
3536,7,22,9,1,0.009389213775178686,4.99096745855817e-20,https://openalex.org/W3044792368
3537,7,22,9,1,0.009389213775178686,4.99096745855817e-20,https://openalex.org/W3096252686
3538,7,22,9,1,0.009389213775178686,4.99096745855817e-20,https://openalex.org/W3110021006
3539,7,22,9,1,0.009389213775178686,4.99096745855817e-20,https://openalex.org/W3110921195
3540,7,22,9,1,0.009389213775178686,4.99096745855817e-20,https://openalex.org/W3120151967
3541,7,22,9,1,0.009389213775178686,4.99096745855817e-20,https://openalex.org/W3121443796
3542,7,22,9,1,0.009389213775178686,4.99096745855817e-20,https://openalex.org/W3154458271
3543,7,22,9,1,0.009389213775178686,4.99096745855817e-20,https://openalex.org/W3154733448
3544,7,22,9,1,0.009389213775178686,4.99096745855817e-20,https://openalex.org/W3159419734
3545,7,22,9,1,0.009389213775178686,4.99096745855817e-20,https://openalex.org/W3160335138
3546,7,22,9,1,0.009389213775178686,4.99096745855817e-20,https://openalex.org/W3172572707
3547,7,22,9,1,0.009389213775178686,4.99096745855817e-20,https://openalex.org/W3178738300
3548,7,22,9,1,0.009389213775178686,4.99096745855817e-20,https://openalex.org/W3180264155
3549,7,22,9,1,0.009389213775178686,4.99096745855817e-20,https://openalex.org/W3183470358
3550,7,22,9,1,0.009389213775178686,4.99096745855817e-20,https://openalex.org/W3189259804
3551,7,22,9,1,0.009389213775178686,4.99096745855817e-20,https://openalex.org/W3197170037
3552,7,22,9,1,0.009389213775178686,4.99096745855817e-20,https://openalex.org/W3199611285
3553,7,22,9,1,0.009389213775178686,4.99096745855817e-20,https://openalex.org/W3203438733
3554,7,22,9,1,0.009389213775178686,4.99096745855817e-20,https://openalex.org/W3206012006
3555,7,22,9,1,0.009389213775178686,4.99096745855817e-20,https://openalex.org/W4206487457
3556,7,22,9,1,0.009389213775178686,4.99096745855817e-20,https://openalex.org/W4212985260
3557,7,22,9,1,0.009389213775178686,4.99096745855817e-20,https://openalex.org/W4225368706
3558,7,22,9,1,0.009389213775178686,4.99096745855817e-20,https://openalex.org/W4233718138
3559,7,22,9,1,0.009389213775178686,4.99096745855817e-20,https://openalex.org/W4243526416
3560,7,22,9,1,0.009389213775178686,4.99096745855817e-20,https://openalex.org/W4244491733
3561,7,22,9,1,0.009389213775178686,4.99096745855817e-20,https://openalex.org/W4253314500
3562,7,22,9,1,0.009389213775178686,4.99096745855817e-20,https://openalex.org/W4286214277
3563,7,22,9,1,0.009389213775178686,4.99096745855817e-20,https://openalex.org/W4289456687
3564,7,22,9,1,0.009389213775178686,4.99096745855817e-20,https://openalex.org/W4292202284
3565,7,22,9,1,0.009389213775178686,4.99096745855817e-20,https://openalex.org/W4293030497
3566,7,22,9,1,0.009389213775178686,4.99096745855817e-20,https://openalex.org/W4296792073
3567,7,22,9,1,0.009389213775178686,4.99096745855817e-20,https://openalex.org/W4306958142
3568,7,22,9,1,0.009389213775178686,4.99096745855817e-20,https://openalex.org/W4307635538
3569,7,22,9,1,0.009389213775178686,4.99096745855817e-20,https://openalex.org/W4312097943
3570,7,22,9,1,0.009389213775178686,4.99096745855817e-20,https://openalex.org/W4320731137
3571,7,22,9,1,0.009389213775178686,4.99096745855817e-20,https://openalex.org/W4361274788
3572,7,22,9,1,0.009389213775178686,4.99096745855817e-20,https://openalex.org/W4362637628
3573,7,22,9,1,0.009389213775178686,4.99096745855817e-20,https://openalex.org/W4377565371
103,0,15,0,51,0.16932180767395955,0.002224111283980221,https://openalex.org/W4383710507
3575,0,15,0,1,0.14327701834246365,2.4726759010606065e-05,https://openalex.org/W1597314510
3576,0,15,0,1,0.14327701834246365,2.4726759010606065e-05,https://openalex.org/W1987994933
3578,0,15,0,1,0.14327701834246365,2.4726759010606065e-05,https://openalex.org/W2024993993
3579,0,15,0,1,0.14327701834246365,2.4726759010606065e-05,https://openalex.org/W2029517174
3581,0,15,0,1,0.14327701834246365,2.4726759010606065e-05,https://openalex.org/W2089262464
3582,0,15,0,1,0.14327701834246365,2.4726759010606065e-05,https://openalex.org/W2094710090
3583,0,15,0,1,0.14327701834246365,2.4726759010606065e-05,https://openalex.org/W2095255755
3584,0,15,0,2,0.1565355310255796,2.5146280532435206e-05,https://openalex.org/W2113801465
3585,0,15,0,1,0.14327701834246365,2.4726759010606065e-05,https://openalex.org/W2117053834
3586,0,15,0,1,0.14327701834246365,2.4726759010606065e-05,https://openalex.org/W2464706539
3588,0,15,0,1,0.14327701834246365,2.4726759010606065e-05,https://openalex.org/W2612259620
3591,0,15,0,2,0.1565355310255796,2.5146280532435206e-05,https://openalex.org/W3010431723
3593,0,15,0,2,0.1565355310255796,2.5146280532435206e-05,https://openalex.org/W3034823677
3594,0,15,0,1,0.14327701834246365,2.4726759010606065e-05,https://openalex.org/W3108650400
3595,0,15,0,2,0.1565355310255796,2.5146280532435206e-05,https://openalex.org/W3159206904
3596,0,15,0,127,0.17922209693852195,0.000132013845500241,https://openalex.org/W3193745980
3597,0,15,0,1,0.14327701834246365,2.4726759010606065e-05,https://openalex.org/W4247527350
3598,0,15,0,1,0.14327701834246365,2.4726759010606065e-05,https://openalex.org/W4285493738
3599,0,15,0,1,0.14327701834246365,2.4726759010606065e-05,https://openalex.org/W615644768
3620,0,15,0,2,0.1565355310255796,2.5146280532435206e-05,https://openalex.org/W2113801465
3650,0,15,0,2,0.1565355310255796,2.5146280532435206e-05,https://openalex.org/W3010431723
3654,0,15,0,2,0.1565355310255796,2.5146280532435206e-05,https://openalex.org/W3034823677
3658,0,15,0,2,0.1565355310255796,2.5146280532435206e-05,https://openalex.org/W3159206904
3660,0,15,0,127,0.17922209693852195,0.000132013845500241,https://openalex.org/W3193745980
104,0,15,0,116,0.17612861976419336,3.774520616798408e-05,https://openalex.org/W4309495336
3600,0,15,0,1,0.14812090330421954,4.1952152182914303e-07,https://openalex.org/W1485761988
3601,0,15,0,1,0.14812090330421954,4.1952152182914303e-07,https://openalex.org/W1584233812
3604,0,15,0,1,0.14812090330421954,4.1952152182914303e-07,https://openalex.org/W1968859206
3605,0,15,0,1,0.14812090330421954,4.1952152182914303e-07,https://openalex.org/W1974642095
3606,0,15,0,1,0.14812090330421954,4.1952152182914303e-07,https://openalex.org/W1992426791
3609,0,15,0,1,0.14812090330421954,4.1952152182914303e-07,https://openalex.org/W2028047570
3612,0,15,0,1,0.14812090330421954,4.1952152182914303e-07,https://openalex.org/W2064009032
3613,0,15,0,1,0.14812090330421954,4.1952152182914303e-07,https://openalex.org/W2080703676
3614,0,15,0,1,0.14812090330421954,4.1952152182914303e-07,https://openalex.org/W2085057904
3615,0,15,0,1,0.14812090330421954,4.1952152182914303e-07,https://openalex.org/W2086332783
3616,0,15,0,1,0.14812090330421954,4.1952152182914303e-07,https://openalex.org/W2090476187
3621,0,15,0,1,0.14812090330421954,4.1952152182914303e-07,https://openalex.org/W2122433348
3623,0,15,0,1,0.14812090330421954,4.1952152182914303e-07,https://openalex.org/W2132521998
3626,0,15,0,1,0.14812090330421954,4.1952152182914303e-07,https://openalex.org/W2140453756
3627,0,15,0,1,0.14812090330421954,4.1952152182914303e-07,https://openalex.org/W2156195316
3628,0,15,0,1,0.14812090330421954,4.1952152182914303e-07,https://openalex.org/W2161957066
3630,0,15,0,1,0.14812090330421954,4.1952152182914303e-07,https://openalex.org/W2169578473
3633,0,15,0,1,0.14812090330421954,4.1952152182914303e-07,https://openalex.org/W2394693995
3634,0,15,0,1,0.14812090330421954,4.1952152182914303e-07,https://openalex.org/W2416225000
3636,0,15,0,1,0.14812090330421954,4.1952152182914303e-07,https://openalex.org/W2560449667
3637,0,15,0,105,0.183367341659319,0.0007692402949683225,https://openalex.org/W2725011375
3638,0,15,0,1,0.14812090330421954,4.1952152182914303e-07,https://openalex.org/W2750789564
3640,0,15,0,1,0.14812090330421954,4.1952152182914303e-07,https://openalex.org/W2790378924
3642,0,15,0,1,0.14812090330421954,4.1952152182914303e-07,https://openalex.org/W2888157924
3644,0,15,0,1,0.14812090330421954,4.1952152182914303e-07,https://openalex.org/W2896897493
3645,0,15,0,1,0.14812090330421954,4.1952152182914303e-07,https://openalex.org/W2902806688
3646,0,15,0,1,0.14812090330421954,4.1952152182914303e-07,https://openalex.org/W2905166257
3647,0,15,0,1,0.14812090330421954,4.1952152182914303e-07,https://openalex.org/W2907546616
3648,0,15,0,1,0.14812090330421954,4.1952152182914303e-07,https://openalex.org/W2981067716
3652,0,15,0,1,0.14812090330421954,4.1952152182914303e-07,https://openalex.org/W3019959760
